payment_id,amount_inr,payment_method,card_network,is_promo_applied,account_age_days,past_order_count,past_refund_ratio,orders_in_last_30mins,device_account_count,ip_to_delivery_dist_km,is_payment_fraud,is_refund_abuse,is_high_risk
pay_Zom2867825,252,upi,none,0,49,4,0.134,0,2,0.72,0,1,1
pay_Zom1419610,2059,netbanking,none,0,11,0,0.053,0,1,6.56,0,0,0
pay_Zom5614226,252,card,visa,0,116,13,0.031,0,1,0.75,0,0,0
pay_Zom5108603,252,netbanking,none,1,51,7,0.177,0,1,3.96,0,0,0
pay_Zom4744854,252,upi,none,0,119,16,0.58,1,1,1.61,0,0,0
pay_Zom3341057,252,netbanking,none,0,0,0,0.011,0,1,4.93,0,0,0
pay_Zom2719583,252,upi,none,0,482,84,0.062,0,1,0.21,0,0,0
pay_Zom2458591,252,upi,none,0,22,3,0.035,0,1,1.01,0,0,0
pay_Zom8078673,2059,card,visa,1,129,8,0.082,0,1,2.23,0,0,0
pay_Zom1533224,252,card,rupay,1,150,8,0.027,0,1,4.39,0,0,0
pay_Zom1499914,2059,upi,none,0,22,2,0.224,0,1,3.34,0,0,0
pay_Zom2571945,3360,upi,none,0,14,2,0.079,0,1,10.78,0,1,1
pay_Zom4668136,252,upi,none,0,19,1,0.186,1,1,2.87,0,0,0
pay_Zom4903402,3360,upi,none,1,34,1,0.129,0,1,1.26,0,1,1
pay_Zom9478454,2059,upi,none,0,22,3,0.065,0,1,1.99,0,0,0
pay_Zom1445199,2059,upi,none,0,134,10,0.067,1,1,0.27,0,0,0
pay_Zom4335942,252,upi,none,0,65,8,0.005,1,1,0.44,0,0,0
pay_Zom8038374,252,netbanking,none,0,92,13,0.067,0,1,2.55,0,0,0
pay_Zom4698379,252,upi,none,0,5,0,0.223,0,1,13.01,0,0,0
pay_Zom8536477,252,card,amex,0,237,35,0.154,1,6,0.98,0,0,0
pay_Zom5667265,252,netbanking,none,0,22,3,0.157,0,1,5.26,0,0,0
pay_Zom1109031,3360,upi,none,0,53,6,0.062,0,1,1.6,0,0,0
pay_Zom3678638,252,upi,none,1,8,0,0.114,0,1,0.11,0,0,0
pay_Zom8090293,252,upi,none,0,17,2,0.109,0,1,0.63,0,0,0
pay_Zom6708456,2059,card,rupay,0,131,20,0.053,0,1,3.4,0,0,0
pay_Zom5661907,252,upi,none,1,141,10,0.001,0,2,0.91,0,1,1
pay_Zom3608513,3360,upi,none,1,135,9,0.133,0,1,6.67,0,0,0
pay_Zom4612365,252,upi,none,0,96,7,0.009,0,1,1.6,0,0,0
pay_Zom6647119,2059,upi,none,0,365,39,0.036,0,1,0.89,0,0,0
pay_Zom2714803,2059,upi,none,0,84,2,0.048,1,2,5.28,0,0,0
pay_Zom2556017,252,netbanking,none,1,71,10,0.287,1,1,0.61,0,1,1
pay_Zom7374122,252,upi,none,1,34,1,0.064,0,1,10.69,0,0,0
pay_Zom2622631,3360,netbanking,none,0,12,0,0.147,1,1,0.95,1,0,1
pay_Zom7022674,252,netbanking,none,0,95,4,0.07,0,1,5.91,0,0,0
pay_Zom6770619,252,upi,none,0,45,5,0.051,0,1,2.55,0,0,0
pay_Zom5437923,252,upi,none,0,89,5,0.216,0,1,4.7,0,0,0
pay_Zom1728977,252,card,mastercard,0,27,2,0.101,0,1,0.52,0,0,0
pay_Zom8707870,252,card,visa,0,218,36,0.333,0,1,0.82,0,1,1
pay_Zom9996414,2059,upi,none,0,972,151,0.045,1,1,0.77,0,0,0
pay_Zom3094235,2059,netbanking,none,0,46,7,0.235,0,2,0.5,0,0,0
pay_Zom7350753,2059,upi,none,0,221,24,0.139,0,1,1.08,0,0,0
pay_Zom2322047,252,upi,none,0,247,39,0.025,0,2,6.41,0,0,0
pay_Zom5918715,252,upi,none,0,664,95,0.052,0,1,4.82,0,0,0
pay_Zom7067228,252,upi,none,0,50,8,0.13,0,1,1.28,0,0,0
pay_Zom4226067,2059,upi,none,1,169,5,0.071,0,1,1.59,0,1,1
pay_Zom2166941,252,upi,none,0,31,0,0.545,0,1,4.64,0,1,1
pay_Zom1768805,252,upi,none,1,117,5,0.213,0,1,6.08,0,0,0
pay_Zom4823498,252,upi,none,0,146,24,0.02,0,1,1.93,0,0,0
pay_Zom5855124,252,card,rupay,1,162,18,0.211,0,1,4.72,0,0,0
pay_Zom2338687,2059,card,rupay,1,27,2,0.201,0,1,2.95,0,0,0
pay_Zom4905582,252,card,visa,0,226,23,0.108,0,1,16.97,0,0,0
pay_Zom2694522,252,upi,none,0,65,9,0.158,0,1,4.11,0,0,0
pay_Zom7377459,3360,upi,none,0,29,4,0.07,0,1,4.69,0,0,0
pay_Zom5663623,2059,upi,none,1,93,12,0.004,0,1,6.48,0,0,0
pay_Zom8606962,252,upi,none,0,238,33,0.184,0,1,0.54,0,0,0
pay_Zom7120868,252,upi,none,0,409,29,0.064,0,2,1.6,0,0,0
pay_Zom3728882,252,card,mastercard,0,165,15,0.086,1,1,2.37,0,0,0
pay_Zom7210606,3360,netbanking,none,1,0,0,0.142,0,1,0.58,1,0,1
pay_Zom6960453,2059,upi,none,0,17,2,0.084,0,1,1.57,0,0,0
pay_Zom4514944,2059,card,rupay,0,9,1,0.163,0,1,4.05,0,0,0
pay_Zom5479144,252,upi,none,0,12,0,0.002,0,1,1.01,0,0,0
pay_Zom2197935,252,upi,none,0,57,1,0.115,1,1,2.3,0,0,0
pay_Zom3871230,3360,card,rupay,0,49,2,0.348,0,2,0.51,0,1,1
pay_Zom9961380,2059,upi,none,0,14,1,0.156,0,1,0.42,0,0,0
pay_Zom5107245,252,upi,none,1,256,27,0.256,0,1,1.6,0,1,1
pay_Zom3741438,252,card,amex,1,114,19,0.049,1,1,4.54,0,0,0
pay_Zom8755439,252,card,amex,1,191,25,0.385,0,1,2.61,0,1,1
pay_Zom7366205,252,card,visa,0,55,3,0.065,0,1,3.46,0,0,0
pay_Zom5528972,252,card,visa,1,63,2,0.192,0,1,1.81,0,0,0
pay_Zom4684531,252,netbanking,none,0,45,7,0.026,0,1,3.09,0,0,0
pay_Zom6440561,252,upi,none,0,69,6,0.048,1,1,2.32,0,0,0
pay_Zom1938483,252,upi,none,1,113,14,0.024,0,1,1.77,0,0,0
pay_Zom4842788,252,upi,none,1,81,8,0.085,0,1,0.09,0,0,0
pay_Zom1538552,2059,upi,none,0,218,8,0.099,0,1,6.53,0,0,0
pay_Zom6292423,2059,upi,none,1,276,8,0.108,0,1,10.65,0,1,1
pay_Zom7730428,2059,upi,none,1,76,6,0.011,0,1,2.64,0,0,0
pay_Zom5491946,3360,upi,none,0,32,2,0.129,0,1,2.07,0,0,0
pay_Zom2110460,2059,upi,none,0,348,44,0.079,1,6,5.06,1,0,1
pay_Zom4539704,3360,netbanking,none,1,159,19,0.066,0,1,0.05,0,0,0
pay_Zom6279418,2059,upi,none,0,122,21,0.015,1,1,0.52,0,0,0
pay_Zom4567281,252,upi,none,0,164,25,0.207,0,1,1.14,0,0,0
pay_Zom9375710,252,card,mastercard,1,9,0,0.249,0,1,0.31,0,0,0
pay_Zom7637601,252,card,mastercard,0,8,0,0.026,2,1,0.16,0,0,0
pay_Zom8698256,2059,upi,none,0,19,2,0.104,1,1,9.78,0,0,0
pay_Zom3396987,2059,upi,none,0,19,0,0.218,0,1,0.71,0,0,0
pay_Zom5443951,252,upi,none,0,65,11,0.173,1,1,3.15,0,0,0
pay_Zom3342608,252,upi,none,1,20,2,0.034,0,1,2.71,0,0,0
pay_Zom5137722,252,upi,none,0,231,38,0.087,0,3,1.18,1,0,1
pay_Zom5408072,252,card,rupay,0,103,18,0.443,0,1,3.65,0,0,0
pay_Zom8187926,3360,upi,none,1,55,6,0.036,0,1,1.38,0,0,0
pay_Zom7700828,2059,upi,none,1,8,0,0.08,0,6,2.14,0,1,1
pay_Zom7073292,2059,upi,none,0,107,11,0.091,1,1,1.68,0,0,0
pay_Zom4679591,252,netbanking,none,1,14,1,0.185,1,1,8.45,0,1,1
pay_Zom3320821,252,netbanking,none,0,163,23,0.128,0,1,9.33,0,0,0
pay_Zom9548432,252,upi,none,0,194,5,0.186,0,3,1.64,0,0,0
pay_Zom9279821,2059,upi,none,0,94,8,0.239,0,1,0.99,0,0,0
pay_Zom2525206,252,upi,none,0,19,3,0.13,0,1,4.67,0,0,0
pay_Zom1790481,252,upi,none,0,185,33,0.143,0,2,1.32,0,0,0
pay_Zom2839607,252,upi,none,0,44,2,0.005,0,1,2.29,0,0,0
pay_Zom3564251,2059,upi,none,0,30,4,0.164,0,1,2.75,0,0,0
pay_Zom3684052,252,upi,none,0,76,3,0.385,1,1,15.18,0,1,1
pay_Zom8082668,252,upi,none,0,307,47,0.108,0,1,1.69,0,0,0
pay_Zom2065818,2059,upi,none,0,42,2,0.057,0,1,1.85,0,0,0
pay_Zom7455324,252,upi,none,0,283,49,0.035,0,1,0.25,0,0,0
pay_Zom7402509,2059,upi,none,0,6,0,0.324,0,2,3.81,0,1,1
pay_Zom8852574,252,upi,none,0,10,0,0.05,0,1,0.74,0,0,0
pay_Zom9877065,252,card,amex,0,143,9,0.231,0,2,3.33,0,0,0
pay_Zom5218028,3360,upi,none,0,25,1,0.015,0,1,0.97,0,0,0
pay_Zom1192619,252,upi,none,0,45,5,0.111,0,1,10.12,0,0,0
pay_Zom2921859,2059,upi,none,1,17,2,0.025,0,1,0.29,0,0,0
pay_Zom5476583,2059,upi,none,1,48,6,0.059,0,1,9.3,0,0,0
pay_Zom6707197,2059,upi,none,1,39,5,0.243,0,1,2.8,0,0,0
pay_Zom2871534,252,upi,none,0,159,23,0.082,0,1,9.68,0,0,0
pay_Zom5924115,252,upi,none,0,145,25,0.125,0,1,2.38,0,0,0
pay_Zom8294150,252,card,mastercard,0,371,52,0.053,0,1,0.16,0,0,0
pay_Zom3653446,252,card,rupay,1,154,8,0.007,1,1,0.77,0,1,1
pay_Zom8612220,252,netbanking,none,0,142,20,0.14,0,1,1.52,0,0,0
pay_Zom1054447,2059,netbanking,none,0,142,10,0.021,0,1,9.71,0,0,0
pay_Zom5418934,252,upi,none,0,257,46,0.174,0,1,4.98,0,0,0
pay_Zom9398441,252,netbanking,none,1,42,3,0.156,0,1,3.22,0,0,0
pay_Zom3997281,252,card,rupay,0,42,2,0.041,0,1,2.03,0,0,0
pay_Zom9517485,3360,upi,none,0,162,9,0.102,0,1,2.07,0,0,0
pay_Zom2785277,252,upi,none,1,31,3,0.03,0,1,3.7,0,0,0
pay_Zom6007072,2059,card,visa,0,291,10,0.076,1,1,4.46,0,0,0
pay_Zom9517169,252,upi,none,0,91,15,0.03,0,1,2.27,0,1,1
pay_Zom4337174,252,card,amex,0,42,2,0.074,1,1,5.6,0,0,0
pay_Zom3564217,252,upi,none,0,179,12,0.048,0,1,2.6,0,0,0
pay_Zom7273233,252,upi,none,0,44,1,0.126,1,2,2.53,0,0,0
pay_Zom3710343,252,upi,none,0,396,23,0.195,0,1,3.66,0,0,0
pay_Zom9897858,252,upi,none,0,488,42,0.033,0,1,5.53,0,0,0
pay_Zom1009594,2059,upi,none,1,131,10,0.16,0,1,3.18,0,0,0
pay_Zom6438436,252,upi,none,0,14,0,0.203,0,1,8.97,0,0,0
pay_Zom9197443,252,upi,none,0,36,0,0.051,1,1,7.32,0,0,0
pay_Zom1326765,252,upi,none,0,86,5,0.182,0,1,5.14,0,0,0
pay_Zom2876828,252,upi,none,1,228,32,0.114,0,1,2.17,0,0,0
pay_Zom7089806,252,card,rupay,0,24,2,0.015,1,1,3.32,0,0,0
pay_Zom6159230,252,card,visa,0,13,0,0.202,0,1,2.47,0,0,0
pay_Zom5017343,252,upi,none,0,9,0,0.058,0,2,0.02,0,1,1
pay_Zom1971823,252,upi,none,0,84,9,0.117,0,1,3.81,0,0,0
pay_Zom5041154,252,upi,none,0,259,17,0.161,0,1,8.65,0,0,0
pay_Zom2321324,2059,netbanking,none,1,5,0,0.105,0,1,2.56,0,0,0
pay_Zom2437026,2059,card,rupay,0,28,4,0.154,0,1,0.65,0,0,0
pay_Zom9153566,252,upi,none,1,141,3,0.033,0,1,2.15,0,0,0
pay_Zom2161193,3360,upi,none,0,209,9,0.06,0,1,0.01,0,0,0
pay_Zom9937326,252,card,amex,1,197,9,0.022,1,2,4.71,0,0,0
pay_Zom3109911,3360,card,rupay,0,184,16,0.005,0,2,3.86,0,0,0
pay_Zom3154051,252,card,rupay,0,16,0,0.007,0,1,3.69,0,0,0
pay_Zom8973915,252,card,mastercard,0,60,5,0.095,1,1,1.99,0,0,0
pay_Zom3770370,252,upi,none,0,501,84,0.307,0,2,1.74,0,1,1
pay_Zom5446912,2059,upi,none,1,539,11,0.208,0,2,1.11,0,0,0
pay_Zom9852897,2059,upi,none,0,110,8,0.066,0,1,8.67,0,0,0
pay_Zom8099076,252,upi,none,0,148,20,0.294,0,1,1.61,0,1,1
pay_Zom4553384,252,upi,none,0,362,16,0.139,1,1,2.83,0,1,1
pay_Zom4374754,252,upi,none,1,71,2,0.092,0,1,2.14,0,0,0
pay_Zom6229731,252,upi,none,0,17,2,0.159,0,1,3.78,0,0,0
pay_Zom7693979,252,upi,none,1,132,2,0.131,0,1,14.01,0,0,0
pay_Zom7264956,252,upi,none,1,386,57,0.148,2,1,3.04,0,0,0
pay_Zom8350099,252,upi,none,1,143,4,0.016,0,1,1.83,0,0,0
pay_Zom9683481,2059,upi,none,0,195,20,0.142,0,1,3.26,0,0,0
pay_Zom8574680,252,card,mastercard,0,65,8,0.0,0,1,0.12,0,0,0
pay_Zom3030113,3360,card,visa,0,12,0,0.176,0,1,8.22,0,0,0
pay_Zom5159166,252,upi,none,1,22,0,0.004,0,1,0.64,0,0,0
pay_Zom4769795,2059,upi,none,1,486,23,0.095,1,1,2.72,0,0,0
pay_Zom2074176,2059,upi,none,0,81,12,0.035,0,3,1.67,0,0,0
pay_Zom6672134,252,card,rupay,1,1,0,0.076,0,3,6.66,1,0,1
pay_Zom1352896,252,upi,none,0,373,19,0.193,0,1,11.52,0,0,0
pay_Zom4860684,2059,upi,none,0,82,11,0.019,0,1,0.22,0,0,0
pay_Zom4694634,2059,card,visa,0,217,28,0.053,0,1,0.81,0,0,0
pay_Zom1120642,252,upi,none,1,95,17,0.199,1,3,6.62,0,0,0
pay_Zom2191066,252,upi,none,1,12,0,0.069,0,1,2.12,0,1,1
pay_Zom1987737,2059,upi,none,1,114,18,0.181,0,1,3.5,0,0,0
pay_Zom4841005,2059,upi,none,1,714,65,0.028,0,1,1.62,0,0,0
pay_Zom2130789,252,upi,none,0,4,0,0.038,0,1,2.67,0,0,0
pay_Zom1527021,252,card,amex,1,221,7,0.024,0,1,1.09,0,0,0
pay_Zom6543670,3360,upi,none,0,32,1,0.083,0,2,3.12,0,0,0
pay_Zom2188789,252,card,visa,1,60,9,0.224,0,1,1.99,0,0,0
pay_Zom9626108,252,upi,none,1,55,8,0.193,0,1,4.0,0,0,0
pay_Zom4993055,2059,upi,none,0,274,18,0.17,1,1,3.28,0,0,0
pay_Zom5672073,2059,upi,none,0,84,9,0.136,0,2,0.5,0,1,1
pay_Zom9143903,2059,upi,none,0,71,5,0.056,0,1,0.74,0,0,0
pay_Zom4594297,252,upi,none,1,204,4,0.015,2,1,0.08,0,0,0
pay_Zom3219824,252,upi,none,0,6,0,0.164,0,1,1.55,0,0,0
pay_Zom8930103,2059,card,rupay,0,10,0,0.012,0,1,1.12,0,0,0
pay_Zom5076817,252,upi,none,1,2,0,0.039,0,1,0.3,0,0,0
pay_Zom8935169,252,upi,none,0,139,8,0.175,0,1,3.97,0,0,0
pay_Zom7829332,3360,upi,none,0,89,3,0.02,0,1,4.41,0,0,0
pay_Zom4194548,252,upi,none,0,250,42,0.036,0,1,3.8,0,0,0
pay_Zom2582524,252,upi,none,0,82,3,0.043,0,1,0.93,0,0,0
pay_Zom2626229,3360,upi,none,1,30,3,0.02,0,1,3.46,0,0,0
pay_Zom8231838,3360,upi,none,0,196,31,0.061,0,1,1.67,0,0,0
pay_Zom6944126,252,upi,none,0,41,1,0.085,0,1,0.04,0,0,0
pay_Zom8106470,2059,card,mastercard,0,329,17,0.033,0,1,12.0,0,0,0
pay_Zom7897151,252,upi,none,0,34,3,0.229,0,1,4.43,0,0,0
pay_Zom8835373,252,upi,none,1,22,2,0.03,0,1,0.95,0,0,0
pay_Zom1908841,2059,card,mastercard,1,81,8,0.065,0,2,1.3,0,1,1
pay_Zom2651177,2059,netbanking,none,0,6,0,0.164,0,1,7.99,0,0,0
pay_Zom2016911,2059,card,visa,0,4,0,0.219,0,1,1.03,0,0,0
pay_Zom7754864,252,upi,none,0,82,2,0.072,0,1,0.34,0,0,0
pay_Zom6692553,2059,card,mastercard,0,29,4,0.087,0,2,6.44,0,1,1
pay_Zom2833230,2059,upi,none,0,1,0,0.054,0,1,4.19,0,0,0
pay_Zom5171761,3360,upi,none,1,42,3,0.054,1,1,2.74,0,0,0
pay_Zom4214348,2059,card,rupay,0,77,2,0.091,0,1,2.83,0,0,0
pay_Zom4191175,2059,upi,none,0,60,5,0.018,0,1,4.07,0,0,0
pay_Zom9997381,252,netbanking,none,0,17,2,0.131,0,1,8.46,0,0,0
pay_Zom8526486,252,card,rupay,0,104,3,0.115,0,1,6.05,0,1,1
pay_Zom3351868,3360,upi,none,1,148,9,0.025,0,1,0.93,0,0,0
pay_Zom8077999,3360,card,amex,0,135,10,0.038,1,1,3.61,0,0,0
pay_Zom4078418,252,upi,none,0,60,2,0.291,0,1,3.89,0,1,1
pay_Zom5673212,252,upi,none,0,17,2,0.021,1,1,6.03,0,0,0
pay_Zom8761611,252,card,mastercard,1,83,12,0.112,1,1,8.47,0,0,0
pay_Zom5191056,252,card,mastercard,0,265,40,0.13,0,1,0.21,0,0,0
pay_Zom2264748,3360,card,amex,1,75,8,0.024,0,1,0.35,0,0,0
pay_Zom8434500,252,card,visa,0,26,2,0.065,0,1,0.35,0,0,0
pay_Zom2642635,252,netbanking,none,1,11,0,0.115,1,1,4.12,0,1,1
pay_Zom1848731,252,card,amex,1,345,43,0.069,1,1,9.22,0,0,0
pay_Zom1247595,252,upi,none,0,163,14,0.354,0,1,3.05,0,1,1
pay_Zom2564689,252,upi,none,1,45,7,0.017,0,2,2.94,0,0,0
pay_Zom4965789,2059,card,mastercard,0,42,7,0.099,0,1,6.41,0,0,0
pay_Zom3790237,2059,upi,none,0,270,44,0.066,0,1,17.02,0,0,0
pay_Zom7818496,252,upi,none,0,23,1,0.278,1,1,9.96,0,0,0
pay_Zom9147706,252,upi,none,0,91,7,0.082,0,1,3.27,0,0,0
pay_Zom9075854,252,card,visa,0,150,23,0.054,0,3,20.96,0,0,0
pay_Zom4586084,2059,card,rupay,1,60,8,0.008,1,1,4.5,0,0,0
pay_Zom7728339,252,upi,none,1,4,0,0.159,0,1,4.22,0,0,0
pay_Zom1983738,252,upi,none,0,31,2,0.005,0,1,0.36,0,0,0
pay_Zom3762152,3360,card,rupay,1,278,42,0.393,0,2,1.23,0,1,1
pay_Zom7358113,252,upi,none,0,88,9,0.089,0,2,3.06,0,0,0
pay_Zom1036161,3360,upi,none,0,202,18,0.196,0,1,4.19,0,0,0
pay_Zom7550190,252,upi,none,1,97,15,0.074,0,1,0.79,0,0,0
pay_Zom5449368,252,upi,none,0,345,28,0.071,0,1,5.79,0,0,0
pay_Zom8633773,2059,upi,none,0,287,35,0.383,0,1,7.3,0,0,0
pay_Zom5785687,2059,upi,none,1,79,7,0.091,3,1,6.68,1,0,1
pay_Zom8096887,2059,upi,none,0,45,5,0.015,1,1,2.7,0,0,0
pay_Zom9164991,252,netbanking,none,0,110,2,0.125,0,1,1.45,0,0,0
pay_Zom3597059,252,upi,none,0,134,12,0.235,0,1,6.46,0,0,0
pay_Zom4185957,252,upi,none,0,82,8,0.091,0,1,4.74,0,0,0
pay_Zom5977931,2059,upi,none,1,207,20,0.159,0,1,0.14,0,0,0
pay_Zom4652414,252,upi,none,0,24,3,0.016,0,1,2.43,0,0,0
pay_Zom1981186,3360,upi,none,0,48,3,0.039,0,2,6.06,0,0,0
pay_Zom2022698,252,upi,none,0,139,22,0.024,0,1,2.95,0,0,0
pay_Zom6261415,252,upi,none,0,33,2,0.166,1,1,1.09,0,0,0
pay_Zom1959074,2059,upi,none,0,69,9,0.156,0,1,0.06,0,0,0
pay_Zom1841248,2059,card,amex,0,398,13,0.103,0,1,0.9,0,0,0
pay_Zom8999183,3360,upi,none,0,117,6,0.286,0,1,3.31,0,1,1
pay_Zom9436429,252,upi,none,0,357,50,0.021,0,1,1.02,0,0,0
pay_Zom9910817,252,card,rupay,0,153,3,0.144,0,1,0.04,0,0,0
pay_Zom3641282,252,upi,none,1,154,26,0.159,0,1,0.25,0,1,1
pay_Zom1954280,3360,card,mastercard,1,107,5,0.11,0,1,1.67,0,0,0
pay_Zom9519948,252,netbanking,none,1,18,2,0.14,0,1,2.19,0,0,0
pay_Zom2344047,252,upi,none,0,88,9,0.347,0,1,4.98,0,1,1
pay_Zom4117625,252,netbanking,none,0,34,3,0.052,0,1,2.73,0,0,0
pay_Zom2149597,252,card,amex,1,794,26,0.152,0,1,5.28,0,0,0
pay_Zom2140194,252,netbanking,none,0,37,2,0.191,0,1,0.57,0,0,0
pay_Zom4946066,252,card,mastercard,0,31,1,0.075,0,1,1.51,0,0,0
pay_Zom7774229,252,upi,none,1,117,12,0.235,0,1,2.55,0,0,0
pay_Zom3011363,2059,card,mastercard,1,85,9,0.003,0,1,0.06,0,0,0
pay_Zom5130808,3360,upi,none,1,2,0,0.046,0,1,11.34,0,0,0
pay_Zom1666754,252,upi,none,1,16,2,0.182,0,1,8.96,0,0,0
pay_Zom2375453,252,upi,none,0,199,18,0.082,0,1,3.82,0,0,0
pay_Zom8033426,2059,upi,none,0,79,4,0.108,0,1,0.84,0,0,0
pay_Zom9770838,252,upi,none,1,18,1,0.052,0,1,0.52,0,0,0
pay_Zom6307805,252,card,visa,0,75,11,0.157,0,1,7.67,0,0,0
pay_Zom5374922,252,netbanking,none,1,35,1,0.002,0,1,1.19,0,0,0
pay_Zom4426900,252,upi,none,0,30,3,0.065,0,1,1.65,0,0,0
pay_Zom6271130,2059,netbanking,none,0,379,8,0.052,0,2,1.76,0,1,1
pay_Zom5004485,252,netbanking,none,1,53,3,0.111,0,1,0.84,0,0,0
pay_Zom5456272,2059,upi,none,0,5,0,0.184,1,1,4.51,0,0,0
pay_Zom7640184,252,upi,none,1,422,39,0.185,0,1,3.0,0,0,0
pay_Zom3195773,252,card,visa,0,190,18,0.089,0,1,7.69,0,0,0
pay_Zom6033115,252,upi,none,1,35,4,0.04,2,1,0.87,0,0,0
pay_Zom8670955,252,card,visa,0,63,3,0.467,0,1,1.45,0,1,1
pay_Zom6304573,2059,card,rupay,0,237,15,0.036,0,1,2.39,0,0,0
pay_Zom2217071,252,upi,none,0,53,6,0.002,0,1,2.24,0,0,0
pay_Zom1156287,252,upi,none,0,100,10,0.001,0,2,13.99,0,0,0
pay_Zom8688755,2059,upi,none,1,91,2,0.171,0,2,3.17,0,0,0
pay_Zom2677407,252,upi,none,0,61,7,0.123,1,1,1.85,0,0,0
pay_Zom2229110,252,upi,none,0,122,14,0.104,0,1,1.18,0,0,0
pay_Zom4576135,252,card,visa,0,76,2,0.304,1,1,3.01,0,0,0
pay_Zom9487336,252,upi,none,0,2,0,0.167,1,2,2.77,0,0,0
pay_Zom5449324,2059,netbanking,none,0,202,20,0.268,0,1,2.48,0,1,1
pay_Zom3222252,252,upi,none,0,14,0,0.105,0,1,10.07,0,0,0
pay_Zom6855396,252,card,mastercard,0,74,8,0.009,0,1,2.46,0,0,0
pay_Zom2154126,252,card,amex,1,104,11,0.132,0,1,0.91,0,0,0
pay_Zom5098412,2059,netbanking,none,0,146,24,0.257,0,1,0.59,0,1,1
pay_Zom7199635,252,card,amex,1,63,8,0.014,1,1,8.41,0,0,0
pay_Zom5781295,252,upi,none,0,159,10,0.132,0,1,21.47,0,0,0
pay_Zom3646552,3360,netbanking,none,0,16,0,0.012,0,1,3.14,0,0,0
pay_Zom8351517,2059,card,mastercard,0,127,19,0.06,0,1,4.55,0,0,0
pay_Zom6075395,2059,upi,none,0,210,32,0.07,1,1,1.91,0,0,0
pay_Zom9874152,252,card,rupay,0,264,12,0.073,0,1,6.93,0,0,0
pay_Zom1131249,252,card,amex,1,103,3,0.062,0,1,1.49,0,0,0
pay_Zom6022741,252,upi,none,0,45,6,0.162,0,6,0.07,0,0,0
pay_Zom2737893,252,upi,none,1,21,2,0.414,0,1,0.14,0,1,1
pay_Zom3253031,252,card,mastercard,0,50,2,0.032,0,1,6.11,0,0,0
pay_Zom5437001,2059,card,mastercard,0,93,11,0.116,1,1,1.91,0,0,0
pay_Zom2936571,252,upi,none,0,26,1,0.064,0,2,12.02,0,0,0
pay_Zom2795765,3360,upi,none,1,365,22,0.114,0,2,1.89,0,1,1
pay_Zom3607983,252,upi,none,0,272,19,0.172,0,1,10.21,0,0,0
pay_Zom5569244,2059,card,mastercard,1,4,0,0.125,0,1,2.23,0,0,0
pay_Zom5727085,252,card,amex,0,99,14,0.167,0,2,4.48,0,0,0
pay_Zom4533779,252,upi,none,0,186,18,0.147,0,1,1.21,0,0,0
pay_Zom6752576,2059,upi,none,0,33,2,0.061,0,1,2.79,0,0,0
pay_Zom4415796,252,upi,none,1,89,14,0.096,0,2,1.38,0,0,0
pay_Zom5428914,252,card,amex,1,62,1,0.14,0,1,3.95,0,0,0
pay_Zom9479356,3360,upi,none,0,26,3,0.004,1,1,0.9,0,0,0
pay_Zom9196204,2059,upi,none,1,114,16,0.078,1,2,1.55,0,1,1
pay_Zom5213115,252,upi,none,0,607,36,0.001,0,1,3.52,0,0,0
pay_Zom1852264,252,upi,none,1,54,2,0.116,0,1,1.27,0,0,0
pay_Zom2548511,252,upi,none,1,96,15,0.021,0,1,1.15,0,1,1
pay_Zom8106422,2059,upi,none,1,47,5,0.031,0,2,1.68,0,1,1
pay_Zom5641923,252,netbanking,none,1,251,6,0.061,0,1,3.4,0,1,1
pay_Zom1739653,252,upi,none,0,239,38,0.113,0,1,1.42,0,0,0
pay_Zom1059486,252,upi,none,0,23,1,0.047,0,1,2.0,0,0,0
pay_Zom6596150,252,netbanking,none,0,276,20,0.144,2,1,0.07,0,0,0
pay_Zom3194789,2059,upi,none,0,19,2,0.591,0,2,4.21,0,1,1
pay_Zom5394880,252,upi,none,0,12,1,0.015,0,1,5.85,0,0,0
pay_Zom3710895,3360,upi,none,0,126,9,0.092,0,1,6.14,0,0,0
pay_Zom8412769,252,card,visa,0,58,2,0.03,0,1,2.79,0,0,0
pay_Zom8175395,252,upi,none,0,90,9,0.178,0,1,1.94,0,0,0
pay_Zom1162230,252,card,visa,0,126,15,0.081,0,1,0.72,0,1,1
pay_Zom2876932,252,upi,none,0,6,0,0.045,0,1,3.73,0,0,0
pay_Zom2262382,3360,upi,none,1,41,3,0.032,0,1,3.01,0,0,0
pay_Zom3500715,2059,card,mastercard,0,74,9,0.098,0,1,1.97,0,0,0
pay_Zom1604451,252,netbanking,none,1,37,1,0.249,0,1,3.34,0,0,0
pay_Zom7194416,2059,upi,none,0,6,0,0.081,0,1,10.8,0,0,0
pay_Zom3484601,252,card,mastercard,0,10,0,0.061,1,1,0.51,0,0,0
pay_Zom8210624,2059,upi,none,0,194,23,0.038,0,1,11.7,0,0,0
pay_Zom3138181,252,upi,none,0,290,48,0.242,0,1,2.96,0,0,0
pay_Zom1701771,252,upi,none,0,19,2,0.076,2,1,6.24,0,0,0
pay_Zom6171716,252,upi,none,0,34,4,0.06,1,2,17.76,0,0,0
pay_Zom7117837,252,upi,none,0,126,16,0.139,0,1,9.23,0,0,0
pay_Zom1669324,252,upi,none,0,370,61,0.016,0,1,1.78,0,0,0
pay_Zom7003042,252,upi,none,1,42,6,0.224,0,1,2.14,0,0,0
pay_Zom4524499,252,upi,none,0,231,27,0.073,0,1,3.26,0,0,0
pay_Zom5186414,252,netbanking,none,0,84,10,0.181,0,1,3.56,0,0,0
pay_Zom2724590,3360,netbanking,none,0,376,16,0.121,0,1,0.91,0,0,0
pay_Zom6933742,252,card,mastercard,0,17,1,0.229,0,1,10.34,0,0,0
pay_Zom7817881,252,upi,none,1,436,29,0.022,0,2,6.16,0,0,0
pay_Zom3592974,2059,upi,none,0,69,6,0.139,0,1,0.49,0,0,0
pay_Zom4971793,2059,card,mastercard,0,366,46,0.154,0,1,16.61,0,0,0
pay_Zom3726327,252,netbanking,none,0,73,3,0.061,0,1,19.36,0,0,0
pay_Zom3970445,252,upi,none,0,90,2,0.194,1,3,1.53,1,0,1
pay_Zom7917152,2059,card,amex,0,196,16,0.081,0,2,6.6,0,0,0
pay_Zom1415846,252,netbanking,none,1,153,10,0.33,0,1,1.06,0,1,1
pay_Zom4009172,3360,card,visa,0,115,10,0.232,0,1,0.61,0,0,0
pay_Zom6573147,2059,upi,none,0,64,10,0.011,0,1,6.74,0,0,0
pay_Zom7907400,252,upi,none,0,188,25,0.01,0,1,2.88,0,0,0
pay_Zom5163555,252,upi,none,0,355,25,0.297,1,1,0.22,0,0,0
pay_Zom5476257,3360,upi,none,0,1,0,0.204,0,1,6.26,1,0,1
pay_Zom3670896,252,upi,none,0,106,12,0.023,0,1,1.69,0,0,0
pay_Zom2813543,252,upi,none,0,241,30,0.07,0,1,0.65,0,0,0
pay_Zom7417985,2059,card,rupay,0,127,12,0.157,0,1,2.62,0,0,0
pay_Zom1649691,2059,upi,none,0,193,10,0.339,0,2,2.22,0,1,1
pay_Zom8896868,3360,upi,none,0,270,6,0.046,0,1,5.69,0,0,0
pay_Zom4731818,3360,upi,none,0,166,10,0.121,0,1,2.28,0,0,0
pay_Zom4348276,2059,card,mastercard,0,151,14,0.28,0,1,3.82,0,1,1
pay_Zom8722606,2059,card,visa,0,401,58,0.177,0,1,1.53,0,0,0
pay_Zom6866294,2059,upi,none,0,239,37,0.057,0,1,0.41,0,0,0
pay_Zom6120253,2059,card,mastercard,1,202,17,0.016,0,2,0.16,0,1,1
pay_Zom4818418,252,upi,none,1,10,1,0.162,0,2,1.35,0,1,1
pay_Zom4740036,252,upi,none,1,32,5,0.064,0,1,3.87,0,0,0
pay_Zom1397023,2059,card,amex,1,97,13,0.039,0,1,0.04,0,0,0
pay_Zom4240180,2059,upi,none,1,148,20,0.056,1,1,1.0,0,0,0
pay_Zom7685149,2059,upi,none,1,43,7,0.345,0,1,0.57,0,0,0
pay_Zom6507321,2059,upi,none,1,11,0,0.054,1,1,2.17,0,0,0
pay_Zom5674183,2059,upi,none,1,44,0,0.306,1,1,4.8,0,1,1
pay_Zom2164686,252,upi,none,0,176,31,0.01,0,1,2.82,0,0,0
pay_Zom5682940,252,card,rupay,0,251,24,0.063,0,1,3.28,0,0,0
pay_Zom6891254,252,upi,none,1,292,42,0.057,0,2,10.23,0,0,0
pay_Zom9546409,252,netbanking,none,0,57,8,0.184,0,3,2.14,0,0,0
pay_Zom7705490,252,upi,none,1,55,4,0.004,0,1,5.89,0,0,0
pay_Zom9996207,2059,upi,none,0,62,6,0.098,0,1,1.47,0,0,0
pay_Zom6555772,252,upi,none,0,56,5,0.038,0,1,3.39,0,0,0
pay_Zom1463060,2059,upi,none,1,131,7,0.062,1,2,5.12,0,1,1
pay_Zom2935113,252,upi,none,1,53,2,0.204,1,1,6.14,0,0,0
pay_Zom5382463,2059,upi,none,0,2,0,0.018,0,1,0.88,0,0,0
pay_Zom3995870,252,upi,none,1,69,2,0.03,0,1,1.03,0,0,0
pay_Zom5453786,252,card,visa,1,30,2,0.424,0,2,1.66,0,1,1
pay_Zom1641849,252,upi,none,0,3,0,0.268,0,1,1.01,0,1,1
pay_Zom2818692,2059,card,visa,0,76,10,0.079,1,2,2.72,0,1,1
pay_Zom8290770,252,card,rupay,0,27,4,0.007,0,1,5.76,0,0,0
pay_Zom6799667,3360,upi,none,0,72,8,0.21,0,1,0.58,0,0,0
pay_Zom6262632,252,upi,none,0,39,3,0.042,1,2,1.83,0,0,0
pay_Zom8321474,252,upi,none,0,111,19,0.088,0,1,4.54,0,0,0
pay_Zom9580255,3360,card,amex,0,563,13,0.008,0,1,4.26,0,0,0
pay_Zom2940214,252,upi,none,1,95,6,0.005,0,1,0.95,0,0,0
pay_Zom7462506,252,upi,none,0,124,8,0.054,0,1,3.78,0,0,0
pay_Zom4188992,252,upi,none,0,302,23,0.01,0,1,11.9,0,0,0
pay_Zom5273534,252,upi,none,0,56,3,0.041,0,2,3.44,0,0,0
pay_Zom1744682,2059,upi,none,1,21,1,0.132,0,1,1.39,0,0,0
pay_Zom8315831,252,card,rupay,1,39,2,0.252,0,1,2.53,0,1,1
pay_Zom1028374,252,upi,none,0,61,6,0.109,0,1,1.44,0,0,0
pay_Zom9722815,252,netbanking,none,1,124,10,0.407,0,1,2.66,0,1,1
pay_Zom4305700,2059,card,visa,1,0,0,0.014,0,1,6.43,1,0,1
pay_Zom7110622,252,upi,none,1,230,23,0.077,0,1,0.5,0,0,0
pay_Zom8235969,252,upi,none,1,9,0,0.085,0,1,1.86,0,0,0
pay_Zom2173965,2059,upi,none,0,277,41,0.116,0,1,3.52,0,0,0
pay_Zom6539837,2059,upi,none,0,358,34,0.051,0,1,2.19,0,0,0
pay_Zom6266630,252,upi,none,0,553,24,0.111,1,1,5.32,0,0,0
pay_Zom3090865,252,netbanking,none,0,198,9,0.159,0,1,0.62,0,0,0
pay_Zom6038571,252,upi,none,0,18,2,0.134,0,2,7.27,0,0,0
pay_Zom9508103,252,upi,none,1,146,19,0.179,0,1,13.4,0,0,0
pay_Zom6188935,252,upi,none,0,27,2,0.012,2,1,1.56,0,0,0
pay_Zom7851696,252,upi,none,1,272,18,0.041,0,3,0.42,0,0,0
pay_Zom6472441,252,card,rupay,0,45,4,0.034,0,1,15.38,0,0,0
pay_Zom7751158,252,upi,none,0,47,5,0.456,0,1,1.51,0,0,0
pay_Zom5960271,3360,upi,none,0,299,48,0.021,0,2,2.37,0,0,0
pay_Zom3135534,2059,upi,none,0,1,0,0.025,0,1,0.97,1,0,1
pay_Zom4218542,252,card,amex,1,25,1,0.049,0,2,0.2,0,1,1
pay_Zom8053918,3360,upi,none,1,65,1,0.098,0,1,0.47,0,0,0
pay_Zom7361002,2059,netbanking,none,0,144,6,0.313,1,1,0.95,0,1,1
pay_Zom3919694,252,upi,none,1,125,15,0.117,0,1,15.45,0,0,0
pay_Zom6049101,252,upi,none,1,132,6,0.263,0,1,5.57,0,1,1
pay_Zom7812810,252,upi,none,0,254,24,0.133,0,1,1.91,0,0,0
pay_Zom1006810,252,upi,none,0,15,1,0.023,1,2,1.35,0,0,0
pay_Zom6098175,2059,upi,none,0,88,6,0.045,1,2,0.54,0,0,0
pay_Zom5813613,252,upi,none,0,155,19,0.016,0,1,2.32,0,0,0
pay_Zom4526280,252,upi,none,1,121,13,0.049,0,1,8.32,0,0,0
pay_Zom8212326,3360,upi,none,0,71,6,0.072,0,1,17.5,1,0,1
pay_Zom6406444,2059,upi,none,0,2,0,0.039,0,1,8.12,0,1,1
pay_Zom8801207,252,upi,none,0,7,0,0.101,1,1,0.24,0,0,0
pay_Zom8411939,3360,card,amex,1,15,1,0.04,1,2,0.6,0,0,0
pay_Zom8418210,3360,upi,none,1,50,7,0.098,2,1,0.53,1,0,1
pay_Zom4585314,3360,upi,none,0,15,2,0.312,0,1,0.62,0,1,1
pay_Zom9576076,252,upi,none,0,66,9,0.138,1,3,0.46,0,0,0
pay_Zom8938746,2059,card,mastercard,0,23,2,0.03,0,1,0.35,0,0,0
pay_Zom3846949,252,card,rupay,1,181,14,0.004,1,1,1.51,0,0,0
pay_Zom2422633,2059,upi,none,0,246,18,0.044,0,1,0.6,0,0,0
pay_Zom5761145,3360,upi,none,1,59,7,0.151,0,1,0.55,0,0,0
pay_Zom9647849,2059,card,rupay,1,85,3,0.283,0,1,2.6,0,1,1
pay_Zom6623525,2059,netbanking,none,0,368,55,0.107,0,3,0.79,0,0,0
pay_Zom2566777,2059,card,visa,0,92,7,0.092,0,1,0.02,0,0,0
pay_Zom4940441,2059,netbanking,none,0,637,76,0.199,0,1,4.17,0,0,0
pay_Zom6207974,252,card,amex,0,18,1,0.14,0,1,1.39,0,0,0
pay_Zom4768844,252,card,rupay,0,237,24,0.157,0,1,4.68,0,0,0
pay_Zom4340845,252,upi,none,0,82,11,0.12,0,1,7.82,0,1,1
pay_Zom3472189,2059,upi,none,0,2,0,0.177,1,1,9.08,0,0,0
pay_Zom1409790,252,upi,none,0,430,25,0.002,0,1,0.68,0,0,0
pay_Zom1775337,252,card,visa,1,402,12,0.062,0,1,3.91,0,0,0
pay_Zom5107776,252,netbanking,none,0,57,8,0.234,0,2,0.27,0,0,0
pay_Zom8971465,252,upi,none,0,369,59,0.028,0,1,2.18,0,0,0
pay_Zom2221854,2059,upi,none,1,18,0,0.033,0,1,1.95,0,0,0
pay_Zom8640615,2059,upi,none,0,136,9,0.04,0,1,0.79,0,0,0
pay_Zom7953166,252,upi,none,1,25,1,0.134,0,1,5.22,0,0,0
pay_Zom4262081,3360,upi,none,1,33,5,0.085,1,1,8.56,0,0,0
pay_Zom7442089,252,upi,none,0,181,9,0.003,0,1,1.04,0,0,0
pay_Zom9294272,252,netbanking,none,0,56,2,0.066,2,1,1.0,0,0,0
pay_Zom7705062,2059,upi,none,0,0,0,0.127,0,1,0.76,1,1,1
pay_Zom5093379,252,upi,none,0,64,8,0.035,0,1,4.06,0,0,0
pay_Zom3475836,252,upi,none,0,31,5,0.22,0,1,0.2,0,0,0
pay_Zom1093026,2059,upi,none,1,137,11,0.121,0,2,0.23,0,0,0
pay_Zom2788238,252,card,mastercard,0,25,1,0.209,0,1,0.67,0,0,0
pay_Zom8132769,252,upi,none,0,221,25,0.042,0,1,2.76,0,0,0
pay_Zom4671545,252,upi,none,1,37,1,0.217,1,1,1.02,0,0,0
pay_Zom3950888,252,upi,none,1,59,1,0.025,1,1,15.28,0,0,0
pay_Zom9689889,252,upi,none,0,42,6,0.187,0,1,1.76,0,0,0
pay_Zom8793853,252,upi,none,0,123,19,0.085,0,1,2.22,0,0,0
pay_Zom1842524,2059,upi,none,0,12,2,0.118,0,1,0.24,0,0,0
pay_Zom5180853,2059,upi,none,1,78,7,0.184,0,1,4.28,0,0,0
pay_Zom3036059,2059,upi,none,0,48,3,0.078,1,1,5.44,0,0,0
pay_Zom8658158,2059,upi,none,1,258,36,0.12,0,1,1.42,0,0,0
pay_Zom3237058,2059,upi,none,0,9,0,0.008,0,1,4.53,0,0,0
pay_Zom8795419,252,upi,none,1,212,12,0.163,0,1,0.9,0,0,0
pay_Zom9910914,252,card,rupay,0,22,1,0.235,1,1,5.6,0,0,0
pay_Zom6323376,252,netbanking,none,1,11,1,0.052,0,1,2.73,0,0,0
pay_Zom8425149,252,upi,none,1,27,3,0.004,0,1,1.77,0,0,0
pay_Zom9468772,252,upi,none,0,12,0,0.188,0,1,4.46,0,0,0
pay_Zom8159521,252,upi,none,1,88,3,0.07,0,1,3.34,0,0,0
pay_Zom8481188,2059,upi,none,1,532,82,0.007,0,1,2.66,0,0,0
pay_Zom3670226,3360,upi,none,1,4,0,0.094,0,1,0.83,1,0,1
pay_Zom8963715,252,card,rupay,0,74,9,0.182,0,2,6.63,0,0,0
pay_Zom8550917,252,card,visa,0,58,2,0.078,0,1,1.98,0,0,0
pay_Zom5348512,252,upi,none,1,49,4,0.051,0,1,2.06,0,1,1
pay_Zom5147994,3360,upi,none,1,48,5,0.035,0,1,0.79,0,0,0
pay_Zom5652512,3360,netbanking,none,0,270,45,0.192,0,1,9.38,0,0,0
pay_Zom9745959,252,upi,none,1,2,0,0.098,0,1,2.83,0,0,0
pay_Zom9130188,2059,upi,none,0,178,18,0.099,0,1,2.17,0,0,0
pay_Zom5013879,252,netbanking,none,1,34,1,0.041,0,1,13.26,0,0,0
pay_Zom5606980,252,card,visa,0,58,5,0.326,0,1,1.59,0,1,1
pay_Zom8379837,252,card,amex,0,65,3,0.022,0,1,0.11,0,0,0
pay_Zom2299954,252,upi,none,0,43,6,0.344,1,1,0.91,0,1,1
pay_Zom5793722,3360,upi,none,0,11,0,0.167,0,1,4.8,0,0,0
pay_Zom4934149,2059,upi,none,0,14,1,0.053,0,1,0.59,0,0,0
pay_Zom5558623,252,upi,none,0,42,3,0.183,1,1,0.59,0,0,0
pay_Zom6634586,2059,upi,none,0,206,32,0.053,1,1,2.13,0,0,0
pay_Zom6363836,3360,card,amex,0,17,2,0.07,0,1,2.11,0,0,0
pay_Zom2351868,3360,card,amex,1,162,4,0.15,0,1,2.16,0,0,0
pay_Zom3321531,252,upi,none,0,40,1,0.335,0,1,0.87,0,0,0
pay_Zom3530518,252,upi,none,0,257,27,0.183,0,6,0.65,1,0,1
pay_Zom4879923,252,upi,none,0,67,5,0.008,0,1,5.13,0,0,0
pay_Zom7426265,252,card,rupay,1,22,1,0.21,0,1,3.24,0,0,0
pay_Zom3563646,252,upi,none,1,510,74,0.103,0,2,1.36,0,1,1
pay_Zom4589533,2059,card,visa,0,23,0,0.011,0,1,0.77,0,0,0
pay_Zom2077581,252,upi,none,1,100,17,0.161,0,1,7.35,0,0,0
pay_Zom7960328,252,upi,none,1,101,2,0.049,0,1,0.51,0,0,0
pay_Zom7838382,252,card,amex,0,55,2,0.07,0,1,3.07,0,0,0
pay_Zom6551268,252,upi,none,1,363,25,0.021,0,3,3.3,0,0,0
pay_Zom8816912,252,upi,none,0,222,22,0.003,0,1,6.8,0,0,0
pay_Zom7975534,252,card,rupay,0,212,11,0.277,0,2,0.2,0,1,1
pay_Zom2044645,252,upi,none,0,438,60,0.06,0,1,1.29,0,0,0
pay_Zom4470105,252,upi,none,0,73,5,0.208,0,1,11.84,0,0,0
pay_Zom8048838,252,upi,none,0,12,0,0.13,0,1,2.94,0,0,0
pay_Zom7534336,2059,upi,none,0,174,27,0.005,0,1,1.89,0,0,0
pay_Zom1327691,252,card,amex,0,57,9,0.414,0,1,1.33,0,1,1
pay_Zom7381734,252,card,mastercard,0,25,2,0.004,0,1,0.57,0,0,0
pay_Zom9002392,252,card,rupay,0,79,11,0.03,0,2,0.73,0,1,1
pay_Zom1098919,3360,upi,none,0,311,12,0.038,0,1,5.29,0,0,0
pay_Zom6901533,252,upi,none,0,22,1,0.341,0,1,0.98,0,1,1
pay_Zom6009888,252,upi,none,1,226,16,0.147,0,1,0.87,1,1,1
pay_Zom7542890,3360,card,amex,0,64,11,0.273,0,1,1.35,0,1,1
pay_Zom8030010,252,upi,none,0,17,1,0.06,0,1,4.94,0,0,0
pay_Zom4700025,2059,card,amex,0,226,4,0.171,0,2,1.91,0,0,0
pay_Zom9191131,252,card,mastercard,0,419,33,0.106,1,1,0.1,0,0,0
pay_Zom4681284,252,upi,none,0,41,0,0.003,0,1,2.52,0,0,0
pay_Zom5579094,252,upi,none,0,43,2,0.028,0,1,1.14,0,0,0
pay_Zom8312114,2059,upi,none,1,59,5,0.107,0,1,2.14,0,0,0
pay_Zom9147720,252,card,mastercard,0,201,14,0.405,0,1,7.52,0,1,1
pay_Zom1486955,3360,upi,none,0,1,0,0.086,1,1,0.77,1,0,1
pay_Zom7523941,252,netbanking,none,0,30,1,0.041,1,1,1.45,0,0,0
pay_Zom6639317,2059,upi,none,1,146,15,0.046,0,6,10.17,0,0,0
pay_Zom7783308,252,netbanking,none,1,62,8,0.018,1,3,5.19,0,0,0
pay_Zom3768991,2059,upi,none,0,48,4,0.02,0,1,1.12,0,0,0
pay_Zom8841505,252,upi,none,0,246,33,0.076,0,1,0.39,0,0,0
pay_Zom3141239,252,card,amex,1,299,13,0.059,1,1,9.51,0,0,0
pay_Zom9961107,252,card,amex,0,354,13,0.001,0,1,0.55,0,0,0
pay_Zom1452421,252,upi,none,0,38,5,0.262,0,1,1.59,0,0,0
pay_Zom7610562,252,card,visa,0,292,21,0.093,1,3,1.41,0,1,1
pay_Zom1454696,252,card,amex,0,160,14,0.193,0,1,0.43,0,0,0
pay_Zom2408404,2059,upi,none,1,20,3,0.011,1,1,0.37,0,0,0
pay_Zom8190929,252,upi,none,1,113,9,0.006,0,2,1.16,0,1,1
pay_Zom3276659,2059,card,amex,1,3,0,0.132,0,1,1.61,0,0,0
pay_Zom8746014,3360,upi,none,0,147,25,0.115,0,1,12.15,0,0,0
pay_Zom4048907,252,upi,none,0,158,3,0.058,0,1,2.69,0,0,0
pay_Zom1843636,2059,card,visa,0,186,23,0.024,1,1,8.39,0,0,0
pay_Zom5364698,2059,upi,none,1,22,1,0.122,0,1,0.48,0,0,0
pay_Zom7360307,252,upi,none,1,118,11,0.052,2,1,0.95,0,0,0
pay_Zom6492066,252,netbanking,none,0,23,2,0.064,1,1,0.62,0,0,0
pay_Zom4551070,252,upi,none,0,351,29,0.046,0,1,1.65,0,0,0
pay_Zom8628588,252,card,visa,0,134,19,0.106,0,1,8.73,0,0,0
pay_Zom6483562,252,card,amex,1,12,2,0.061,0,1,1.22,0,0,0
pay_Zom6662319,252,upi,none,0,24,0,0.068,0,1,3.17,0,0,0
pay_Zom7360682,2059,upi,none,0,130,19,0.174,0,1,8.65,0,0,0
pay_Zom5668371,2059,upi,none,0,77,3,0.094,0,1,2.44,0,0,0
pay_Zom8072684,252,upi,none,0,159,5,0.273,0,2,2.63,0,1,1
pay_Zom5232413,252,card,visa,1,39,6,0.331,0,1,2.81,0,1,1
pay_Zom2374158,252,upi,none,1,128,12,0.147,1,1,1.15,0,1,1
pay_Zom8890439,252,upi,none,1,23,1,0.081,1,1,1.9,1,0,1
pay_Zom1325197,252,upi,none,1,94,10,0.14,0,1,6.58,0,0,0
pay_Zom1873851,2059,upi,none,0,379,23,0.021,0,1,1.79,0,0,0
pay_Zom6871360,252,upi,none,0,118,11,0.012,0,3,1.9,0,1,1
pay_Zom4761823,2059,upi,none,0,6,0,0.255,0,1,0.43,0,1,1
pay_Zom2151225,3360,upi,none,1,538,85,0.103,0,1,2.18,0,0,0
pay_Zom1675419,252,upi,none,0,20,0,0.101,0,1,0.3,0,0,0
pay_Zom1520596,2059,upi,none,0,151,8,0.163,1,1,1.09,0,0,0
pay_Zom5148725,252,upi,none,0,91,3,0.3,0,1,13.6,0,1,1
pay_Zom4344717,252,card,rupay,0,41,1,0.06,0,1,8.24,0,0,0
pay_Zom1341919,252,upi,none,1,23,3,0.485,0,2,3.4,0,1,1
pay_Zom3556551,2059,upi,none,1,23,3,0.195,0,2,4.37,0,1,1
pay_Zom5002120,2059,upi,none,0,234,32,0.017,1,6,0.95,0,0,0
pay_Zom3117636,2059,upi,none,0,247,30,0.03,0,1,0.54,0,0,0
pay_Zom8945036,3360,upi,none,1,75,11,0.039,0,1,2.8,0,0,0
pay_Zom2919136,2059,netbanking,none,1,13,0,0.043,0,1,7.99,0,0,0
pay_Zom4656838,3360,upi,none,0,258,10,0.314,0,1,6.25,0,1,1
pay_Zom8801975,2059,netbanking,none,0,80,5,0.148,0,1,3.11,0,0,0
pay_Zom5299055,2059,upi,none,0,69,10,0.151,0,1,14.63,0,0,0
pay_Zom7189034,252,upi,none,0,62,5,0.052,0,1,1.0,0,0,0
pay_Zom3815034,252,upi,none,1,54,5,0.078,0,1,5.1,0,0,0
pay_Zom2921542,2059,upi,none,0,89,5,0.056,0,6,1.17,0,0,0
pay_Zom3747534,252,upi,none,0,111,13,0.359,0,1,12.83,0,1,1
pay_Zom6218367,252,upi,none,0,75,12,0.245,0,1,1.08,0,0,0
pay_Zom2813596,3360,upi,none,0,272,19,0.278,1,1,1.59,0,1,1
pay_Zom1430812,252,upi,none,0,45,5,0.085,1,1,2.26,0,0,0
pay_Zom6233774,252,upi,none,0,103,7,0.043,0,1,1.36,0,0,0
pay_Zom7296605,2059,upi,none,0,42,6,0.012,0,1,1.13,0,1,1
pay_Zom7654757,2059,upi,none,0,167,16,0.011,0,1,2.23,0,0,0
pay_Zom4327421,252,card,mastercard,0,12,0,0.188,0,1,5.93,0,0,0
pay_Zom2275009,2059,card,rupay,0,25,2,0.006,0,1,5.2,0,0,0
pay_Zom5074336,2059,upi,none,0,193,6,0.245,1,3,2.06,1,0,1
pay_Zom2709620,252,upi,none,0,24,3,0.103,0,6,1.31,0,0,0
pay_Zom6059717,252,upi,none,0,117,20,0.09,1,1,0.49,0,0,0
pay_Zom3030966,2059,card,mastercard,0,421,40,0.088,0,1,7.13,0,0,0
pay_Zom1689025,252,upi,none,1,88,4,0.129,0,1,7.6,0,0,0
pay_Zom6825112,252,card,mastercard,1,24,3,0.16,0,1,0.24,0,0,0
pay_Zom9937982,252,upi,none,0,46,4,0.09,0,2,4.83,0,0,0
pay_Zom8186990,252,upi,none,1,208,12,0.145,0,1,7.54,0,0,0
pay_Zom7217147,252,upi,none,0,52,1,0.028,0,1,4.67,0,0,0
pay_Zom2156902,252,upi,none,0,154,25,0.164,0,1,1.45,0,0,0
pay_Zom9488613,252,card,amex,0,180,26,0.009,0,1,1.96,0,0,0
pay_Zom6724909,252,upi,none,0,83,12,0.126,0,2,1.25,0,0,0
pay_Zom1212267,2059,upi,none,0,183,16,0.005,0,1,2.74,0,0,0
pay_Zom8047416,252,upi,none,0,45,6,0.184,0,1,7.72,0,0,0
pay_Zom9224219,2059,upi,none,1,87,9,0.259,0,1,3.9,0,1,1
pay_Zom2770648,252,upi,none,0,139,11,0.475,0,1,2.15,0,1,1
pay_Zom8273315,2059,upi,none,0,22,3,0.176,0,3,6.89,0,0,0
pay_Zom7076506,252,upi,none,0,38,6,0.027,0,1,0.0,0,0,0
pay_Zom8713146,3360,upi,none,0,126,20,0.17,0,1,1.12,0,0,0
pay_Zom3566765,2059,card,mastercard,1,127,18,0.011,0,1,2.0,0,0,0
pay_Zom8306261,252,upi,none,1,81,11,0.068,0,1,3.14,0,0,0
pay_Zom3955087,2059,upi,none,1,190,23,0.134,1,1,18.99,0,0,0
pay_Zom9753457,252,upi,none,0,78,12,0.014,1,1,3.57,0,0,0
pay_Zom5531230,252,netbanking,none,0,255,25,0.037,0,2,1.68,0,0,0
pay_Zom9111742,252,upi,none,0,159,7,0.095,1,1,4.52,0,0,0
pay_Zom8799287,252,upi,none,0,45,6,0.051,0,1,14.51,0,0,0
pay_Zom8307727,252,netbanking,none,0,60,10,0.277,0,2,3.31,0,1,1
pay_Zom5502929,252,upi,none,1,132,9,0.066,0,1,1.52,0,1,1
pay_Zom6407373,2059,netbanking,none,0,269,39,0.18,0,1,4.01,0,0,0
pay_Zom5118725,252,upi,none,0,23,1,0.07,0,1,2.18,0,0,0
pay_Zom2453962,252,upi,none,1,86,14,0.008,1,1,2.69,0,0,0
pay_Zom5679639,252,card,rupay,1,15,1,0.012,0,3,10.88,0,0,0
pay_Zom8563202,252,card,amex,0,39,4,0.079,1,1,2.01,0,0,0
pay_Zom5091349,252,upi,none,0,138,19,0.165,0,1,1.32,0,0,0
pay_Zom8796514,2059,netbanking,none,0,9,1,0.195,0,6,3.52,0,0,0
pay_Zom7358385,252,upi,none,0,130,21,0.104,1,1,2.94,0,1,1
pay_Zom6643798,252,card,visa,0,277,45,0.047,0,1,1.77,0,0,0
pay_Zom1481506,252,upi,none,0,418,11,0.016,0,2,1.26,0,1,1
pay_Zom9293086,252,upi,none,0,29,1,0.133,0,1,2.61,0,0,0
pay_Zom6452832,2059,netbanking,none,0,165,25,0.075,1,1,0.62,0,0,0
pay_Zom4050766,252,netbanking,none,1,313,53,0.079,0,1,1.09,0,0,0
pay_Zom9179730,252,upi,none,1,11,0,0.149,0,1,6.66,0,0,0
pay_Zom4558780,3360,upi,none,0,64,1,0.049,0,1,8.39,0,0,0
pay_Zom6952975,252,upi,none,1,302,21,0.033,0,1,1.75,0,1,1
pay_Zom5334434,3360,upi,none,0,27,2,0.149,1,1,6.29,0,0,0
pay_Zom6709938,252,upi,none,0,325,46,0.175,0,1,0.38,0,0,0
pay_Zom5691890,2059,upi,none,0,89,2,0.21,1,1,0.85,0,0,0
pay_Zom5635017,252,upi,none,0,12,0,0.046,0,1,3.18,0,0,0
pay_Zom1170307,2059,card,rupay,0,71,11,0.042,1,1,3.97,0,0,0
pay_Zom9667566,252,upi,none,1,47,2,0.086,0,1,1.02,0,0,0
pay_Zom4205394,252,upi,none,0,39,5,0.055,1,1,9.83,0,0,0
pay_Zom2436347,252,upi,none,1,93,7,0.188,0,1,3.42,0,0,0
pay_Zom5049282,2059,upi,none,0,79,9,0.607,0,1,8.9,0,1,1
pay_Zom7818732,2059,upi,none,0,78,2,0.076,0,1,0.39,0,0,0
pay_Zom9196976,2059,upi,none,0,11,0,0.058,0,1,3.06,0,0,0
pay_Zom5031966,252,card,amex,0,194,17,0.1,0,3,1.46,0,1,1
pay_Zom8987516,2059,card,mastercard,0,78,12,0.204,0,1,7.05,0,0,0
pay_Zom9234615,252,card,rupay,0,206,22,0.015,0,1,0.05,0,0,0
pay_Zom8519121,252,netbanking,none,0,208,5,0.186,1,1,5.1,0,0,0
pay_Zom1289293,252,card,mastercard,0,45,6,0.088,1,3,0.63,0,0,0
pay_Zom2561176,2059,card,amex,0,0,0,0.133,0,1,7.73,0,0,0
pay_Zom5936453,252,upi,none,0,290,49,0.206,0,1,2.17,0,0,0
pay_Zom4717770,252,upi,none,0,171,9,0.024,0,1,0.66,0,0,0
pay_Zom7784725,2059,upi,none,1,13,1,0.093,0,1,5.96,0,0,0
pay_Zom5081983,252,upi,none,1,145,4,0.076,0,1,2.45,0,1,1
pay_Zom6137284,252,upi,none,0,2,0,0.065,0,1,0.22,0,0,0
pay_Zom7191135,252,upi,none,0,3,0,0.048,0,1,0.12,0,1,1
pay_Zom8939993,252,card,amex,0,89,7,0.02,0,1,1.02,0,0,0
pay_Zom9907391,252,upi,none,1,12,0,0.19,0,1,4.38,0,1,1
pay_Zom6767292,252,upi,none,0,400,64,0.061,0,1,1.99,0,0,0
pay_Zom8138769,2059,netbanking,none,0,269,39,0.026,1,1,2.62,0,0,0
pay_Zom6549757,252,upi,none,0,125,15,0.111,0,1,0.51,0,0,0
pay_Zom6902401,252,upi,none,0,7,0,0.005,0,1,4.46,0,0,0
pay_Zom8612582,2059,upi,none,1,47,6,0.019,0,3,1.57,1,1,1
pay_Zom5545223,252,card,visa,1,55,2,0.078,0,1,1.43,0,0,0
pay_Zom6144280,252,upi,none,0,78,13,0.086,0,3,3.05,0,0,0
pay_Zom5217853,252,upi,none,1,22,1,0.104,0,1,5.08,0,0,0
pay_Zom4867786,252,upi,none,0,103,12,0.365,0,1,0.09,0,1,1
pay_Zom3024269,252,upi,none,1,68,7,0.115,1,1,0.18,0,0,0
pay_Zom4231028,2059,upi,none,1,353,43,0.085,0,1,0.35,0,0,0
pay_Zom6294016,2059,card,visa,0,330,53,0.342,0,1,6.55,0,1,1
pay_Zom3005795,252,card,rupay,1,100,6,0.011,0,1,6.77,0,0,0
pay_Zom9990305,252,card,visa,0,124,17,0.184,0,1,3.56,0,0,0
pay_Zom4106298,252,card,mastercard,0,17,1,0.16,0,1,0.16,0,0,0
pay_Zom4213524,3360,upi,none,0,30,0,0.072,0,1,4.87,1,0,1
pay_Zom4630331,252,card,mastercard,0,277,23,0.049,0,1,7.08,0,0,0
pay_Zom9123504,252,upi,none,0,144,22,0.002,0,1,8.64,0,0,0
pay_Zom5638893,252,card,visa,0,25,1,0.142,0,1,5.68,0,0,0
pay_Zom9801946,252,upi,none,1,101,9,0.033,2,1,2.08,0,0,0
pay_Zom5747930,2059,upi,none,0,327,32,0.012,0,1,2.15,0,0,0
pay_Zom2686548,252,upi,none,0,50,5,0.17,0,3,2.41,0,0,0
pay_Zom4256752,2059,upi,none,0,24,3,0.551,0,1,2.25,0,0,0
pay_Zom5970190,252,upi,none,0,341,16,0.071,0,1,2.53,0,1,1
pay_Zom4816534,2059,card,visa,0,74,7,0.032,0,1,0.3,0,0,0
pay_Zom7054579,252,upi,none,0,64,5,0.446,0,1,5.9,0,0,0
pay_Zom4010529,252,upi,none,1,37,2,0.166,0,1,0.01,0,0,0
pay_Zom6071208,2059,card,visa,0,266,44,0.116,0,1,0.11,0,0,0
pay_Zom1237370,3360,upi,none,0,224,4,0.044,0,1,0.09,0,0,0
pay_Zom9961299,2059,card,rupay,1,61,2,0.088,0,2,8.06,0,0,0
pay_Zom3123709,252,upi,none,0,3,0,0.235,0,1,18.86,0,0,0
pay_Zom5602180,3360,netbanking,none,0,71,4,0.178,1,1,1.23,0,0,0
pay_Zom1763626,252,upi,none,0,23,3,0.008,0,1,0.47,0,0,0
pay_Zom1914794,3360,upi,none,1,18,2,0.029,0,1,0.07,0,0,0
pay_Zom5901239,252,upi,none,1,59,3,0.047,0,1,8.12,0,0,0
pay_Zom3118618,2059,upi,none,1,12,0,0.314,1,6,1.55,0,1,1
pay_Zom9235577,2059,netbanking,none,0,378,16,0.185,0,1,2.37,0,0,0
pay_Zom2721135,2059,upi,none,0,5,0,0.056,0,1,1.65,0,0,0
pay_Zom1205779,252,upi,none,1,61,3,0.017,0,1,8.32,0,0,0
pay_Zom5770422,252,upi,none,0,21,3,0.113,1,1,6.25,0,0,0
pay_Zom8875173,2059,card,rupay,0,140,20,0.086,0,1,7.93,0,0,0
pay_Zom9031491,252,upi,none,1,9,0,0.258,0,1,1.97,0,1,1
pay_Zom8389840,3360,netbanking,none,0,94,15,0.181,0,1,0.86,0,0,0
pay_Zom6716097,2059,upi,none,0,177,5,0.096,0,3,3.23,0,1,1
pay_Zom4093109,252,upi,none,1,359,44,0.144,0,1,0.83,0,0,0
pay_Zom1861958,2059,upi,none,0,143,6,0.11,0,1,1.38,0,0,0
pay_Zom5235884,252,card,mastercard,0,12,0,0.097,0,1,10.16,0,0,0
pay_Zom9014965,2059,card,rupay,1,11,1,0.037,0,1,7.17,0,0,0
pay_Zom2914064,2059,upi,none,1,157,14,0.013,0,1,2.01,0,0,0
pay_Zom2096280,252,upi,none,0,29,3,0.069,0,1,1.35,0,0,0
pay_Zom7722755,252,card,rupay,0,71,6,0.16,1,1,3.03,0,0,0
pay_Zom9250138,3360,upi,none,1,450,13,0.165,0,6,5.04,0,0,0
pay_Zom2242892,252,upi,none,0,205,28,0.007,0,1,0.76,0,0,0
pay_Zom1899411,252,upi,none,0,224,33,0.014,0,1,8.31,0,0,0
pay_Zom3545556,252,upi,none,0,236,6,0.078,0,1,0.73,0,0,0
pay_Zom3503120,252,upi,none,1,115,9,0.178,0,1,3.3,0,0,0
pay_Zom6097514,252,upi,none,1,163,17,0.021,0,3,2.79,1,0,1
pay_Zom2429098,252,upi,none,0,53,6,0.039,0,1,1.4,0,0,0
pay_Zom5163953,252,card,amex,1,776,87,0.066,0,1,2.88,0,0,0
pay_Zom2987287,2059,upi,none,1,39,5,0.158,0,1,7.42,0,0,0
pay_Zom7982241,252,card,mastercard,0,106,18,0.187,0,1,1.4,0,0,0
pay_Zom4786401,252,upi,none,0,39,3,0.054,1,1,7.58,0,0,0
pay_Zom9767312,252,card,mastercard,0,14,1,0.005,0,1,0.23,0,0,0
pay_Zom7381684,252,upi,none,1,100,13,0.016,0,1,2.67,0,0,0
pay_Zom8558378,252,card,visa,0,52,5,0.079,0,1,1.21,0,0,0
pay_Zom8427625,2059,upi,none,0,105,8,0.174,0,6,9.33,0,0,0
pay_Zom5988757,2059,card,amex,0,98,11,0.04,0,1,0.17,0,0,0
pay_Zom8194570,252,upi,none,0,93,11,0.071,1,2,0.07,0,0,0
pay_Zom6123430,2059,upi,none,1,15,1,0.085,0,1,5.8,0,0,0
pay_Zom2010496,2059,netbanking,none,0,69,3,0.082,0,1,4.71,0,0,0
pay_Zom2664863,252,upi,none,1,200,20,0.145,0,1,0.59,0,0,0
pay_Zom4486102,3360,upi,none,0,45,7,0.001,0,1,9.97,0,0,0
pay_Zom4540415,3360,netbanking,none,0,70,11,0.007,1,1,7.25,0,0,0
pay_Zom5440025,252,upi,none,1,81,11,0.04,1,1,0.97,0,1,1
pay_Zom2362099,252,upi,none,0,238,31,0.146,1,1,4.04,0,0,0
pay_Zom3634980,3360,netbanking,none,0,127,5,0.009,0,1,1.96,0,0,0
pay_Zom5024269,2059,upi,none,1,12,1,0.033,0,1,2.88,0,0,0
pay_Zom3916107,252,card,visa,0,240,9,0.083,0,1,5.48,0,0,0
pay_Zom2259379,2059,upi,none,0,214,32,0.032,0,1,3.49,0,0,0
pay_Zom3626181,2059,card,rupay,0,168,11,0.035,0,1,0.35,0,0,0
pay_Zom1044891,2059,upi,none,0,75,10,0.056,0,1,3.26,0,0,0
pay_Zom7853787,2059,netbanking,none,1,170,25,0.054,0,2,0.72,0,1,1
pay_Zom8558197,2059,upi,none,1,78,12,0.107,0,1,2.07,0,1,1
pay_Zom8883823,252,upi,none,0,160,22,0.031,0,1,1.75,0,0,0
pay_Zom5886520,252,upi,none,1,254,28,0.203,0,3,0.31,1,1,1
pay_Zom1547605,2059,upi,none,1,265,30,0.066,0,1,0.37,0,1,1
pay_Zom4883526,3360,card,mastercard,0,72,5,0.155,0,1,5.42,0,0,0
pay_Zom5833597,252,card,rupay,0,235,11,0.017,0,1,3.0,0,0,0
pay_Zom5743227,252,upi,none,0,12,0,0.052,1,1,12.73,0,0,0
pay_Zom8617381,2059,card,rupay,1,12,0,0.158,0,1,10.59,0,1,1
pay_Zom2194198,252,upi,none,1,95,16,0.054,0,1,0.74,0,0,0
pay_Zom4916201,2059,upi,none,0,126,5,0.008,0,1,6.77,0,0,0
pay_Zom5438490,2059,upi,none,1,19,2,0.167,1,1,1.38,0,0,0
pay_Zom4318855,2059,upi,none,0,76,3,0.239,0,1,0.66,0,0,0
pay_Zom8132648,252,upi,none,0,11,1,0.297,0,2,2.1,0,1,1
pay_Zom2925626,252,card,amex,1,110,8,0.0,0,1,1.18,0,0,0
pay_Zom4771676,252,upi,none,0,231,19,0.267,0,3,2.49,0,1,1
pay_Zom3499627,252,card,amex,0,160,13,0.085,0,1,3.65,0,0,0
pay_Zom5456573,252,upi,none,0,57,8,0.023,0,3,1.26,0,1,1
pay_Zom3386328,252,card,mastercard,0,609,33,0.009,0,3,2.75,1,0,1
pay_Zom2198058,252,upi,none,0,130,19,0.031,1,1,3.44,0,0,0
pay_Zom2000560,252,upi,none,0,202,25,0.057,1,1,3.35,0,0,0
pay_Zom3783722,252,upi,none,1,132,7,0.146,1,1,9.04,0,1,1
pay_Zom6160869,252,card,mastercard,1,545,16,0.01,1,1,3.66,0,0,0
pay_Zom5842082,252,upi,none,0,206,29,0.002,0,1,1.42,0,0,0
pay_Zom8367772,2059,card,amex,0,87,4,0.062,0,1,0.35,0,0,0
pay_Zom3086308,2059,upi,none,1,54,8,0.013,0,1,2.33,0,0,0
pay_Zom8863447,252,card,amex,0,137,5,0.121,1,1,3.0,0,1,1
pay_Zom6101803,2059,upi,none,0,107,12,0.137,0,1,2.84,0,0,0
pay_Zom7752972,252,upi,none,0,119,15,0.141,0,1,2.8,0,0,0
pay_Zom5567533,2059,upi,none,0,50,6,0.432,1,1,1.65,0,0,0
pay_Zom9396529,252,upi,none,0,67,4,0.19,0,1,11.07,0,0,0
pay_Zom9284509,3360,upi,none,0,97,15,0.018,0,1,3.32,0,0,0
pay_Zom8344375,2059,netbanking,none,0,219,31,0.061,0,1,0.88,0,0,0
pay_Zom2349590,2059,netbanking,none,1,172,17,0.011,0,1,0.02,0,0,0
pay_Zom1668752,2059,card,amex,1,15,1,0.081,0,1,2.96,0,0,0
pay_Zom8248238,252,upi,none,0,33,3,0.086,0,1,4.8,0,0,0
pay_Zom6407658,252,upi,none,1,3,0,0.31,0,1,0.41,0,1,1
pay_Zom5200476,2059,upi,none,0,0,0,0.013,0,1,2.2,0,0,0
pay_Zom1433940,252,upi,none,0,30,1,0.056,0,1,12.53,0,0,0
pay_Zom2532210,2059,netbanking,none,1,192,11,0.06,0,3,2.39,1,1,1
pay_Zom4840714,252,upi,none,0,282,49,0.19,0,1,6.72,0,0,0
pay_Zom1348050,252,netbanking,none,0,59,3,0.151,0,1,0.53,0,0,0
pay_Zom5521644,252,upi,none,0,99,17,0.022,0,6,2.11,0,0,0
pay_Zom1674975,252,card,amex,1,146,18,0.36,0,1,1.53,0,1,1
pay_Zom3939212,2059,upi,none,0,366,10,0.147,0,1,0.1,0,0,0
pay_Zom8893693,252,card,mastercard,1,292,21,0.217,0,1,2.58,0,0,0
pay_Zom9706768,252,upi,none,1,7,0,0.053,0,1,1.78,0,1,1
pay_Zom8419378,252,card,mastercard,1,34,5,0.061,0,1,3.31,0,0,0
pay_Zom5666692,252,card,rupay,0,6,0,0.193,0,1,2.77,0,0,0
pay_Zom4044882,2059,upi,none,0,115,8,0.247,0,1,2.11,0,0,0
pay_Zom8312936,252,upi,none,0,148,24,0.097,1,1,0.37,0,0,0
pay_Zom9249789,252,upi,none,0,44,1,0.098,1,1,2.05,0,0,0
pay_Zom2530793,252,upi,none,1,230,24,0.007,0,2,12.4,0,0,0
pay_Zom8885465,2059,upi,none,0,72,7,0.07,0,3,1.12,1,0,1
pay_Zom6837817,252,upi,none,1,771,22,0.181,0,2,1.7,0,0,0
pay_Zom7850944,2059,upi,none,0,0,0,0.131,0,1,6.45,0,0,0
pay_Zom6591986,3360,card,rupay,1,13,1,0.076,0,1,2.57,0,1,1
pay_Zom6386463,252,upi,none,0,43,1,0.01,0,1,0.01,0,0,0
pay_Zom2754894,252,upi,none,0,3,0,0.004,0,2,2.71,0,1,1
pay_Zom3698193,252,card,rupay,1,182,21,0.329,0,1,7.2,0,1,1
pay_Zom6533187,252,card,mastercard,0,6,0,0.078,0,1,4.1,0,0,0
pay_Zom7906258,2059,upi,none,0,165,17,0.032,1,1,4.95,0,0,0
pay_Zom9312590,3360,upi,none,0,6,0,0.262,0,1,0.14,0,1,1
pay_Zom5835492,252,upi,none,0,34,1,0.066,1,2,0.69,0,0,0
pay_Zom7718473,252,card,visa,1,220,13,0.032,0,1,3.08,0,0,0
pay_Zom1615675,252,card,rupay,1,362,31,0.086,0,1,0.58,0,0,0
pay_Zom8630712,2059,upi,none,0,64,10,0.44,0,1,4.91,0,1,1
pay_Zom2477398,252,card,visa,0,420,22,0.169,1,1,0.9,0,0,0
pay_Zom6276722,252,upi,none,0,118,10,0.134,0,1,1.34,0,0,0
pay_Zom5234550,3360,upi,none,1,64,8,0.233,1,1,0.15,0,0,0
pay_Zom6423634,2059,card,visa,1,194,25,0.048,0,1,1.94,0,0,0
pay_Zom2944841,252,upi,none,1,42,7,0.26,1,1,1.03,0,1,1
pay_Zom7780932,2059,upi,none,0,37,1,0.049,1,1,0.12,0,0,0
pay_Zom9633492,2059,upi,none,0,128,2,0.018,0,1,0.5,0,0,0
pay_Zom1019311,252,netbanking,none,0,59,4,0.031,0,6,1.74,0,0,0
pay_Zom8750676,252,upi,none,0,17,0,0.007,0,1,1.47,0,0,0
pay_Zom7933143,252,card,visa,1,8,0,0.109,0,1,6.9,0,1,1
pay_Zom1909393,252,upi,none,0,186,30,0.223,0,1,1.26,0,0,0
pay_Zom4147112,2059,upi,none,1,135,17,0.054,0,1,1.88,0,0,0
pay_Zom9697969,3360,upi,none,0,63,2,0.019,1,1,1.84,1,0,1
pay_Zom7069650,252,upi,none,1,271,10,0.025,0,2,3.2,0,0,0
pay_Zom9363326,252,card,amex,0,63,10,0.211,0,1,8.16,0,0,0
pay_Zom8416216,252,upi,none,0,148,14,0.129,0,1,3.93,0,0,0
pay_Zom1865901,252,upi,none,0,287,48,0.112,0,1,6.38,0,0,0
pay_Zom4415140,2059,upi,none,1,220,30,0.146,0,1,0.73,0,0,0
pay_Zom5480460,252,upi,none,0,85,15,0.165,0,1,6.4,0,0,0
pay_Zom3198037,252,netbanking,none,1,136,21,0.005,1,6,4.22,0,1,1
pay_Zom5832327,252,upi,none,0,64,5,0.076,1,2,1.22,0,0,0
pay_Zom8350368,2059,upi,none,0,125,17,0.012,1,1,7.9,0,0,0
pay_Zom9132114,252,card,mastercard,1,35,3,0.029,0,1,3.83,0,0,0
pay_Zom3037191,2059,card,mastercard,0,68,3,0.084,0,1,2.21,0,0,0
pay_Zom1484348,252,card,rupay,0,28,1,0.018,1,1,4.27,0,0,0
pay_Zom5014745,2059,upi,none,0,4,0,0.027,0,1,0.02,0,0,0
pay_Zom3657144,2059,upi,none,1,106,4,0.033,0,1,1.37,0,0,0
pay_Zom6213522,252,upi,none,0,239,11,0.05,0,1,5.25,0,0,0
pay_Zom1229419,252,card,rupay,0,3,0,0.113,1,1,6.86,0,0,0
pay_Zom7844947,2059,card,mastercard,0,26,4,0.2,1,1,5.64,0,0,0
pay_Zom2563790,3360,upi,none,0,73,8,0.005,1,1,4.6,0,0,0
pay_Zom4769851,252,upi,none,0,131,11,0.05,0,1,2.41,0,0,0
pay_Zom2903561,252,upi,none,0,22,1,0.037,0,3,0.74,0,0,0
pay_Zom8741810,3360,upi,none,1,7,0,0.107,1,3,0.41,1,1,1
pay_Zom2970754,252,netbanking,none,0,87,10,0.176,0,1,9.02,0,0,0
pay_Zom3583206,252,upi,none,1,204,31,0.303,0,1,0.83,0,1,1
pay_Zom9361353,3360,upi,none,1,4,0,0.287,0,1,0.98,0,1,1
pay_Zom5896624,252,netbanking,none,1,51,5,0.285,0,3,4.48,0,1,1
pay_Zom9537455,252,upi,none,0,130,17,0.081,0,6,4.94,0,0,0
pay_Zom5587308,252,card,amex,0,16,0,0.028,1,1,1.84,0,0,0
pay_Zom7970771,252,upi,none,1,32,2,0.01,0,1,0.27,0,0,0
pay_Zom9094999,252,upi,none,0,92,12,0.0,0,1,2.32,0,0,0
pay_Zom8922533,2059,upi,none,0,367,47,0.133,0,1,5.86,0,0,0
pay_Zom5089126,252,card,mastercard,1,40,1,0.092,0,1,7.48,0,0,0
pay_Zom8663605,252,upi,none,0,80,4,0.086,1,1,3.68,0,0,0
pay_Zom3426689,252,upi,none,0,61,7,0.355,0,1,4.04,0,0,0
pay_Zom7435505,252,card,visa,0,273,17,0.001,3,1,0.08,0,0,0
pay_Zom4197911,3360,upi,none,1,8,1,0.074,0,1,0.84,0,0,0
pay_Zom9526867,252,upi,none,0,100,2,0.047,1,1,4.81,0,0,0
pay_Zom3290229,252,upi,none,1,224,11,0.156,0,1,2.65,0,0,0
pay_Zom2171218,2059,upi,none,0,531,34,0.112,1,6,3.09,0,0,0
pay_Zom5634662,252,card,mastercard,0,143,24,0.172,1,1,5.82,0,0,0
pay_Zom7961578,252,card,amex,0,57,8,0.104,0,1,3.87,0,0,0
pay_Zom6702160,252,netbanking,none,0,63,10,0.021,0,1,1.91,0,0,0
pay_Zom9518424,252,card,mastercard,0,52,4,0.094,0,2,12.78,0,0,0
pay_Zom5482413,252,upi,none,0,111,16,0.195,0,1,0.97,0,0,0
pay_Zom1043037,252,card,mastercard,1,161,25,0.153,1,1,1.45,0,0,0
pay_Zom5745250,2059,upi,none,0,205,17,0.078,1,1,3.86,0,0,0
pay_Zom6008935,252,upi,none,0,64,11,0.193,1,1,0.92,0,1,1
pay_Zom9214801,252,upi,none,0,151,23,0.003,1,1,1.68,0,0,0
pay_Zom3493017,2059,upi,none,1,297,52,0.005,1,6,4.11,1,1,1
pay_Zom8491822,252,card,mastercard,0,304,48,0.125,2,6,1.44,0,0,0
pay_Zom9125900,2059,upi,none,0,146,21,0.237,0,1,0.21,0,0,0
pay_Zom6790218,252,upi,none,1,121,20,0.304,0,1,2.87,0,1,1
pay_Zom6577416,252,upi,none,0,90,7,0.226,0,1,5.15,0,0,0
pay_Zom7328534,2059,upi,none,0,24,3,0.037,0,1,4.75,0,0,0
pay_Zom8639414,252,upi,none,0,15,0,0.374,1,2,3.4,0,1,1
pay_Zom6398528,252,card,visa,1,79,10,0.183,0,1,5.07,0,0,0
pay_Zom4165061,252,upi,none,0,20,2,0.081,0,1,0.78,0,0,0
pay_Zom5006492,252,card,rupay,0,103,13,0.165,0,1,4.63,0,0,0
pay_Zom7425184,2059,upi,none,1,124,19,0.184,0,1,0.18,0,0,0
pay_Zom4918527,252,upi,none,0,89,7,0.13,1,1,4.72,0,0,0
pay_Zom7891662,252,upi,none,1,4,0,0.207,0,1,0.18,0,0,0
pay_Zom1732280,252,card,amex,0,7,0,0.219,0,1,5.17,0,0,0
pay_Zom6338112,2059,upi,none,0,14,0,0.132,0,1,7.57,0,0,0
pay_Zom8935224,252,card,visa,0,20,2,0.104,0,2,6.18,0,0,0
pay_Zom7395997,2059,netbanking,none,0,551,60,0.223,0,6,1.5,0,0,0
pay_Zom7477326,252,netbanking,none,0,50,2,0.249,0,1,12.93,0,0,0
pay_Zom3551903,2059,card,mastercard,0,41,2,0.073,0,1,2.56,0,0,0
pay_Zom9310235,3360,card,mastercard,0,6,0,0.296,0,1,1.67,0,1,1
pay_Zom1621086,2059,upi,none,1,121,16,0.092,0,1,3.06,0,0,0
pay_Zom3118060,2059,card,rupay,0,126,14,0.007,0,1,1.27,0,0,0
pay_Zom9427047,252,upi,none,1,23,0,0.072,0,1,0.69,0,0,0
pay_Zom6569946,252,netbanking,none,1,301,42,0.24,0,1,0.62,0,0,0
pay_Zom2683838,252,upi,none,1,193,11,0.022,0,1,0.65,0,0,0
pay_Zom8387112,252,upi,none,1,31,3,0.216,0,1,0.91,0,0,0
pay_Zom2672884,252,upi,none,0,79,3,0.338,0,1,7.61,0,1,1
pay_Zom9823994,252,upi,none,1,73,13,0.119,0,2,1.82,0,0,0
pay_Zom8665981,252,upi,none,1,51,1,0.249,0,2,0.0,0,0,0
pay_Zom1257489,252,upi,none,1,204,28,0.06,0,1,1.27,0,0,0
pay_Zom3418526,2059,card,rupay,0,13,1,0.217,0,1,19.42,0,0,0
pay_Zom7878299,252,upi,none,1,64,2,0.048,1,1,4.66,0,0,0
pay_Zom3589751,2059,upi,none,1,67,1,0.071,0,1,2.45,0,0,0
pay_Zom2255409,2059,card,rupay,1,75,5,0.063,0,1,0.48,0,0,0
pay_Zom8876745,3360,upi,none,0,237,35,0.027,0,1,2.13,0,0,0
pay_Zom5446344,2059,upi,none,0,29,0,0.034,0,1,3.57,0,0,0
pay_Zom6680114,2059,card,visa,1,13,1,0.079,1,1,8.79,0,0,0
pay_Zom7668663,3360,card,amex,0,115,14,0.001,0,1,2.37,0,0,0
pay_Zom2347467,3360,upi,none,0,22,1,0.136,0,1,2.78,1,0,1
pay_Zom6512415,252,upi,none,1,9,0,0.003,0,1,2.94,0,0,0
pay_Zom9952696,252,upi,none,0,66,10,0.092,0,1,10.54,0,0,0
pay_Zom7375499,252,upi,none,0,29,1,0.226,0,2,1.45,0,0,0
pay_Zom6312692,252,upi,none,0,53,2,0.045,0,1,6.9,0,0,0
pay_Zom9186400,2059,netbanking,none,0,36,4,0.002,0,2,1.98,0,1,1
pay_Zom1602286,2059,card,rupay,0,11,0,0.308,1,1,4.73,0,1,1
pay_Zom2147909,2059,card,mastercard,0,98,9,0.171,0,1,2.31,0,0,0
pay_Zom4938791,252,upi,none,0,3,0,0.085,1,1,2.83,0,0,0
pay_Zom5821419,2059,card,amex,0,407,72,0.007,0,3,1.4,1,0,1
pay_Zom4816586,2059,upi,none,1,50,4,0.199,1,1,1.87,0,0,0
pay_Zom2516313,2059,upi,none,0,142,25,0.102,0,1,2.61,0,0,0
pay_Zom8280833,3360,upi,none,0,199,16,0.269,0,1,3.24,0,0,0
pay_Zom2651601,2059,upi,none,0,39,2,0.321,0,1,1.62,0,1,1
pay_Zom2686231,252,netbanking,none,1,165,27,0.059,0,1,6.29,0,0,0
pay_Zom8443690,2059,upi,none,1,214,15,0.141,0,1,4.44,0,1,1
pay_Zom3791137,252,upi,none,0,33,2,0.006,0,1,2.1,0,0,0
pay_Zom6024207,252,upi,none,0,587,19,0.162,1,1,4.65,0,0,0
pay_Zom1485654,2059,card,mastercard,0,2,0,0.146,0,1,0.02,0,1,1
pay_Zom1771600,252,upi,none,1,29,0,0.12,0,1,3.15,0,0,0
pay_Zom6442103,2059,upi,none,0,181,25,0.022,0,1,2.61,0,0,0
pay_Zom1941524,252,upi,none,0,25,2,0.05,0,1,2.53,0,0,0
pay_Zom5921894,2059,upi,none,1,143,4,0.11,1,1,3.24,0,0,0
pay_Zom7014016,252,upi,none,1,232,4,0.115,0,1,5.68,0,1,1
pay_Zom7288789,3360,upi,none,0,383,64,0.087,0,1,0.17,0,0,0
pay_Zom8225725,2059,upi,none,1,77,10,0.011,1,6,0.56,0,1,1
pay_Zom3442255,252,upi,none,0,425,55,0.0,0,1,0.03,0,0,0
pay_Zom5096953,252,netbanking,none,1,63,5,0.089,0,2,0.95,0,1,1
pay_Zom9911492,3360,card,mastercard,0,29,1,0.105,0,1,13.3,0,0,0
pay_Zom7913081,252,upi,none,0,86,11,0.119,0,1,1.64,0,0,0
pay_Zom4020853,252,upi,none,0,125,14,0.065,0,1,3.01,0,0,0
pay_Zom3851852,252,upi,none,0,73,9,0.028,0,1,16.15,0,0,0
pay_Zom3937176,252,upi,none,0,100,7,0.009,0,1,3.45,0,0,0
pay_Zom2324869,2059,netbanking,none,0,64,11,0.084,0,1,0.66,0,0,0
pay_Zom7418028,2059,card,amex,0,89,2,0.022,0,1,5.72,0,0,0
pay_Zom5040453,252,upi,none,0,365,11,0.032,1,1,2.81,0,0,0
pay_Zom9349470,252,upi,none,1,83,13,0.201,1,1,18.8,0,1,1
pay_Zom3401116,2059,upi,none,0,35,4,0.001,0,1,4.92,0,0,0
pay_Zom4895475,252,upi,none,0,170,12,0.032,0,3,18.42,0,0,0
pay_Zom8736811,252,upi,none,0,49,6,0.188,0,1,7.75,0,0,0
pay_Zom5261032,3360,upi,none,0,203,18,0.013,1,1,0.7,0,0,0
pay_Zom8710313,2059,netbanking,none,0,7,0,0.011,0,1,4.83,0,0,0
pay_Zom5283671,2059,upi,none,0,48,5,0.146,0,1,2.41,0,0,0
pay_Zom1157662,2059,upi,none,0,11,0,0.139,0,1,0.49,0,1,1
pay_Zom8805654,252,card,visa,0,10,0,0.095,0,1,2.94,0,0,0
pay_Zom5825658,2059,upi,none,1,128,7,0.039,0,1,0.34,0,0,0
pay_Zom3650391,252,upi,none,0,58,5,0.037,0,1,5.02,0,0,0
pay_Zom2239197,252,upi,none,0,246,6,0.232,0,1,1.57,0,0,0
pay_Zom8410995,252,upi,none,0,87,14,0.036,0,2,5.79,0,0,0
pay_Zom6797629,252,netbanking,none,1,42,4,0.199,0,1,4.01,0,1,1
pay_Zom6018975,2059,netbanking,none,0,153,10,0.282,0,2,7.37,0,1,1
pay_Zom8118722,252,netbanking,none,1,117,15,0.102,1,1,0.72,0,0,0
pay_Zom5195951,252,card,amex,0,192,28,0.034,0,1,3.63,0,0,0
pay_Zom8664433,252,upi,none,0,123,14,0.151,0,2,6.98,0,0,0
pay_Zom6068760,252,netbanking,none,1,21,1,0.061,1,1,0.9,0,0,0
pay_Zom4342306,2059,netbanking,none,1,133,5,0.205,0,1,5.35,0,0,0
pay_Zom7454081,252,upi,none,0,59,9,0.164,1,1,1.17,0,0,0
pay_Zom9106886,2059,upi,none,0,74,4,0.025,0,3,5.92,0,0,0
pay_Zom2789344,252,upi,none,0,305,7,0.0,0,1,2.54,0,0,0
pay_Zom4979651,252,upi,none,1,53,6,0.048,0,1,3.84,0,1,1
pay_Zom7398231,2059,upi,none,0,113,5,0.075,0,1,1.62,0,0,0
pay_Zom7022335,252,netbanking,none,0,54,9,0.199,2,1,6.12,0,0,0
pay_Zom5963914,2059,netbanking,none,0,11,1,0.0,0,1,0.46,0,0,0
pay_Zom5953150,252,upi,none,0,72,8,0.065,0,1,0.75,0,0,0
pay_Zom1368085,252,upi,none,0,109,16,0.222,0,2,0.33,0,0,0
pay_Zom7640518,3360,card,rupay,0,62,5,0.179,1,1,10.46,0,0,0
pay_Zom5605016,252,card,amex,0,59,8,0.15,0,1,2.2,0,0,0
pay_Zom1135861,252,upi,none,0,206,25,0.006,1,1,2.27,0,0,0
pay_Zom1822825,2059,card,rupay,0,3,0,0.064,0,1,1.26,0,0,0
pay_Zom9333700,252,card,rupay,0,42,7,0.286,1,1,2.22,0,0,0
pay_Zom5801541,2059,netbanking,none,0,200,31,0.046,0,1,0.94,0,0,0
pay_Zom4860745,252,upi,none,0,303,52,0.188,0,1,10.6,0,0,0
pay_Zom6910964,3360,upi,none,0,63,8,0.072,1,1,1.07,0,0,0
pay_Zom4674286,2059,netbanking,none,0,263,22,0.014,0,1,9.09,0,0,0
pay_Zom4189885,2059,upi,none,1,26,1,0.096,0,1,2.34,0,0,0
pay_Zom5204819,3360,card,amex,0,30,1,0.284,1,2,2.01,0,1,1
pay_Zom3294774,252,upi,none,0,224,9,0.096,0,1,5.7,0,0,0
pay_Zom2630140,3360,upi,none,0,280,15,0.31,0,1,2.39,0,1,1
pay_Zom1661401,252,upi,none,0,30,3,0.388,0,1,1.09,0,1,1
pay_Zom6183033,252,upi,none,0,7,0,0.171,0,1,2.0,0,0,0
pay_Zom8395785,252,netbanking,none,0,11,0,0.245,1,1,2.03,0,0,0
pay_Zom1559763,252,upi,none,0,36,3,0.1,0,1,1.22,0,0,0
pay_Zom7121355,252,card,amex,0,171,12,0.072,0,6,1.91,0,0,0
pay_Zom3204724,2059,card,rupay,0,85,11,0.021,0,1,0.45,0,0,0
pay_Zom2512187,2059,upi,none,1,72,12,0.091,0,1,9.86,0,0,0
pay_Zom5951131,3360,card,mastercard,1,105,13,0.03,0,1,3.58,0,0,0
pay_Zom6481437,252,upi,none,1,265,7,0.221,0,1,0.75,0,0,0
pay_Zom7970985,2059,card,amex,0,11,1,0.094,2,1,5.45,0,0,0
pay_Zom3946751,252,upi,none,1,142,20,0.217,0,1,1.08,0,0,0
pay_Zom4368777,252,upi,none,1,313,33,0.236,0,1,3.17,0,0,0
pay_Zom3217273,252,upi,none,1,28,4,0.012,1,3,8.6,0,0,0
pay_Zom7138070,252,card,visa,0,218,6,0.157,0,3,5.07,0,0,0
pay_Zom9906224,2059,netbanking,none,1,143,9,0.176,0,1,0.46,0,1,1
pay_Zom9418719,252,upi,none,0,1,0,0.059,0,1,2.76,0,0,0
pay_Zom5572250,252,upi,none,0,31,4,0.022,0,2,4.3,0,0,0
pay_Zom3760597,252,upi,none,0,111,11,0.063,0,3,0.79,0,1,1
pay_Zom5311242,252,card,rupay,1,83,3,0.202,0,1,0.37,0,0,0
pay_Zom9084065,252,upi,none,1,90,5,0.171,0,2,0.56,0,0,0
pay_Zom5951651,3360,card,mastercard,0,31,3,0.227,0,1,11.56,0,0,0
pay_Zom6682698,252,upi,none,0,134,24,0.243,0,1,6.53,0,0,0
pay_Zom2932227,252,upi,none,0,37,2,0.092,0,1,6.83,0,0,0
pay_Zom8857296,252,card,amex,0,59,2,0.035,0,2,0.99,0,0,0
pay_Zom2263313,2059,card,amex,0,55,5,0.073,0,1,2.86,0,0,0
pay_Zom3361510,3360,card,mastercard,0,133,9,0.084,0,2,2.34,0,0,0
pay_Zom4785186,2059,upi,none,1,11,1,0.167,0,1,6.29,0,0,0
pay_Zom7667458,2059,card,visa,0,27,2,0.254,0,1,1.92,0,1,1
pay_Zom7136687,252,upi,none,0,26,3,0.17,0,1,2.7,0,0,0
pay_Zom2515030,252,netbanking,none,1,13,2,0.037,1,1,3.05,0,0,0
pay_Zom7619862,3360,upi,none,1,27,1,0.059,0,1,1.62,0,0,0
pay_Zom1233516,2059,upi,none,1,112,16,0.299,0,2,0.12,0,1,1
pay_Zom5436878,2059,upi,none,0,158,27,0.019,0,1,2.39,0,0,0
pay_Zom3073474,2059,upi,none,1,129,10,0.123,0,3,2.38,1,0,1
pay_Zom8630043,2059,upi,none,0,77,2,0.134,0,1,0.15,0,1,1
pay_Zom7183841,2059,card,rupay,1,6,0,0.1,0,3,2.33,0,1,1
pay_Zom5398338,3360,card,amex,1,383,50,0.0,0,2,2.5,0,1,1
pay_Zom7392547,3360,netbanking,none,1,22,1,0.15,0,1,0.51,0,0,0
pay_Zom7232293,2059,upi,none,0,132,12,0.016,0,1,0.54,0,0,0
pay_Zom2817745,2059,upi,none,0,292,32,0.046,0,1,9.65,0,0,0
pay_Zom4922880,252,card,visa,1,143,6,0.224,1,1,0.74,0,0,0
pay_Zom8910069,2059,upi,none,1,29,3,0.025,0,1,1.31,0,0,0
pay_Zom1419843,252,upi,none,0,45,5,0.001,0,1,1.24,0,0,0
pay_Zom6503032,252,card,rupay,1,3,0,0.121,0,1,3.75,0,0,0
pay_Zom4713925,3360,upi,none,0,113,12,0.048,0,1,3.59,0,0,0
pay_Zom2060605,252,upi,none,0,113,12,0.051,0,1,8.54,0,0,0
pay_Zom8789116,252,card,visa,0,155,18,0.029,1,1,1.8,0,0,0
pay_Zom6069909,252,upi,none,0,1,0,0.056,2,1,5.3,0,0,0
pay_Zom7850067,252,card,rupay,0,204,28,0.101,0,1,1.66,0,0,0
pay_Zom2957497,2059,upi,none,1,161,20,0.074,0,1,0.96,0,0,0
pay_Zom3345069,252,card,rupay,0,18,2,0.084,0,1,7.77,0,0,0
pay_Zom1760793,252,upi,none,0,51,7,0.061,0,2,2.31,0,0,0
pay_Zom1624315,252,card,visa,1,122,14,0.216,0,1,1.73,0,0,0
pay_Zom6106390,2059,upi,none,1,82,3,0.225,0,1,8.26,0,0,0
pay_Zom9264869,2059,card,rupay,0,14,2,0.045,0,1,9.81,0,1,1
pay_Zom2948178,252,upi,none,0,10,0,0.335,0,1,2.1,0,1,1
pay_Zom2630611,252,upi,none,0,182,31,0.208,0,1,0.07,0,0,0
pay_Zom4939290,252,card,amex,1,20,1,0.089,0,1,0.12,0,1,1
pay_Zom3276065,2059,upi,none,0,22,0,0.115,0,1,3.29,0,0,0
pay_Zom7520395,2059,upi,none,0,213,34,0.121,1,1,6.69,0,0,0
pay_Zom8610879,252,upi,none,1,113,16,0.152,0,1,7.28,0,0,0
pay_Zom7224540,252,upi,none,0,111,16,0.137,0,1,8.1,0,0,0
pay_Zom8031780,252,upi,none,0,78,2,0.01,0,1,5.77,0,0,0
pay_Zom3592464,2059,upi,none,1,100,16,0.135,0,1,7.2,0,0,0
pay_Zom7960607,252,upi,none,0,110,12,0.109,0,1,6.45,0,0,0
pay_Zom2661307,252,upi,none,0,412,39,0.075,0,6,6.42,0,0,0
pay_Zom9209880,252,upi,none,1,30,4,0.122,0,1,1.39,0,0,0
pay_Zom7847048,252,upi,none,1,28,3,0.102,0,1,1.75,0,0,0
pay_Zom5693260,2059,netbanking,none,0,7,0,0.093,1,1,1.33,0,1,1
pay_Zom1548888,252,card,amex,0,128,13,0.026,1,1,0.59,0,0,0
pay_Zom7216461,2059,upi,none,1,95,11,0.078,0,1,1.41,0,0,0
pay_Zom4645180,2059,upi,none,0,14,2,0.408,0,1,8.33,0,1,1
pay_Zom8438733,252,netbanking,none,0,54,3,0.163,0,1,12.4,0,0,0
pay_Zom8460758,252,upi,none,0,23,3,0.058,0,1,0.57,0,0,0
pay_Zom4961312,2059,upi,none,0,48,7,0.204,1,3,3.8,0,1,1
pay_Zom7084862,252,upi,none,1,362,14,0.066,0,1,11.93,0,0,0
pay_Zom2666893,252,card,visa,0,137,3,0.137,0,1,0.81,0,0,0
pay_Zom7162857,3360,upi,none,1,0,0,0.164,0,1,6.41,1,1,1
pay_Zom7017548,252,card,visa,1,34,4,0.068,1,1,1.23,0,0,0
pay_Zom2015861,252,card,rupay,1,1,0,0.02,0,1,1.85,0,0,0
pay_Zom7679674,252,upi,none,1,150,22,0.291,0,1,8.68,0,1,1
pay_Zom5628522,3360,card,rupay,1,76,9,0.031,1,1,0.21,0,0,0
pay_Zom4184459,252,upi,none,0,614,76,0.089,0,1,2.08,0,0,0
pay_Zom3049499,252,upi,none,0,158,3,0.2,0,1,2.47,0,0,0
pay_Zom8628891,252,upi,none,1,87,2,0.029,1,1,8.09,0,0,0
pay_Zom2538024,252,upi,none,0,195,26,0.238,1,1,2.98,0,0,0
pay_Zom4558545,252,upi,none,0,146,20,0.006,0,1,10.16,0,0,0
pay_Zom1358318,252,upi,none,0,33,3,0.008,0,1,1.34,0,0,0
pay_Zom1848566,252,upi,none,0,90,10,0.013,0,1,2.38,0,0,0
pay_Zom6595355,252,upi,none,1,97,11,0.222,0,1,0.08,0,0,0
pay_Zom5086407,252,upi,none,1,72,2,0.079,0,1,15.72,0,0,0
pay_Zom3112652,252,card,visa,0,23,2,0.131,0,1,0.93,0,0,0
pay_Zom4442778,252,upi,none,1,30,2,0.037,1,1,9.25,0,0,0
pay_Zom2151087,252,card,mastercard,0,39,4,0.063,0,1,1.79,0,0,0
pay_Zom4475523,2059,upi,none,1,1,0,0.028,0,1,0.63,0,0,0
pay_Zom4623062,252,upi,none,0,298,42,0.158,0,1,1.91,0,0,0
pay_Zom4909069,252,upi,none,1,139,9,0.008,0,1,1.37,0,0,0
pay_Zom6512314,252,upi,none,0,140,11,0.02,0,1,10.61,0,0,0
pay_Zom3475548,2059,upi,none,0,101,8,0.066,0,3,5.16,0,0,0
pay_Zom1047572,2059,upi,none,1,140,19,0.006,0,1,0.81,0,0,0
pay_Zom5651899,252,netbanking,none,0,481,42,0.254,0,2,2.72,0,1,1
pay_Zom3427461,252,netbanking,none,1,58,2,0.154,0,1,3.88,0,0,0
pay_Zom3180906,3360,upi,none,0,149,26,0.035,0,1,3.03,0,0,0
pay_Zom5205279,252,card,visa,0,53,5,0.003,0,2,8.7,0,0,0
pay_Zom3927575,252,upi,none,0,231,8,0.117,0,1,0.42,0,0,0
pay_Zom2844258,252,upi,none,0,234,29,0.117,0,1,0.14,0,0,0
pay_Zom1432519,252,card,mastercard,0,279,38,0.164,0,1,3.31,0,0,0
pay_Zom3211291,3360,upi,none,1,0,0,0.271,0,1,4.79,1,0,1
pay_Zom1249314,2059,upi,none,0,42,5,0.107,0,1,5.8,0,0,0
pay_Zom7010308,252,upi,none,1,17,0,0.013,0,1,0.83,0,0,0
pay_Zom4991829,252,upi,none,0,72,5,0.077,0,1,0.74,0,0,0
pay_Zom6431983,3360,upi,none,0,82,3,0.003,0,1,6.38,0,0,0
pay_Zom1264762,2059,upi,none,0,35,2,0.041,0,3,1.44,1,0,1
pay_Zom3923366,2059,upi,none,0,154,16,0.032,0,3,3.77,0,1,1
pay_Zom5452128,3360,upi,none,1,37,3,0.004,0,2,0.57,0,0,0
pay_Zom1879109,3360,card,mastercard,0,230,26,0.254,0,1,5.65,0,0,0
pay_Zom3126655,2059,upi,none,0,23,2,0.112,0,6,11.34,0,0,0
pay_Zom8062546,252,card,visa,0,54,3,0.124,0,1,12.47,0,1,1
pay_Zom9826250,252,card,visa,0,116,4,0.081,0,1,2.56,0,0,0
pay_Zom2906718,2059,card,visa,0,111,6,0.003,1,1,0.96,0,0,0
pay_Zom2066326,252,card,mastercard,0,9,0,0.276,0,1,0.53,0,1,1
pay_Zom8990081,2059,upi,none,0,224,29,0.16,0,1,0.99,0,0,0
pay_Zom8520810,252,upi,none,1,109,16,0.118,0,1,3.4,0,0,0
pay_Zom7074006,252,upi,none,1,244,33,0.058,0,1,2.0,0,0,0
pay_Zom9610704,252,netbanking,none,0,242,29,0.001,0,1,2.27,0,0,0
pay_Zom2829622,252,upi,none,0,94,6,0.037,0,2,2.25,0,1,1
pay_Zom8583392,3360,upi,none,1,289,38,0.087,0,1,5.52,0,0,0
pay_Zom9453010,2059,upi,none,1,226,26,0.071,1,1,6.23,0,0,0
pay_Zom4716988,2059,netbanking,none,1,380,10,0.072,0,1,0.05,0,0,0
pay_Zom1727544,2059,upi,none,1,228,37,0.062,0,1,8.76,0,0,0
pay_Zom9748499,252,upi,none,0,206,6,0.087,0,1,1.72,0,0,0
pay_Zom6060517,252,upi,none,1,76,7,0.009,0,1,0.96,0,0,0
pay_Zom8684678,252,netbanking,none,1,28,2,0.43,0,1,19.34,0,1,1
pay_Zom1522621,252,upi,none,0,289,44,0.005,0,1,0.46,0,0,0
pay_Zom2020480,252,upi,none,0,153,25,0.01,1,1,1.36,0,0,0
pay_Zom9035982,252,upi,none,0,39,6,0.352,0,1,8.32,0,1,1
pay_Zom7738019,252,upi,none,0,50,5,0.0,0,1,2.26,0,0,0
pay_Zom8151684,3360,card,amex,0,139,17,0.188,0,1,9.1,1,0,1
pay_Zom2811298,2059,upi,none,0,77,2,0.026,0,1,0.97,0,0,0
pay_Zom9225346,252,upi,none,0,10,0,0.054,0,1,1.83,0,0,0
pay_Zom8441741,2059,card,amex,0,18,2,0.164,0,1,0.19,0,0,0
pay_Zom2232969,2059,netbanking,none,0,164,15,0.112,0,2,2.12,0,0,0
pay_Zom2355439,252,upi,none,1,47,1,0.044,0,1,0.0,0,0,0
pay_Zom6404139,2059,upi,none,0,85,4,0.092,0,1,1.33,0,0,0
pay_Zom3488628,2059,card,visa,1,174,15,0.05,1,1,4.39,0,0,0
pay_Zom2101965,252,upi,none,1,166,9,0.171,0,1,4.51,0,0,0
pay_Zom3117143,252,netbanking,none,1,21,1,0.043,0,1,1.95,0,0,0
pay_Zom5614002,252,netbanking,none,1,12,0,0.001,0,2,0.05,0,1,1
pay_Zom6455706,252,upi,none,0,107,7,0.169,0,1,0.49,0,0,0
pay_Zom7390515,252,netbanking,none,0,162,5,0.034,1,1,0.97,0,0,0
pay_Zom9901266,2059,upi,none,0,19,3,0.025,1,1,0.06,0,0,0
pay_Zom5947563,252,upi,none,1,55,7,0.199,0,1,0.86,0,0,0
pay_Zom8612081,252,upi,none,0,245,29,0.118,1,1,2.6,0,0,0
pay_Zom9481739,3360,card,visa,0,346,40,0.3,1,1,0.47,0,1,1
pay_Zom8217547,2059,upi,none,1,72,6,0.205,0,1,7.04,0,0,0
pay_Zom2663938,252,upi,none,1,9,1,0.033,1,1,0.22,0,0,0
pay_Zom2919549,252,netbanking,none,1,35,5,0.157,0,1,5.23,0,0,0
pay_Zom4607488,252,upi,none,0,31,0,0.25,0,1,2.07,0,0,0
pay_Zom8215376,2059,upi,none,0,32,1,0.086,0,1,3.32,0,0,0
pay_Zom8575834,252,card,rupay,0,81,10,0.15,0,1,2.31,0,0,0
pay_Zom4833486,252,card,rupay,0,105,6,0.011,0,6,1.96,0,0,0
pay_Zom7942639,3360,netbanking,none,1,15,2,0.011,0,1,3.99,0,0,0
pay_Zom6686328,252,netbanking,none,0,264,33,0.17,0,1,0.9,0,0,0
pay_Zom8608449,2059,upi,none,0,116,9,0.08,0,1,2.33,0,0,0
pay_Zom7689582,3360,upi,none,1,109,9,0.341,0,1,5.76,1,1,1
pay_Zom7979148,252,upi,none,0,523,68,0.045,1,1,0.59,0,0,0
pay_Zom2595275,2059,card,rupay,1,118,5,0.096,0,1,0.34,0,0,0
pay_Zom6243691,252,upi,none,1,317,51,0.132,0,1,3.24,0,0,0
pay_Zom8159911,3360,card,visa,1,40,0,0.021,0,1,11.59,0,0,0
pay_Zom6243275,252,upi,none,0,32,5,0.023,0,1,1.96,0,0,0
pay_Zom5276341,2059,upi,none,0,87,4,0.101,0,1,5.9,0,0,0
pay_Zom7279729,252,upi,none,1,85,11,0.003,1,1,2.22,0,0,0
pay_Zom3560856,2059,upi,none,1,30,0,0.121,0,1,0.94,0,0,0
pay_Zom8956894,2059,upi,none,0,144,12,0.032,1,1,2.32,0,0,0
pay_Zom2126310,252,upi,none,0,3,0,0.291,0,1,2.04,0,1,1
pay_Zom2530497,2059,upi,none,0,140,4,0.042,0,1,1.02,0,0,0
pay_Zom2432176,252,upi,none,1,73,6,0.132,0,1,1.52,0,0,0
pay_Zom2564141,252,card,amex,0,140,9,0.002,0,1,1.74,0,0,0
pay_Zom8245685,252,card,amex,0,77,7,0.037,0,1,6.86,0,0,0
pay_Zom2620082,252,upi,none,0,454,45,0.119,0,1,1.29,0,0,0
pay_Zom7251976,252,card,visa,0,48,6,0.131,0,1,9.07,0,0,0
pay_Zom3182975,3360,upi,none,1,485,19,0.133,1,1,0.05,0,0,0
pay_Zom2006313,252,upi,none,0,8,0,0.163,0,1,0.48,0,0,0
pay_Zom6530541,2059,upi,none,0,138,11,0.098,0,2,0.1,0,0,0
pay_Zom3050700,252,upi,none,0,72,11,0.011,1,1,5.11,0,0,0
pay_Zom7892225,2059,card,visa,0,207,32,0.044,0,1,0.47,0,0,0
pay_Zom6932391,3360,upi,none,0,187,20,0.104,0,2,2.99,0,0,0
pay_Zom8095702,252,netbanking,none,0,193,31,0.161,0,1,5.27,0,0,0
pay_Zom1863121,2059,upi,none,0,11,1,0.118,0,1,2.35,0,0,0
pay_Zom5825620,252,upi,none,1,207,13,0.016,1,1,0.36,0,0,0
pay_Zom6242022,2059,netbanking,none,0,28,1,0.021,0,1,6.36,0,0,0
pay_Zom6899644,252,upi,none,1,3,0,0.327,0,1,0.81,0,1,1
pay_Zom2738129,3360,upi,none,0,29,1,0.407,0,1,0.35,1,0,1
pay_Zom9512969,252,upi,none,0,78,9,0.224,1,1,5.11,0,0,0
pay_Zom4569164,252,upi,none,0,162,18,0.17,0,1,0.1,0,0,0
pay_Zom3595941,2059,upi,none,0,29,3,0.025,1,1,3.37,0,0,0
pay_Zom9089795,252,upi,none,0,14,0,0.119,0,1,1.91,0,0,0
pay_Zom4762204,252,upi,none,0,124,18,0.236,0,1,1.99,0,0,0
pay_Zom2815603,252,upi,none,0,495,44,0.086,1,1,5.71,0,0,0
pay_Zom6873938,252,upi,none,0,110,10,0.069,0,1,0.17,0,0,0
pay_Zom7166651,252,upi,none,0,140,25,0.209,0,2,4.74,0,1,1
pay_Zom2927455,252,upi,none,0,98,6,0.097,0,1,4.28,0,0,0
pay_Zom5673599,252,upi,none,0,182,15,0.273,0,1,7.7,0,1,1
pay_Zom4794319,252,upi,none,1,446,57,0.164,0,1,3.01,0,1,1
pay_Zom8199311,2059,upi,none,0,94,15,0.091,0,1,0.61,0,0,0
pay_Zom1440466,252,upi,none,1,64,2,0.225,0,1,0.17,0,0,0
pay_Zom5487028,252,upi,none,0,236,32,0.142,0,1,2.04,0,0,0
pay_Zom1485753,252,upi,none,1,419,69,0.038,0,1,4.46,0,0,0
pay_Zom4026879,252,upi,none,0,16,1,0.317,0,1,0.15,0,0,0
pay_Zom5584716,2059,upi,none,1,103,6,0.22,0,1,1.0,0,0,0
pay_Zom6183902,252,upi,none,0,188,24,0.142,0,1,5.16,0,1,1
pay_Zom6701311,252,upi,none,0,91,5,0.04,0,2,0.92,0,0,0
pay_Zom6889195,2059,upi,none,0,63,5,0.072,1,1,1.68,0,0,0
pay_Zom1102438,2059,upi,none,0,127,20,0.186,1,1,4.81,0,0,0
pay_Zom4043480,252,upi,none,1,37,4,0.044,0,1,1.97,0,0,0
pay_Zom3403361,2059,upi,none,0,51,1,0.113,2,1,5.16,0,0,0
pay_Zom7724045,3360,netbanking,none,0,583,42,0.085,0,1,1.1,0,0,0
pay_Zom2167449,252,card,mastercard,0,121,14,0.037,0,1,11.1,0,0,0
pay_Zom3380261,2059,card,mastercard,0,247,23,0.173,0,1,0.34,0,0,0
pay_Zom1514340,2059,card,amex,0,197,24,0.05,0,1,4.87,0,0,0
pay_Zom2539438,252,upi,none,0,126,17,0.025,0,3,0.27,1,0,1
pay_Zom9900022,252,upi,none,0,220,21,0.136,0,1,6.53,0,0,0
pay_Zom4609330,252,upi,none,0,40,7,0.25,0,1,0.51,0,0,0
pay_Zom7311494,2059,upi,none,0,121,20,0.053,0,1,3.09,0,0,0
pay_Zom8043620,3360,upi,none,0,107,3,0.031,0,1,1.42,0,0,0
pay_Zom8610913,2059,card,rupay,0,116,7,0.118,1,1,3.25,0,0,0
pay_Zom6719285,252,card,amex,0,22,1,0.061,0,1,0.17,0,0,0
pay_Zom3640889,2059,upi,none,0,38,1,0.107,0,1,7.46,0,0,0
pay_Zom7208460,252,upi,none,1,40,2,0.011,0,1,4.38,0,0,0
pay_Zom6228407,252,upi,none,1,110,9,0.054,0,1,1.48,0,1,1
pay_Zom6442241,252,card,mastercard,1,431,12,0.039,1,1,2.23,0,0,0
pay_Zom2425342,2059,card,amex,0,369,14,0.262,0,1,3.44,0,1,1
pay_Zom1882629,252,netbanking,none,1,30,1,0.232,0,1,3.37,0,0,0
pay_Zom3610197,2059,upi,none,0,43,1,0.339,0,1,3.57,0,0,0
pay_Zom3640899,252,upi,none,0,4,0,0.173,0,1,0.59,0,0,0
pay_Zom1834876,252,upi,none,0,61,4,0.065,0,1,5.52,0,0,0
pay_Zom2368710,252,upi,none,1,215,36,0.069,0,1,2.15,0,0,0
pay_Zom5565128,252,netbanking,none,1,296,10,0.094,0,1,5.64,0,0,0
pay_Zom8434202,3360,netbanking,none,0,32,5,0.078,0,1,9.23,0,0,0
pay_Zom8113787,252,upi,none,0,37,1,0.076,1,1,0.38,0,0,0
pay_Zom9148051,2059,upi,none,0,29,3,0.076,0,1,1.54,0,0,0
pay_Zom8416270,252,upi,none,1,51,3,0.197,0,1,2.65,0,0,0
pay_Zom7948850,2059,card,mastercard,1,196,29,0.009,0,1,0.51,0,0,0
pay_Zom5582979,252,upi,none,0,124,3,0.11,0,1,1.05,0,0,0
pay_Zom4616647,2059,upi,none,0,184,31,0.245,0,1,0.18,0,1,1
pay_Zom9595744,2059,upi,none,0,104,2,0.046,0,1,4.0,0,0,0
pay_Zom2909540,252,upi,none,1,35,2,0.011,0,2,2.4,0,0,0
pay_Zom6791039,252,netbanking,none,1,31,2,0.025,0,1,0.11,0,0,0
pay_Zom8212753,2059,upi,none,0,1,0,0.132,1,1,1.27,0,0,0
pay_Zom2860421,3360,upi,none,0,182,31,0.031,0,1,1.84,0,0,0
pay_Zom5752087,252,upi,none,1,225,19,0.167,1,1,1.47,0,0,0
pay_Zom9164342,2059,upi,none,0,175,24,0.074,0,1,0.06,0,0,0
pay_Zom9840487,3360,card,mastercard,1,9,1,0.046,1,1,1.19,0,0,0
pay_Zom6174418,2059,upi,none,0,172,19,0.18,0,1,0.3,0,0,0
pay_Zom1761976,3360,upi,none,1,5,0,0.227,1,1,0.02,0,1,1
pay_Zom4699685,2059,card,rupay,1,13,0,0.002,0,1,1.53,0,0,0
pay_Zom7631419,252,upi,none,0,69,6,0.225,0,1,1.71,0,0,0
pay_Zom1919088,252,upi,none,1,77,11,0.133,1,2,8.61,0,0,0
pay_Zom1128967,252,upi,none,0,203,19,0.383,0,1,0.48,0,0,0
pay_Zom4429650,2059,upi,none,1,136,21,0.093,0,1,4.22,0,0,0
pay_Zom6056977,2059,card,rupay,1,19,2,0.063,1,1,1.07,0,0,0
pay_Zom4543918,252,card,mastercard,0,30,4,0.135,0,1,2.41,0,0,0
pay_Zom3302417,2059,upi,none,0,40,1,0.077,1,1,1.97,0,0,0
pay_Zom5286905,2059,upi,none,0,15,0,0.013,0,1,2.32,0,0,0
pay_Zom5856117,252,upi,none,1,40,0,0.101,0,1,5.03,0,0,0
pay_Zom6504979,252,upi,none,1,156,27,0.077,0,1,0.07,0,0,0
pay_Zom3013003,252,upi,none,0,33,1,0.149,1,1,1.4,0,0,0
pay_Zom1129686,252,card,visa,1,216,17,0.054,0,2,1.46,0,0,0
pay_Zom9344741,252,upi,none,0,76,4,0.08,1,1,0.35,0,0,0
pay_Zom8225192,252,upi,none,0,46,1,0.121,0,1,0.04,0,0,0
pay_Zom3947669,252,upi,none,0,63,3,0.017,1,1,4.44,0,0,0
pay_Zom3167376,252,upi,none,0,148,5,0.286,0,1,7.5,0,1,1
pay_Zom7378822,252,card,rupay,0,87,7,0.03,0,1,1.3,0,0,0
pay_Zom9935249,252,upi,none,0,0,0,0.038,1,1,3.7,0,0,0
pay_Zom4860617,2059,upi,none,0,306,40,0.102,1,1,18.65,0,1,1
pay_Zom9393009,252,netbanking,none,1,8,1,0.118,0,1,0.63,0,0,0
pay_Zom6941939,3360,upi,none,0,334,30,0.017,1,1,1.13,0,0,0
pay_Zom2209226,3360,upi,none,0,3,0,0.12,0,1,5.96,0,1,1
pay_Zom7661748,252,upi,none,0,176,29,0.065,0,1,0.01,0,0,0
pay_Zom1709714,252,netbanking,none,1,91,15,0.211,1,1,3.14,0,0,0
pay_Zom8318550,252,netbanking,none,1,84,3,0.296,0,1,2.28,0,1,1
pay_Zom1314430,252,upi,none,1,9,1,0.378,0,1,4.46,0,1,1
pay_Zom8713396,2059,upi,none,1,32,1,0.028,1,1,2.63,0,0,0
pay_Zom2306317,252,netbanking,none,0,180,15,0.004,0,1,2.54,0,0,0
pay_Zom6252285,252,upi,none,0,266,20,0.162,1,1,4.34,0,0,0
pay_Zom8202195,252,upi,none,1,90,11,0.008,1,1,2.79,0,0,0
pay_Zom7785090,252,card,mastercard,1,52,6,0.156,0,1,14.98,0,0,0
pay_Zom8007741,2059,upi,none,0,7,0,0.05,1,1,4.19,0,0,0
pay_Zom5857259,252,upi,none,1,137,19,0.021,0,1,5.76,0,0,0
pay_Zom2932288,252,card,visa,1,39,3,0.236,1,1,1.92,0,0,0
pay_Zom7795314,252,upi,none,1,6,0,0.114,0,1,11.1,0,0,0
pay_Zom1349914,3360,upi,none,1,131,11,0.308,0,1,2.08,0,1,1
pay_Zom6448705,252,upi,none,0,79,8,0.149,0,1,1.49,0,0,0
pay_Zom3883553,252,upi,none,0,1,0,0.055,1,2,9.81,0,0,0
pay_Zom8719145,2059,upi,none,0,14,0,0.063,0,1,1.66,0,0,0
pay_Zom7070880,252,upi,none,0,144,25,0.27,0,2,1.59,0,1,1
pay_Zom2478574,3360,upi,none,1,7,1,0.047,0,1,2.84,0,0,0
pay_Zom8326807,2059,card,visa,0,241,9,0.071,0,2,6.63,0,0,0
pay_Zom2776088,2059,upi,none,0,44,4,0.131,0,1,1.4,0,0,0
pay_Zom5082173,2059,card,amex,0,11,0,0.231,0,1,6.19,0,0,0
pay_Zom8309439,3360,card,amex,1,171,18,0.073,0,1,0.62,0,0,0
pay_Zom7718433,3360,card,rupay,0,89,8,0.102,0,3,0.66,0,0,0
pay_Zom9790632,2059,upi,none,0,43,1,0.041,0,1,2.1,0,0,0
pay_Zom2319479,2059,card,visa,0,62,4,0.093,0,1,1.07,0,0,0
pay_Zom7639863,252,upi,none,0,2,0,0.238,0,1,2.32,0,0,0
pay_Zom6205543,252,upi,none,1,130,12,0.016,0,1,0.04,0,0,0
pay_Zom6696087,252,upi,none,1,54,8,0.083,0,2,1.13,0,1,1
pay_Zom4717362,252,card,rupay,0,150,26,0.1,0,1,10.32,0,0,0
pay_Zom6587964,252,upi,none,1,118,20,0.061,0,1,7.4,0,0,0
pay_Zom3820798,252,upi,none,0,126,22,0.141,0,1,0.1,0,0,0
pay_Zom2281433,252,card,mastercard,1,188,4,0.071,0,1,5.71,0,0,0
pay_Zom9564488,2059,card,rupay,0,119,16,0.175,1,1,2.05,0,0,0
pay_Zom2913049,3360,upi,none,1,65,4,0.169,0,1,5.94,0,0,0
pay_Zom9902071,252,upi,none,0,59,9,0.055,0,1,1.15,0,0,0
pay_Zom9555575,252,upi,none,0,15,2,0.101,1,1,2.8,0,0,0
pay_Zom4253164,2059,upi,none,0,181,15,0.116,0,1,14.97,0,0,0
pay_Zom6861544,252,upi,none,0,171,16,0.232,0,1,1.39,0,0,0
pay_Zom6890476,2059,upi,none,1,33,2,0.069,1,3,7.56,1,0,1
pay_Zom3477824,252,upi,none,0,238,15,0.041,0,6,7.34,0,1,1
pay_Zom4963933,252,netbanking,none,0,106,18,0.047,1,1,0.59,0,0,0
pay_Zom2724773,3360,upi,none,1,78,12,0.005,0,1,0.98,0,0,0
pay_Zom3456926,252,upi,none,0,2,0,0.188,1,1,0.48,0,0,0
pay_Zom5294434,2059,card,visa,1,57,3,0.033,0,1,1.19,0,1,1
pay_Zom4309671,2059,upi,none,0,122,4,0.268,0,1,2.6,0,1,1
pay_Zom3910830,252,upi,none,0,11,1,0.351,1,1,9.21,0,1,1
pay_Zom3564729,2059,card,amex,1,73,12,0.03,1,1,1.77,0,0,0
pay_Zom2264218,3360,upi,none,0,603,65,0.022,0,1,15.45,0,0,0
pay_Zom3972018,252,upi,none,0,151,19,0.063,0,1,1.78,0,0,0
pay_Zom9289908,2059,upi,none,1,94,13,0.178,0,2,3.11,0,0,0
pay_Zom8783840,252,upi,none,0,91,4,0.011,0,1,11.71,0,0,0
pay_Zom8531380,2059,upi,none,1,5,0,0.2,1,1,3.22,0,0,0
pay_Zom6422534,2059,card,rupay,1,378,39,0.092,0,1,1.71,0,0,0
pay_Zom6303930,252,upi,none,0,316,10,0.091,1,1,2.61,0,1,1
pay_Zom3532644,3360,upi,none,1,137,11,0.076,0,1,2.75,0,0,0
pay_Zom8377995,3360,upi,none,0,12,1,0.226,0,1,0.39,0,0,0
pay_Zom2145653,2059,netbanking,none,0,27,2,0.066,0,1,1.82,0,0,0
pay_Zom8867190,2059,netbanking,none,1,24,3,0.245,0,3,2.62,0,1,1
pay_Zom8419020,2059,upi,none,1,87,14,0.177,0,1,5.29,0,0,0
pay_Zom6080483,252,card,amex,1,27,3,0.184,0,1,0.02,0,0,0
pay_Zom5608259,2059,card,rupay,1,142,17,0.03,0,1,5.89,0,0,0
pay_Zom1942411,252,upi,none,0,94,9,0.046,0,3,1.1,0,0,0
pay_Zom6904610,252,upi,none,0,2,0,0.055,0,2,4.4,0,1,1
pay_Zom9511700,2059,upi,none,0,163,15,0.119,0,1,5.18,0,0,0
pay_Zom2244712,252,card,mastercard,0,25,1,0.008,0,1,6.87,0,0,0
pay_Zom6207779,252,card,visa,0,209,35,0.01,0,1,10.62,0,0,0
pay_Zom8746753,252,card,rupay,1,52,8,0.087,0,1,8.06,0,0,0
pay_Zom8581856,252,upi,none,0,49,2,0.031,0,1,3.51,0,0,0
pay_Zom1630944,2059,upi,none,1,1,0,0.04,1,6,4.52,1,0,1
pay_Zom1954456,252,card,mastercard,1,528,69,0.124,0,1,4.24,0,0,0
pay_Zom7186390,2059,card,mastercard,0,113,19,0.047,0,1,2.55,0,0,0
pay_Zom5816353,252,upi,none,0,65,6,0.16,0,1,5.12,0,0,0
pay_Zom2287332,2059,card,mastercard,0,12,1,0.051,0,1,2.11,0,0,0
pay_Zom2514923,252,upi,none,0,144,14,0.087,0,1,6.0,0,0,0
pay_Zom9507186,252,card,amex,1,39,1,0.484,1,1,4.77,0,1,1
pay_Zom7450545,2059,upi,none,0,533,14,0.283,0,2,2.36,0,1,1
pay_Zom8763013,2059,upi,none,1,360,14,0.064,0,1,2.53,0,0,0
pay_Zom1688246,252,card,amex,1,159,10,0.251,0,2,3.59,0,1,1
pay_Zom8545279,252,upi,none,0,425,26,0.118,0,2,1.42,0,0,0
pay_Zom4158134,252,card,mastercard,1,13,1,0.064,0,1,2.84,0,0,0
pay_Zom6394323,252,upi,none,0,39,5,0.168,1,2,8.06,0,0,0
pay_Zom8979730,2059,card,mastercard,0,35,6,0.012,0,1,1.3,0,1,1
pay_Zom9411547,252,netbanking,none,0,8,0,0.023,0,1,4.09,0,0,0
pay_Zom3531028,252,upi,none,0,430,73,0.032,1,1,0.14,0,0,0
pay_Zom2038068,252,upi,none,0,7,0,0.017,1,1,0.48,0,0,0
pay_Zom8558523,252,upi,none,1,233,23,0.023,0,1,7.57,0,0,0
pay_Zom2736473,252,upi,none,0,175,22,0.033,0,1,8.18,0,0,0
pay_Zom6761929,252,upi,none,0,56,7,0.118,1,2,2.94,0,0,0
pay_Zom2414808,252,card,rupay,0,2,0,0.014,1,1,3.18,0,0,0
pay_Zom9464927,252,netbanking,none,0,0,0,0.001,0,1,1.84,0,0,0
pay_Zom3895058,2059,card,rupay,0,27,3,0.009,0,2,3.18,0,0,0
pay_Zom1656695,252,upi,none,0,81,14,0.01,0,2,7.3,0,0,0
pay_Zom5156449,3360,card,visa,0,73,12,0.053,0,1,0.59,0,1,1
pay_Zom8344365,252,card,rupay,0,105,13,0.038,0,1,2.43,0,0,0
pay_Zom8372274,2059,upi,none,0,177,23,0.029,0,1,7.31,0,0,0
pay_Zom9792411,2059,upi,none,1,56,9,0.001,0,1,0.26,0,0,0
pay_Zom9770256,2059,upi,none,0,20,3,0.041,0,2,0.79,0,0,0
pay_Zom3663319,2059,card,visa,1,193,29,0.099,1,1,2.52,0,0,0
pay_Zom7105194,252,upi,none,0,48,6,0.107,0,1,3.36,0,0,0
pay_Zom7255418,252,card,visa,0,40,1,0.054,0,1,4.3,0,0,0
pay_Zom5746166,252,upi,none,0,173,26,0.012,1,1,0.72,0,0,0
pay_Zom7499771,252,netbanking,none,0,326,19,0.078,0,1,3.19,0,0,0
pay_Zom7858012,252,upi,none,0,295,32,0.11,0,1,1.47,0,0,0
pay_Zom6676858,252,card,visa,1,17,1,0.171,0,1,1.33,0,0,0
pay_Zom1878547,2059,upi,none,0,83,6,0.0,0,1,0.23,0,0,0
pay_Zom6614484,252,upi,none,1,11,0,0.063,0,1,0.46,0,0,0
pay_Zom2105817,2059,card,amex,0,389,61,0.013,0,1,5.62,1,0,1
pay_Zom6531293,2059,netbanking,none,0,29,4,0.013,0,1,2.14,0,0,0
pay_Zom2585546,3360,upi,none,0,26,2,0.011,0,3,4.84,1,0,1
pay_Zom7485471,252,upi,none,0,263,33,0.187,0,1,5.96,0,0,0
pay_Zom5767195,252,upi,none,1,412,73,0.045,1,1,5.52,0,0,0
pay_Zom5227787,252,upi,none,1,143,11,0.062,0,1,13.91,0,0,0
pay_Zom3522845,252,upi,none,1,15,1,0.048,0,1,1.05,0,0,0
pay_Zom6592886,2059,card,rupay,0,79,8,0.009,0,1,0.26,0,0,0
pay_Zom2367376,252,netbanking,none,0,203,34,0.057,0,1,2.59,0,0,0
pay_Zom3372774,2059,upi,none,1,101,7,0.071,0,1,11.57,0,0,0
pay_Zom6869018,252,upi,none,0,17,3,0.102,0,1,0.79,0,0,0
pay_Zom6204824,2059,upi,none,1,22,1,0.047,1,1,2.75,0,0,0
pay_Zom7575963,2059,upi,none,0,239,8,0.045,0,1,1.84,0,0,0
pay_Zom3163449,252,upi,none,1,89,4,0.301,0,2,3.42,0,1,1
pay_Zom2421349,252,upi,none,1,146,12,0.081,2,1,2.01,0,0,0
pay_Zom6193922,252,upi,none,1,56,6,0.068,1,6,15.63,0,1,1
pay_Zom7319630,252,upi,none,0,91,9,0.007,1,1,5.29,0,0,0
pay_Zom6510922,252,upi,none,0,453,36,0.002,0,1,5.19,0,0,0
pay_Zom3144023,252,upi,none,0,48,5,0.065,0,1,1.6,0,0,0
pay_Zom9831414,252,upi,none,1,134,20,0.182,0,1,5.07,0,0,0
pay_Zom2567880,252,card,mastercard,1,22,3,0.19,1,1,2.58,0,0,0
pay_Zom8103580,252,card,visa,0,15,2,0.224,0,1,6.81,0,0,0
pay_Zom9531021,2059,card,mastercard,0,183,31,0.169,0,1,5.33,0,0,0
pay_Zom7070468,252,upi,none,0,223,25,0.043,0,1,3.88,0,0,0
pay_Zom1305857,2059,upi,none,1,132,2,0.074,0,1,0.97,0,0,0
pay_Zom7083379,252,upi,none,0,20,1,0.245,0,1,2.98,0,0,0
pay_Zom6181912,252,upi,none,0,33,2,0.134,1,1,7.82,0,0,0
pay_Zom4024309,2059,card,visa,0,290,31,0.061,0,1,3.42,0,0,0
pay_Zom4593556,252,upi,none,0,40,6,0.124,0,1,6.24,0,0,0
pay_Zom6733317,252,upi,none,1,205,31,0.146,0,1,2.67,0,0,0
pay_Zom9158272,252,upi,none,0,40,2,0.1,0,2,6.48,0,0,0
pay_Zom4221313,252,upi,none,0,336,34,0.212,1,1,3.07,0,0,0
pay_Zom4800761,252,netbanking,none,0,295,37,0.206,0,1,6.67,0,0,0
pay_Zom3307963,252,upi,none,0,5,0,0.121,0,1,2.24,0,0,0
pay_Zom3599548,2059,upi,none,0,176,4,0.119,1,1,3.84,0,0,0
pay_Zom2294615,252,upi,none,0,22,2,0.012,0,1,0.21,0,0,0
pay_Zom5962567,252,netbanking,none,0,29,5,0.016,0,1,2.02,0,0,0
pay_Zom2696860,252,upi,none,0,73,12,0.239,0,1,0.53,0,0,0
pay_Zom9517619,2059,upi,none,1,103,7,0.176,0,1,0.92,0,0,0
pay_Zom9833734,252,upi,none,1,47,0,0.001,0,1,2.73,0,0,0
pay_Zom1633297,252,card,rupay,1,102,11,0.042,0,1,2.72,0,0,0
pay_Zom6649968,252,upi,none,1,22,3,0.125,0,1,5.62,0,0,0
pay_Zom3198638,3360,upi,none,0,2,0,0.129,0,1,2.26,1,0,1
pay_Zom7320310,252,card,visa,0,101,17,0.045,0,2,10.11,0,1,1
pay_Zom3587931,252,netbanking,none,1,87,6,0.235,0,3,1.43,0,0,0
pay_Zom3722056,252,upi,none,0,140,16,0.221,0,1,2.15,0,0,0
pay_Zom4034091,2059,card,rupay,0,125,16,0.015,0,1,5.15,0,0,0
pay_Zom3777286,252,upi,none,0,273,20,0.019,1,2,3.75,0,0,0
pay_Zom8342941,252,card,mastercard,0,73,5,0.043,0,3,0.64,0,0,0
pay_Zom1733037,2059,upi,none,0,1,0,0.259,0,1,2.56,1,1,1
pay_Zom7893063,2059,upi,none,0,119,18,0.108,0,1,0.28,0,0,0
pay_Zom7111929,252,card,rupay,0,134,4,0.246,0,1,0.57,0,0,0
pay_Zom4985095,2059,card,mastercard,1,88,10,0.001,0,2,0.39,0,0,0
pay_Zom8452417,252,upi,none,0,140,17,0.009,0,1,0.35,0,0,0
pay_Zom5780297,252,card,rupay,1,46,5,0.153,0,1,0.55,0,0,0
pay_Zom8531761,252,upi,none,0,19,3,0.004,0,1,7.74,0,0,0
pay_Zom4925917,3360,card,visa,0,131,15,0.083,0,1,4.08,0,0,0
pay_Zom9959220,252,card,visa,0,33,4,0.029,2,1,3.94,0,0,0
pay_Zom5012581,252,upi,none,0,73,8,0.302,0,1,7.92,0,0,0
pay_Zom6192009,252,card,rupay,0,81,10,0.136,0,1,4.19,0,0,0
pay_Zom8868776,2059,upi,none,0,77,3,0.107,1,1,3.29,0,0,0
pay_Zom4255051,252,upi,none,1,109,17,0.062,0,1,4.79,0,1,1
pay_Zom7171347,252,upi,none,1,3,0,0.193,0,1,4.19,0,0,0
pay_Zom8391997,252,upi,none,0,548,67,0.166,0,1,3.21,0,0,0
pay_Zom8745704,252,card,mastercard,0,151,17,0.057,0,2,0.4,0,0,0
pay_Zom5727345,252,upi,none,0,66,3,0.156,1,1,0.25,0,0,0
pay_Zom7406756,2059,upi,none,0,25,0,0.153,0,1,0.63,0,0,0
pay_Zom9437374,252,card,mastercard,0,10,0,0.018,1,2,3.4,0,0,0
pay_Zom9849306,252,upi,none,1,133,8,0.062,0,3,2.58,0,1,1
pay_Zom8023963,2059,upi,none,0,45,7,0.005,0,3,2.77,0,1,1
pay_Zom3718884,252,upi,none,1,31,4,0.194,0,1,1.7,0,0,0
pay_Zom4350371,252,card,mastercard,0,57,1,0.112,0,2,6.06,0,0,0
pay_Zom3321942,3360,upi,none,1,107,7,0.449,0,3,4.74,1,1,1
pay_Zom5194357,252,upi,none,0,133,21,0.16,1,1,0.18,0,0,0
pay_Zom1875431,252,upi,none,1,124,7,0.067,1,1,0.78,0,1,1
pay_Zom9062973,252,card,rupay,1,238,42,0.036,0,2,2.76,0,1,1
pay_Zom7227905,252,upi,none,0,29,1,0.152,0,1,0.74,0,0,0
pay_Zom2721170,252,netbanking,none,0,121,16,0.072,0,1,0.53,0,0,0
pay_Zom9655523,252,upi,none,1,12,1,0.018,0,1,0.03,0,0,0
pay_Zom3091745,252,card,rupay,1,95,3,0.507,0,2,14.25,0,1,1
pay_Zom5782563,252,upi,none,0,105,6,0.084,0,1,0.92,0,0,0
pay_Zom2407191,3360,upi,none,0,29,3,0.121,0,1,1.92,0,0,0
pay_Zom3689594,2059,netbanking,none,0,59,4,0.048,0,1,3.45,0,0,0
pay_Zom5576678,252,upi,none,0,210,24,0.058,0,1,0.99,0,0,0
pay_Zom8538325,252,upi,none,0,19,1,0.075,0,1,5.89,0,0,0
pay_Zom9612629,2059,upi,none,0,68,6,0.063,0,1,3.14,0,0,0
pay_Zom3472100,252,netbanking,none,0,323,32,0.168,0,1,4.04,0,0,0
pay_Zom8339571,252,upi,none,1,84,7,0.058,0,1,0.58,0,0,0
pay_Zom2538698,3360,upi,none,1,154,7,0.052,0,1,4.49,1,0,1
pay_Zom4725179,252,card,rupay,0,210,19,0.116,1,1,0.19,0,0,0
pay_Zom8568671,2059,upi,none,1,27,3,0.016,0,1,1.35,0,0,0
pay_Zom6865064,3360,card,rupay,0,29,5,0.052,0,1,1.97,0,0,0
pay_Zom1447451,252,upi,none,0,170,24,0.099,0,1,0.35,0,0,0
pay_Zom7960815,252,card,mastercard,1,167,7,0.195,0,1,2.87,0,0,0
pay_Zom1893502,252,upi,none,0,7,0,0.273,1,1,1.46,0,1,1
pay_Zom7651393,2059,upi,none,0,46,1,0.115,0,1,0.51,0,0,0
pay_Zom9422281,2059,upi,none,0,61,2,0.255,0,1,1.18,0,1,1
pay_Zom7274032,2059,upi,none,0,211,12,0.153,1,1,3.04,0,0,0
pay_Zom4955699,252,upi,none,1,65,3,0.158,0,2,0.89,0,1,1
pay_Zom7478792,2059,upi,none,1,312,16,0.076,0,1,2.22,0,1,1
pay_Zom2369112,3360,upi,none,1,682,38,0.024,0,1,4.1,0,0,0
pay_Zom7289990,2059,upi,none,1,182,12,0.072,0,1,3.31,0,0,0
pay_Zom4767135,3360,upi,none,1,131,5,0.091,0,1,5.05,0,1,1
pay_Zom1472908,2059,upi,none,1,59,3,0.285,0,1,4.12,0,1,1
pay_Zom6346644,2059,upi,none,0,8,1,0.243,0,1,2.32,0,0,0
pay_Zom2662338,252,upi,none,1,102,5,0.152,0,1,2.57,0,0,0
pay_Zom6625238,252,upi,none,0,53,2,0.192,0,1,1.08,0,0,0
pay_Zom3450300,252,upi,none,1,51,1,0.065,0,1,9.41,0,0,0
pay_Zom3308538,2059,netbanking,none,0,139,13,0.044,0,3,8.13,0,0,0
pay_Zom1642620,252,card,mastercard,1,74,11,0.19,0,1,5.93,0,0,0
pay_Zom5813037,2059,upi,none,1,167,4,0.145,0,1,0.56,0,1,1
pay_Zom8926478,3360,upi,none,1,60,6,0.225,0,6,5.18,1,1,1
pay_Zom3328554,2059,card,amex,1,19,2,0.158,1,1,9.19,0,0,0
pay_Zom8870361,252,upi,none,0,74,8,0.072,0,2,8.42,0,1,1
pay_Zom8526283,252,card,rupay,0,361,57,0.47,0,1,8.24,0,0,0
pay_Zom1088100,252,upi,none,0,194,30,0.234,0,1,3.92,0,0,0
pay_Zom2329187,2059,card,amex,0,27,0,0.109,1,1,1.01,0,0,0
pay_Zom1318832,2059,upi,none,0,59,4,0.008,0,1,3.08,0,0,0
pay_Zom5293691,3360,upi,none,0,315,40,0.295,0,2,1.17,0,1,1
pay_Zom4618086,252,upi,none,0,15,2,0.0,1,1,5.65,0,0,0
pay_Zom3508522,3360,netbanking,none,1,35,5,0.001,0,1,0.66,0,0,0
pay_Zom9854536,2059,card,rupay,1,36,1,0.014,0,1,0.85,0,0,0
pay_Zom8101036,252,upi,none,0,101,6,0.118,1,1,1.08,0,0,0
pay_Zom2865405,2059,upi,none,0,63,8,0.14,2,1,3.16,0,0,0
pay_Zom5833542,252,upi,none,0,9,0,0.045,1,2,3.1,0,0,0
pay_Zom4986941,252,upi,none,0,119,12,0.126,1,1,2.79,0,0,0
pay_Zom6052478,2059,upi,none,0,12,1,0.151,0,1,0.55,0,0,0
pay_Zom3044276,252,upi,none,0,111,4,0.245,0,1,2.18,0,0,0
pay_Zom1801102,2059,card,amex,0,84,13,0.383,1,1,9.23,0,0,0
pay_Zom5000351,2059,card,mastercard,0,81,12,0.032,1,1,9.75,0,0,0
pay_Zom8043503,252,upi,none,0,8,0,0.025,0,1,2.29,0,0,0
pay_Zom8669093,252,upi,none,0,122,14,0.185,1,1,1.07,0,0,0
pay_Zom2053729,252,netbanking,none,1,67,8,0.014,1,1,17.21,0,0,0
pay_Zom2859886,252,card,mastercard,1,63,3,0.309,0,1,0.87,0,1,1
pay_Zom9385742,252,card,amex,0,108,4,0.027,2,1,6.43,0,0,0
pay_Zom9993490,252,netbanking,none,0,111,2,0.167,0,6,1.22,1,0,1
pay_Zom1275739,252,card,visa,0,1,0,0.092,0,2,8.42,0,0,0
pay_Zom9646569,252,upi,none,0,16,1,0.032,1,1,0.44,0,0,0
pay_Zom5059048,252,upi,none,0,32,1,0.007,0,1,1.33,0,0,0
pay_Zom3408819,2059,netbanking,none,0,135,12,0.012,0,1,3.6,0,0,0
pay_Zom5886733,2059,upi,none,0,103,3,0.028,0,1,0.35,0,0,0
pay_Zom8201433,252,upi,none,0,170,5,0.35,0,1,1.74,0,1,1
pay_Zom1026245,252,upi,none,1,161,15,0.062,0,1,1.75,0,0,0
pay_Zom6919270,3360,card,rupay,0,230,23,0.405,0,1,2.51,0,1,1
pay_Zom5035998,2059,netbanking,none,0,56,6,0.016,0,3,0.01,0,0,0
pay_Zom7988844,3360,upi,none,0,50,6,0.093,1,1,3.69,0,0,0
pay_Zom4142605,2059,upi,none,0,213,27,0.093,0,1,1.84,0,0,0
pay_Zom2436363,252,card,amex,1,32,2,0.129,0,1,0.97,0,0,0
pay_Zom9782613,252,upi,none,0,74,9,0.383,0,6,0.81,0,1,1
pay_Zom7049927,252,upi,none,0,25,1,0.016,0,2,5.22,0,0,0
pay_Zom2135470,252,netbanking,none,0,294,26,0.035,0,1,1.18,0,0,0
pay_Zom9825812,252,upi,none,0,62,5,0.016,0,1,3.96,0,0,0
pay_Zom9511546,252,upi,none,0,28,2,0.101,0,1,0.03,0,0,0
pay_Zom9516493,252,upi,none,0,141,8,0.221,0,1,12.31,0,0,0
pay_Zom1341153,2059,upi,none,1,33,1,0.279,0,1,0.29,0,1,1
pay_Zom7550726,2059,netbanking,none,0,344,34,0.156,0,1,1.81,0,0,0
pay_Zom8887557,252,upi,none,0,54,5,0.075,0,1,3.86,0,1,1
pay_Zom1730386,2059,upi,none,0,131,9,0.056,0,1,3.43,0,0,0
pay_Zom7490791,252,upi,none,1,50,8,0.186,0,1,7.81,0,0,0
pay_Zom7262974,2059,upi,none,1,197,21,0.172,0,1,12.24,0,0,0
pay_Zom5255545,252,card,amex,1,272,44,0.157,1,1,4.45,0,0,0
pay_Zom1272499,3360,card,visa,1,186,20,0.007,0,2,3.56,0,1,1
pay_Zom6991041,2059,netbanking,none,1,226,11,0.327,0,1,0.36,0,1,1
pay_Zom2133461,252,upi,none,0,12,2,0.059,0,1,2.03,0,0,0
pay_Zom6784825,252,card,mastercard,1,309,49,0.12,0,1,0.72,0,0,0
pay_Zom5045421,252,upi,none,1,117,11,0.131,0,1,1.67,0,0,0
pay_Zom2739191,252,card,amex,0,244,14,0.038,0,2,0.53,0,0,0
pay_Zom6578736,252,card,mastercard,0,138,7,0.083,0,1,5.39,0,0,0
pay_Zom3238241,2059,upi,none,1,27,4,0.249,0,1,2.52,0,0,0
pay_Zom1743829,252,upi,none,1,112,3,0.132,0,1,0.41,0,1,1
pay_Zom6910597,2059,upi,none,1,11,1,0.334,0,1,2.57,0,1,1
pay_Zom6679880,3360,upi,none,1,142,17,0.026,0,1,1.4,0,0,0
pay_Zom3937508,252,netbanking,none,1,63,3,0.12,0,1,2.44,0,0,0
pay_Zom8795078,252,upi,none,0,19,2,0.096,1,1,1.04,0,0,0
pay_Zom9028420,252,upi,none,0,464,61,0.201,0,1,4.94,0,0,0
pay_Zom4058117,2059,upi,none,0,277,21,0.023,0,1,0.03,0,0,0
pay_Zom3262450,252,card,rupay,0,268,26,0.194,0,2,0.53,0,0,0
pay_Zom2058651,3360,upi,none,0,186,28,0.1,0,1,2.96,0,0,0
pay_Zom8678589,2059,upi,none,0,141,14,0.04,0,1,3.66,0,0,0
pay_Zom1620485,252,upi,none,0,127,15,0.007,0,1,0.15,0,0,0
pay_Zom5923149,252,upi,none,1,13,1,0.073,0,1,3.84,0,1,1
pay_Zom4382135,2059,upi,none,0,276,12,0.079,0,1,0.79,0,0,0
pay_Zom1734947,2059,card,visa,1,255,45,0.079,0,1,0.56,0,1,1
pay_Zom4346548,252,upi,none,1,165,17,0.244,0,2,0.07,0,0,0
pay_Zom1703065,252,upi,none,0,314,23,0.246,0,1,2.37,0,0,0
pay_Zom6294819,2059,upi,none,0,96,12,0.077,0,1,4.89,0,0,0
pay_Zom6202210,252,upi,none,1,71,8,0.171,0,1,3.17,0,0,0
pay_Zom9646701,3360,upi,none,1,412,23,0.399,0,1,7.03,0,1,1
pay_Zom7681090,252,upi,none,0,74,11,0.05,0,1,2.67,0,0,0
pay_Zom8942330,252,upi,none,0,123,3,0.26,0,1,0.03,0,1,1
pay_Zom5249899,2059,upi,none,0,56,6,0.333,0,1,6.75,0,0,0
pay_Zom1614394,252,upi,none,0,121,11,0.177,0,2,8.79,0,0,0
pay_Zom4206183,252,card,mastercard,0,152,10,0.019,1,1,7.23,0,0,0
pay_Zom5800144,252,upi,none,0,117,17,0.037,0,1,0.74,0,0,0
pay_Zom6989032,252,card,amex,0,86,10,0.1,0,1,16.32,0,0,0
pay_Zom1802018,2059,card,visa,1,42,5,0.132,0,1,11.38,0,0,0
pay_Zom6568772,252,upi,none,0,123,10,0.016,0,3,6.79,1,0,1
pay_Zom5583814,252,card,visa,1,286,48,0.071,0,1,3.05,0,0,0
pay_Zom3088344,2059,upi,none,1,0,0,0.133,0,1,0.77,0,1,1
pay_Zom7174337,2059,upi,none,1,17,1,0.009,0,1,0.75,0,0,0
pay_Zom8330827,252,upi,none,0,15,2,0.276,0,1,2.56,0,0,0
pay_Zom7711251,252,upi,none,0,307,10,0.108,0,1,7.81,0,0,0
pay_Zom8377556,3360,upi,none,1,130,4,0.017,1,1,1.69,0,0,0
pay_Zom7486822,2059,upi,none,1,363,65,0.0,0,1,2.38,0,0,0
pay_Zom6688090,252,upi,none,0,104,18,0.236,0,1,1.9,0,0,0
pay_Zom4134272,252,upi,none,0,74,10,0.244,1,1,4.69,0,0,0
pay_Zom9324908,252,upi,none,1,188,18,0.039,0,1,0.36,0,0,0
pay_Zom9347057,2059,upi,none,0,21,2,0.067,0,1,4.46,0,0,0
pay_Zom7163058,2059,upi,none,0,57,3,0.275,0,1,5.39,0,1,1
pay_Zom9712003,2059,upi,none,1,75,6,0.039,1,1,4.4,0,0,0
pay_Zom5474830,2059,upi,none,0,42,3,0.222,0,1,3.96,0,0,0
pay_Zom2385991,2059,upi,none,0,55,1,0.027,0,2,1.73,0,0,0
pay_Zom8121922,252,card,visa,1,9,0,0.121,0,1,2.31,0,0,0
pay_Zom2324175,252,card,visa,0,26,2,0.277,1,1,0.83,0,0,0
pay_Zom8224389,252,upi,none,0,49,6,0.023,0,3,4.12,0,0,0
pay_Zom4027557,252,card,visa,0,190,19,0.09,2,1,0.82,0,0,0
pay_Zom5928582,2059,upi,none,0,24,3,0.176,1,1,2.86,0,0,0
pay_Zom6389033,252,upi,none,1,51,4,0.081,2,1,4.81,0,1,1
pay_Zom2721307,252,netbanking,none,0,8,0,0.303,0,1,0.71,0,1,1
pay_Zom2343333,252,upi,none,0,97,10,0.268,0,1,1.11,0,0,0
pay_Zom6501583,252,netbanking,none,0,113,5,0.093,0,1,2.02,0,0,0
pay_Zom5960015,252,upi,none,0,240,19,0.18,0,1,3.65,0,0,0
pay_Zom6142147,252,upi,none,0,205,26,0.135,0,1,1.37,0,0,0
pay_Zom8481225,2059,upi,none,0,40,3,0.029,1,1,0.69,0,0,0
pay_Zom8149041,252,upi,none,0,17,2,0.21,1,2,0.59,0,0,0
pay_Zom3795835,2059,upi,none,0,20,2,0.004,0,1,1.07,0,0,0
pay_Zom8447546,252,upi,none,0,416,18,0.0,0,1,1.81,0,0,0
pay_Zom6897979,252,card,rupay,1,134,13,0.185,0,1,0.34,0,1,1
pay_Zom8501590,252,upi,none,0,5,0,0.004,0,1,10.64,0,0,0
pay_Zom1710601,252,upi,none,0,17,2,0.108,0,1,24.08,0,0,0
pay_Zom6914963,2059,upi,none,0,79,12,0.06,0,1,7.17,0,0,0
pay_Zom8297090,252,card,rupay,1,27,3,0.024,0,1,6.15,0,0,0
pay_Zom5606274,252,upi,none,0,195,5,0.405,0,1,1.96,0,1,1
pay_Zom1962308,2059,upi,none,1,102,3,0.082,0,1,1.44,0,1,1
pay_Zom2258981,252,netbanking,none,0,113,14,0.048,1,1,1.99,0,0,0
pay_Zom7815076,252,upi,none,1,74,4,0.047,0,1,0.07,0,0,0
pay_Zom7095349,2059,upi,none,0,35,3,0.27,1,1,0.61,0,1,1
pay_Zom9608154,2059,card,visa,1,106,15,0.087,0,1,2.77,0,0,0
pay_Zom3684131,252,card,amex,1,151,16,0.075,1,1,9.17,0,0,0
pay_Zom1522452,3360,upi,none,0,55,4,0.198,0,1,9.18,0,0,0
pay_Zom3395441,2059,upi,none,0,84,10,0.007,0,1,4.39,0,0,0
pay_Zom8351320,252,card,amex,0,219,9,0.133,1,1,2.32,0,0,0
pay_Zom1583829,2059,upi,none,0,19,2,0.01,0,1,1.09,0,0,0
pay_Zom3117788,252,netbanking,none,1,94,12,0.081,0,1,1.87,0,0,0
pay_Zom2127988,252,upi,none,0,51,5,0.153,0,1,14.68,0,0,0
pay_Zom4959345,252,upi,none,0,145,9,0.064,0,1,6.81,0,0,0
pay_Zom7145971,252,upi,none,0,2,0,0.051,1,2,2.32,0,1,1
pay_Zom7075878,2059,card,rupay,0,133,13,0.015,0,1,6.72,0,0,0
pay_Zom7423230,252,card,mastercard,1,13,0,0.042,0,1,4.82,0,0,0
pay_Zom1543335,2059,upi,none,1,8,1,0.256,0,1,1.81,0,1,1
pay_Zom3574265,2059,netbanking,none,0,154,21,0.095,0,1,2.38,0,1,1
pay_Zom8548448,252,upi,none,1,122,13,0.082,0,1,2.18,0,1,1
pay_Zom7223751,2059,upi,none,1,270,24,0.13,1,2,0.05,0,1,1
pay_Zom7241348,252,card,visa,0,87,15,0.036,0,1,1.36,0,0,0
pay_Zom8448065,252,card,amex,1,90,12,0.063,0,1,0.14,0,0,0
pay_Zom2289923,2059,card,rupay,0,147,15,0.177,1,1,7.57,0,0,0
pay_Zom3310140,252,card,rupay,0,46,5,0.181,0,1,3.09,0,0,0
pay_Zom9882862,252,upi,none,0,4,0,0.122,0,1,1.81,0,0,0
pay_Zom7156398,252,upi,none,1,31,1,0.085,1,1,0.37,0,0,0
pay_Zom7677903,252,netbanking,none,0,32,2,0.125,0,1,0.15,0,0,0
pay_Zom6274512,252,upi,none,0,49,3,0.506,1,1,1.04,0,1,1
pay_Zom5675638,252,upi,none,0,344,47,0.013,1,1,1.76,0,0,0
pay_Zom5187788,3360,card,mastercard,0,196,8,0.068,0,1,3.2,0,0,0
pay_Zom2903351,252,upi,none,1,329,47,0.002,0,1,1.52,0,0,0
pay_Zom1434753,252,card,mastercard,0,789,81,0.043,0,1,2.3,0,0,0
pay_Zom4121368,252,upi,none,0,68,5,0.129,0,1,3.99,0,0,0
pay_Zom9372568,252,card,amex,0,30,2,0.256,0,1,0.16,0,0,0
pay_Zom9686324,3360,upi,none,0,98,10,0.033,0,1,2.6,0,0,0
pay_Zom7492570,2059,upi,none,0,255,18,0.05,1,1,1.17,0,0,0
pay_Zom2975701,2059,upi,none,0,75,6,0.008,0,1,5.33,0,0,0
pay_Zom5391883,252,upi,none,0,84,11,0.185,0,1,1.36,0,0,0
pay_Zom5366937,252,upi,none,0,17,2,0.014,0,1,0.65,0,0,0
pay_Zom8487220,252,upi,none,0,65,9,0.007,0,1,5.45,0,0,0
pay_Zom4599894,2059,upi,none,0,58,7,0.082,0,6,5.13,0,0,0
pay_Zom5791184,252,upi,none,1,52,7,0.079,0,1,2.18,0,1,1
pay_Zom9240971,252,upi,none,0,261,13,0.066,0,2,0.71,0,0,0
pay_Zom4358435,3360,upi,none,1,7,1,0.463,0,1,2.24,0,1,1
pay_Zom3057514,252,card,mastercard,0,429,41,0.133,0,2,2.04,0,0,0
pay_Zom3277144,252,upi,none,0,0,0,0.064,0,1,0.56,0,0,0
pay_Zom2242387,252,card,mastercard,0,349,44,0.061,0,1,1.58,0,0,0
pay_Zom8584017,3360,card,visa,0,95,10,0.175,0,1,5.9,0,0,0
pay_Zom3896693,252,card,rupay,0,145,26,0.193,1,1,2.45,0,0,0
pay_Zom8467726,2059,card,rupay,1,24,1,0.142,0,1,0.49,0,0,0
pay_Zom2472884,2059,upi,none,0,127,11,0.179,0,1,7.56,0,0,0
pay_Zom6361793,252,card,mastercard,0,256,10,0.142,0,2,4.77,0,0,0
pay_Zom6828829,2059,upi,none,0,18,0,0.056,0,1,2.74,0,0,0
pay_Zom2089496,252,card,rupay,1,16,2,0.121,0,2,1.09,0,1,1
pay_Zom5871470,252,card,rupay,1,43,0,0.104,0,2,0.36,0,0,0
pay_Zom6032437,2059,upi,none,0,21,3,0.09,0,1,4.69,0,0,0
pay_Zom3642499,2059,upi,none,0,14,1,0.034,0,1,3.45,0,0,0
pay_Zom3920762,2059,upi,none,0,136,12,0.077,0,1,5.99,0,0,0
pay_Zom7064832,252,card,amex,1,28,2,0.028,0,1,4.09,0,0,0
pay_Zom9535505,252,upi,none,1,131,5,0.016,1,1,0.59,0,0,0
pay_Zom4762150,252,upi,none,1,237,39,0.101,0,1,2.11,0,0,0
pay_Zom3036124,252,upi,none,0,126,16,0.051,1,1,1.31,0,0,0
pay_Zom4371891,252,upi,none,0,15,1,0.003,0,1,7.02,0,0,0
pay_Zom3329967,252,netbanking,none,1,102,3,0.025,1,2,1.12,0,1,1
pay_Zom4971774,252,card,rupay,1,60,4,0.061,0,1,2.39,0,0,0
pay_Zom9288312,252,upi,none,1,50,2,0.12,0,1,2.78,0,1,1
pay_Zom1440972,252,upi,none,0,46,6,0.111,0,1,3.44,0,0,0
pay_Zom7054838,252,upi,none,0,318,42,0.228,0,1,3.53,0,0,0
pay_Zom7189302,2059,upi,none,0,162,16,0.228,0,3,3.63,1,0,1
pay_Zom8841768,252,card,mastercard,1,17,2,0.208,0,1,1.54,0,0,0
pay_Zom3177199,3360,upi,none,0,77,3,0.218,0,1,2.47,0,0,0
pay_Zom2446455,2059,upi,none,0,45,4,0.025,0,1,0.21,0,0,0
pay_Zom2103070,252,card,amex,0,457,61,0.091,0,2,2.62,0,0,0
pay_Zom6189037,2059,netbanking,none,0,458,14,0.128,0,1,3.41,0,0,0
pay_Zom7680015,252,upi,none,0,46,3,0.032,1,1,4.77,0,0,0
pay_Zom9030667,252,upi,none,0,52,5,0.135,0,1,0.56,0,0,0
pay_Zom9819709,252,upi,none,0,109,8,0.009,0,1,3.39,0,0,0
pay_Zom7891998,252,card,rupay,1,78,7,0.117,0,1,1.39,0,0,0
pay_Zom7869154,252,netbanking,none,1,28,3,0.046,0,1,1.81,0,0,0
pay_Zom2237331,252,upi,none,0,129,10,0.069,0,1,2.25,0,0,0
pay_Zom3102634,2059,upi,none,1,48,1,0.15,0,1,0.48,0,0,0
pay_Zom6318841,2059,card,rupay,0,127,5,0.02,0,1,0.96,0,0,0
pay_Zom2244282,252,card,amex,1,58,6,0.062,0,1,0.23,0,0,0
pay_Zom8549319,2059,netbanking,none,1,144,6,0.023,0,1,12.8,0,0,0
pay_Zom8815384,252,upi,none,0,132,21,0.228,0,1,0.74,0,0,0
pay_Zom9679860,252,upi,none,0,85,13,0.159,0,1,3.52,0,0,0
pay_Zom6779998,2059,upi,none,0,146,11,0.374,0,3,0.43,0,1,1
pay_Zom3153097,252,upi,none,1,74,11,0.195,0,1,4.18,0,0,0
pay_Zom4052834,252,upi,none,0,14,1,0.301,1,1,7.28,0,1,1
pay_Zom3164813,252,upi,none,0,24,1,0.007,0,3,2.26,1,0,1
pay_Zom8258130,252,upi,none,0,33,3,0.018,0,1,4.06,0,0,0
pay_Zom9436654,3360,card,amex,1,7,0,0.042,0,1,3.78,0,1,1
pay_Zom1929673,252,upi,none,1,149,4,0.1,2,2,3.71,0,0,0
pay_Zom3083077,3360,card,rupay,0,54,3,0.044,0,2,0.39,0,0,0
pay_Zom9692311,252,upi,none,1,11,0,0.114,0,1,5.94,0,0,0
pay_Zom3567173,252,card,visa,1,205,14,0.229,0,1,3.09,0,0,0
pay_Zom6102363,252,upi,none,1,138,10,0.095,1,1,0.9,0,0,0
pay_Zom3762487,2059,card,visa,0,72,8,0.063,0,2,2.03,0,0,0
pay_Zom3717354,252,upi,none,0,34,1,0.007,0,2,4.52,0,0,0
pay_Zom6413349,2059,upi,none,0,19,0,0.128,0,2,3.6,0,0,0
pay_Zom4782763,2059,card,rupay,0,73,5,0.173,0,1,0.58,0,0,0
pay_Zom6805303,252,upi,none,0,259,39,0.033,0,1,3.21,0,0,0
pay_Zom9705660,3360,upi,none,0,25,2,0.06,0,1,2.49,0,0,0
pay_Zom5765539,2059,card,rupay,0,100,8,0.167,0,2,3.71,0,0,0
pay_Zom2323049,2059,card,amex,0,391,37,0.003,0,1,5.37,0,0,0
pay_Zom5204459,252,upi,none,0,121,16,0.02,1,1,1.4,0,0,0
pay_Zom4293399,252,upi,none,0,69,6,0.017,0,1,1.84,0,0,0
pay_Zom5604524,252,upi,none,1,151,5,0.351,0,1,3.16,0,1,1
pay_Zom3100009,252,upi,none,1,208,11,0.046,0,1,5.33,0,0,0
pay_Zom6080553,252,netbanking,none,0,107,5,0.403,0,1,3.36,0,1,1
pay_Zom9950276,2059,upi,none,1,246,24,0.058,0,1,0.05,0,1,1
pay_Zom2567468,252,upi,none,0,86,2,0.012,0,1,16.49,0,0,0
pay_Zom9431778,252,netbanking,none,1,212,13,0.067,2,1,0.1,0,0,0
pay_Zom3829240,3360,upi,none,0,364,42,0.115,0,1,7.09,0,0,0
pay_Zom3586950,2059,card,amex,0,83,6,0.159,0,1,8.26,0,0,0
pay_Zom3872269,252,upi,none,0,111,14,0.116,0,1,0.85,0,0,0
pay_Zom6664316,2059,upi,none,0,112,9,0.081,0,1,5.22,0,0,0
pay_Zom1691125,252,upi,none,0,182,32,0.309,0,2,2.27,0,1,1
pay_Zom1476028,252,upi,none,0,207,36,0.154,0,1,1.89,0,0,0
pay_Zom2362693,2059,upi,none,0,3,0,0.148,1,1,0.56,0,0,0
pay_Zom1762722,252,upi,none,1,158,27,0.036,0,2,2.16,0,1,1
pay_Zom5440189,252,upi,none,0,183,9,0.214,0,1,3.55,0,0,0
pay_Zom4536777,252,upi,none,0,144,20,0.386,0,2,2.41,0,1,1
pay_Zom7989166,252,upi,none,0,150,10,0.005,0,1,0.89,0,0,0
pay_Zom1508113,252,upi,none,1,5,0,0.047,0,1,2.34,0,0,0
pay_Zom9355692,252,upi,none,0,70,5,0.111,0,1,7.23,0,1,1
pay_Zom5859883,2059,card,rupay,0,204,13,0.042,0,1,5.96,0,0,0
pay_Zom6068298,2059,upi,none,0,326,56,0.079,1,1,0.75,0,0,0
pay_Zom9102469,252,upi,none,0,31,1,0.116,0,1,2.35,0,0,0
pay_Zom5108369,252,card,rupay,0,103,14,0.139,0,1,3.24,0,0,0
pay_Zom7813102,252,upi,none,0,195,24,0.253,0,1,2.66,0,1,1
pay_Zom5990112,252,card,rupay,0,167,11,0.144,0,1,3.78,0,1,1
pay_Zom8609207,2059,card,rupay,0,115,10,0.004,1,1,4.04,0,1,1
pay_Zom2224284,252,upi,none,0,2,0,0.027,0,1,1.81,0,0,0
pay_Zom2005173,252,upi,none,0,154,25,0.163,0,1,0.97,0,0,0
pay_Zom3652149,2059,netbanking,none,0,178,31,0.106,0,1,2.04,0,0,0
pay_Zom8375356,2059,upi,none,1,153,20,0.165,0,1,0.4,0,0,0
pay_Zom7972975,2059,card,visa,0,174,27,0.498,1,1,4.82,0,1,1
pay_Zom9124385,252,upi,none,1,67,2,0.112,0,1,5.23,0,0,0
pay_Zom8792046,252,upi,none,0,609,49,0.001,0,1,10.04,0,0,0
pay_Zom4422938,252,upi,none,0,176,12,0.019,0,1,8.02,0,0,0
pay_Zom6707484,252,upi,none,1,103,11,0.083,2,1,0.48,0,0,0
pay_Zom3410360,2059,upi,none,0,326,16,0.194,0,1,2.76,0,0,0
pay_Zom6244264,2059,card,amex,0,286,31,0.036,0,1,4.28,0,0,0
pay_Zom6357240,2059,netbanking,none,0,202,25,0.184,0,1,6.17,0,0,0
pay_Zom6794356,2059,card,mastercard,0,99,4,0.043,0,1,1.24,0,0,0
pay_Zom7689354,252,upi,none,1,89,3,0.227,0,1,15.18,0,0,0
pay_Zom3193891,2059,card,rupay,0,47,1,0.085,0,1,2.46,0,0,0
pay_Zom7216632,252,card,rupay,0,34,4,0.218,0,1,2.17,0,0,0
pay_Zom9639932,252,netbanking,none,1,86,6,0.013,0,1,1.92,0,0,0
pay_Zom2781470,252,upi,none,1,103,5,0.022,1,1,0.69,0,0,0
pay_Zom6353876,252,card,rupay,1,33,4,0.033,0,1,2.86,0,0,0
pay_Zom5055688,252,upi,none,0,307,13,0.188,0,1,0.47,0,0,0
pay_Zom8826111,3360,upi,none,1,97,8,0.248,1,1,6.49,0,1,1
pay_Zom3055576,252,netbanking,none,1,89,12,0.33,0,1,0.17,0,1,1
pay_Zom5487430,252,upi,none,1,68,7,0.048,0,1,6.7,0,0,0
pay_Zom8542969,252,upi,none,1,7,0,0.007,0,1,5.83,0,0,0
pay_Zom5159388,2059,card,mastercard,1,256,11,0.174,0,1,1.25,0,0,0
pay_Zom3363534,252,upi,none,0,45,2,0.062,0,1,0.13,0,0,0
pay_Zom2624230,2059,card,amex,0,123,13,0.151,0,6,7.55,0,1,1
pay_Zom1849015,252,card,amex,1,112,2,0.076,0,1,5.71,0,0,0
pay_Zom5868949,2059,upi,none,0,105,16,0.048,0,1,3.52,0,0,0
pay_Zom7444964,252,upi,none,0,89,6,0.002,0,1,0.2,0,0,0
pay_Zom8015136,2059,card,rupay,0,24,2,0.094,1,2,2.49,0,0,0
pay_Zom5165284,2059,upi,none,1,39,2,0.003,0,1,9.52,0,0,0
pay_Zom3679315,252,netbanking,none,0,89,14,0.02,0,1,0.4,0,0,0
pay_Zom6493461,252,card,rupay,0,186,22,0.01,0,1,2.5,0,0,0
pay_Zom6246485,252,upi,none,0,67,6,0.182,0,1,5.69,0,0,0
pay_Zom4184887,252,upi,none,0,27,3,0.027,0,1,3.79,0,0,0
pay_Zom3673322,252,netbanking,none,0,11,0,0.317,0,1,1.76,0,1,1
pay_Zom9359508,2059,upi,none,0,130,12,0.113,2,1,7.79,0,0,0
pay_Zom9635649,252,upi,none,1,66,5,0.107,0,1,2.62,0,0,0
pay_Zom8831858,252,card,amex,1,16,1,0.145,0,1,7.11,0,0,0
pay_Zom9367799,252,card,mastercard,1,134,9,0.036,0,1,3.31,0,0,0
pay_Zom6176450,252,upi,none,0,27,0,0.028,0,1,1.31,0,0,0
pay_Zom9344488,2059,upi,none,0,85,2,0.036,0,1,8.01,0,0,0
pay_Zom1388833,252,card,rupay,0,43,2,0.004,0,3,7.41,0,0,0
pay_Zom2510773,2059,card,mastercard,0,322,19,0.157,1,1,1.28,0,0,0
pay_Zom7597509,2059,card,mastercard,0,31,5,0.067,0,1,0.85,0,0,0
pay_Zom9479950,2059,netbanking,none,1,65,7,0.183,0,3,13.49,0,1,1
pay_Zom8671057,2059,upi,none,0,384,66,0.039,0,1,2.25,0,0,0
pay_Zom5038756,252,card,amex,0,46,3,0.212,0,1,21.16,0,0,0
pay_Zom4609524,3360,netbanking,none,1,124,10,0.039,0,1,1.02,0,0,0
pay_Zom6920597,252,upi,none,0,45,6,0.042,1,1,0.37,0,0,0
pay_Zom1816348,252,upi,none,1,14,1,0.019,0,1,0.03,0,1,1
pay_Zom1847927,2059,card,rupay,1,118,12,0.074,1,1,1.31,0,0,0
pay_Zom5720376,3360,upi,none,0,297,33,0.053,0,1,3.08,0,0,0
pay_Zom9302946,2059,upi,none,0,72,8,0.093,0,1,1.0,0,0,0
pay_Zom8895137,252,upi,none,1,118,16,0.359,1,1,3.0,0,1,1
pay_Zom5794062,252,upi,none,0,112,14,0.159,0,1,0.2,0,0,0
pay_Zom1137194,3360,upi,none,0,64,11,0.022,0,3,12.33,1,0,1
pay_Zom2803501,252,upi,none,1,114,19,0.174,2,1,1.49,0,1,1
pay_Zom8229768,2059,netbanking,none,0,36,3,0.029,1,1,12.68,0,0,0
pay_Zom3247055,2059,card,visa,0,56,1,0.051,0,1,2.68,0,0,0
pay_Zom5437118,252,card,amex,0,70,1,0.1,0,1,2.2,0,0,0
pay_Zom7136730,252,upi,none,1,239,9,0.07,0,1,0.33,0,0,0
pay_Zom7765480,252,card,amex,0,51,1,0.023,0,1,0.31,0,0,0
pay_Zom7139410,252,card,visa,0,120,9,0.067,0,1,2.52,0,1,1
pay_Zom1759041,2059,card,rupay,0,28,0,0.29,0,1,1.34,0,0,0
pay_Zom7720644,252,upi,none,0,34,4,0.185,0,1,0.72,0,0,0
pay_Zom1858283,2059,upi,none,1,125,6,0.047,0,1,0.51,0,0,0
pay_Zom4265774,252,card,mastercard,1,172,17,0.165,0,1,2.86,0,0,0
pay_Zom7082139,3360,card,mastercard,0,74,2,0.084,0,2,1.25,0,1,1
pay_Zom5841933,252,card,mastercard,0,48,7,0.108,0,1,5.74,0,0,0
pay_Zom2233658,252,upi,none,0,289,41,0.109,1,2,0.33,0,0,0
pay_Zom7481857,252,upi,none,0,17,1,0.041,0,1,0.03,1,0,1
pay_Zom9460003,2059,card,rupay,0,153,25,0.041,0,1,9.96,0,0,0
pay_Zom8555692,2059,upi,none,0,140,6,0.087,0,1,0.06,0,0,0
pay_Zom5692934,2059,card,amex,0,140,21,0.041,0,1,6.88,0,0,0
pay_Zom2993318,252,netbanking,none,0,328,35,0.313,0,1,7.43,0,1,1
pay_Zom3158613,252,card,amex,1,156,11,0.165,0,1,10.27,0,0,0
pay_Zom2622046,252,upi,none,1,43,1,0.164,0,1,2.39,0,0,0
pay_Zom7608607,252,upi,none,0,52,2,0.046,0,1,3.42,0,0,0
pay_Zom7261229,252,card,amex,0,59,9,0.027,0,1,1.6,0,0,0
pay_Zom6688907,3360,card,amex,1,3,0,0.268,0,1,12.48,0,1,1
pay_Zom7133857,3360,upi,none,1,293,16,0.047,0,1,4.61,0,0,0
pay_Zom3420404,3360,upi,none,0,9,0,0.127,1,1,4.46,0,0,0
pay_Zom4339637,2059,upi,none,1,144,5,0.137,0,1,1.53,0,1,1
pay_Zom9541658,252,card,amex,1,157,5,0.064,0,2,1.25,0,0,0
pay_Zom7734157,252,card,visa,0,222,36,0.063,0,1,2.85,0,0,0
pay_Zom9389915,252,netbanking,none,0,96,8,0.038,0,1,0.3,0,0,0
pay_Zom1675365,2059,upi,none,0,155,12,0.121,0,1,1.9,0,0,0
pay_Zom1760064,252,card,mastercard,0,43,7,0.049,0,2,2.66,0,0,0
pay_Zom1652868,252,upi,none,0,164,13,0.18,0,1,4.85,0,0,0
pay_Zom3299088,252,upi,none,1,50,3,0.078,0,1,2.97,0,0,0
pay_Zom6587495,252,card,mastercard,1,279,17,0.051,0,1,1.73,0,0,0
pay_Zom8948107,2059,upi,none,0,21,2,0.185,0,1,0.1,0,0,0
pay_Zom9712957,2059,upi,none,0,45,4,0.005,1,1,4.31,0,0,0
pay_Zom8666995,252,card,rupay,0,82,1,0.047,0,1,5.11,0,0,0
pay_Zom3498809,3360,upi,none,0,179,22,0.149,0,1,6.74,0,0,0
pay_Zom9648751,2059,upi,none,0,165,24,0.006,0,1,0.77,0,0,0
pay_Zom3345135,252,upi,none,1,28,3,0.11,0,1,2.46,0,0,0
pay_Zom6502353,252,upi,none,0,18,2,0.026,1,1,2.16,0,0,0
pay_Zom6344047,252,netbanking,none,0,43,2,0.144,1,2,5.01,0,0,0
pay_Zom3726331,252,upi,none,0,79,4,0.003,1,1,2.45,0,0,0
pay_Zom7592683,3360,card,visa,0,92,12,0.19,0,1,5.6,0,0,0
pay_Zom6020319,252,upi,none,0,67,3,0.056,0,1,0.3,0,0,0
pay_Zom6643410,2059,upi,none,0,130,4,0.12,0,1,0.19,0,0,0
pay_Zom9511333,252,upi,none,0,66,2,0.051,0,1,1.09,0,0,0
pay_Zom9551583,252,card,amex,0,350,50,0.013,0,1,2.25,0,0,0
pay_Zom9931180,252,upi,none,0,36,0,0.066,0,1,4.87,0,0,0
pay_Zom9218263,252,card,amex,0,118,7,0.017,0,1,1.59,0,0,0
pay_Zom6029651,252,upi,none,0,113,4,0.008,1,1,4.73,0,0,0
pay_Zom8967375,3360,netbanking,none,1,39,5,0.023,0,1,6.23,0,0,0
pay_Zom1279121,252,card,amex,0,63,6,0.028,0,1,2.44,0,0,0
pay_Zom7180018,2059,card,visa,0,54,2,0.046,0,1,11.1,0,0,0
pay_Zom6557278,252,card,rupay,0,22,3,0.014,0,1,0.58,0,0,0
pay_Zom2838859,252,upi,none,0,77,10,0.015,0,1,1.23,0,0,0
pay_Zom7988386,252,card,visa,1,58,6,0.015,1,1,21.06,0,0,0
pay_Zom6161977,252,upi,none,0,23,1,0.001,0,1,0.64,0,0,0
pay_Zom1447065,252,upi,none,1,71,8,0.0,0,1,8.48,0,0,0
pay_Zom8962302,252,upi,none,0,65,11,0.04,0,1,8.85,0,0,0
pay_Zom5454861,252,upi,none,0,16,0,0.092,0,1,3.57,0,0,0
pay_Zom4817541,252,upi,none,1,16,1,0.219,0,1,0.18,0,0,0
pay_Zom1861596,252,upi,none,0,125,8,0.155,0,1,2.49,0,0,0
pay_Zom9060593,252,upi,none,0,147,17,0.088,0,1,0.25,0,0,0
pay_Zom3860717,3360,upi,none,1,339,42,0.009,0,1,1.41,0,0,0
pay_Zom9795159,2059,upi,none,1,10,0,0.246,0,1,0.06,0,0,0
pay_Zom7378535,252,netbanking,none,0,15,0,0.116,0,1,0.16,0,0,0
pay_Zom3479264,252,netbanking,none,0,6,1,0.008,2,1,4.18,0,0,0
pay_Zom5063384,3360,netbanking,none,0,91,12,0.124,0,1,14.11,0,0,0
pay_Zom1529665,2059,upi,none,0,116,19,0.018,0,2,5.34,0,0,0
pay_Zom2843740,252,upi,none,0,62,9,0.065,0,1,1.76,0,0,0
pay_Zom4200829,2059,netbanking,none,1,191,16,0.101,3,1,1.44,0,0,0
pay_Zom1317716,252,netbanking,none,0,139,5,0.035,0,1,17.84,0,0,0
pay_Zom8399399,252,card,rupay,1,510,61,0.013,0,1,0.92,0,0,0
pay_Zom6262886,2059,upi,none,0,17,1,0.188,0,1,0.14,0,0,0
pay_Zom8025967,252,upi,none,0,7,0,0.227,1,1,1.06,0,0,0
pay_Zom3540594,3360,card,mastercard,1,38,3,0.199,0,1,1.46,0,0,0
pay_Zom7928320,2059,upi,none,0,2,0,0.026,1,1,2.34,0,0,0
pay_Zom4420734,252,upi,none,0,323,10,0.037,0,1,4.19,0,0,0
pay_Zom7884990,252,card,rupay,0,43,2,0.018,2,1,3.74,0,0,0
pay_Zom9419134,252,card,mastercard,1,96,11,0.258,3,6,3.47,1,1,1
pay_Zom8912226,252,upi,none,0,45,7,0.018,0,1,7.67,0,0,0
pay_Zom2044906,2059,upi,none,0,33,5,0.124,0,1,3.04,0,0,0
pay_Zom3316639,252,netbanking,none,0,19,2,0.059,0,1,0.68,0,0,0
pay_Zom9702060,252,upi,none,0,46,1,0.134,0,1,1.57,0,0,0
pay_Zom4478616,2059,card,rupay,1,114,8,0.069,0,1,3.91,0,0,0
pay_Zom6453426,252,card,mastercard,0,427,71,0.048,0,1,2.61,0,0,0
pay_Zom9025733,2059,card,mastercard,0,97,9,0.095,0,1,3.03,0,0,0
pay_Zom9816043,252,card,amex,0,91,12,0.057,0,6,1.24,0,0,0
pay_Zom7322070,3360,upi,none,1,4,0,0.156,1,1,1.19,0,0,0
pay_Zom6263895,252,upi,none,1,219,5,0.122,0,1,2.09,0,0,0
pay_Zom3905518,252,upi,none,1,5,0,0.066,0,1,0.12,0,0,0
pay_Zom8711874,252,upi,none,0,284,43,0.09,0,1,1.98,0,0,0
pay_Zom9944387,252,upi,none,0,92,16,0.032,0,2,2.36,0,0,0
pay_Zom6743294,2059,upi,none,0,22,3,0.259,0,1,0.22,0,1,1
pay_Zom6943949,2059,card,rupay,1,72,7,0.241,0,1,0.12,0,0,0
pay_Zom5435261,2059,upi,none,1,635,74,0.023,0,1,0.03,0,1,1
pay_Zom9123194,252,upi,none,1,43,6,0.137,1,1,1.57,0,0,0
pay_Zom4225657,252,upi,none,0,37,0,0.239,1,1,2.41,0,0,0
pay_Zom5135904,252,card,amex,0,15,2,0.509,0,1,0.66,0,0,0
pay_Zom5680950,252,upi,none,0,109,11,0.085,0,1,7.91,0,0,0
pay_Zom6007984,2059,upi,none,1,11,1,0.082,0,3,3.06,0,0,0
pay_Zom4772642,252,upi,none,0,174,24,0.134,0,1,3.19,0,0,0
pay_Zom5993143,252,card,mastercard,1,301,13,0.116,1,1,0.24,0,0,0
pay_Zom5848684,252,netbanking,none,0,322,14,0.081,0,1,0.29,0,0,0
pay_Zom4477544,2059,netbanking,none,0,13,0,0.32,0,1,2.46,0,1,1
pay_Zom9204110,2059,upi,none,0,98,6,0.029,0,6,5.03,0,1,1
pay_Zom6319061,2059,upi,none,0,12,1,0.012,0,2,6.39,0,1,1
pay_Zom9049765,252,upi,none,0,101,11,0.031,0,1,2.73,0,0,0
pay_Zom6851946,252,upi,none,0,202,18,0.051,0,2,3.11,0,1,1
pay_Zom5587856,2059,upi,none,0,92,2,0.016,0,1,3.34,0,0,0
pay_Zom5828304,2059,upi,none,0,246,43,0.071,0,1,1.3,0,0,0
pay_Zom3044708,252,card,amex,1,194,17,0.179,0,1,12.97,0,0,0
pay_Zom7370211,2059,upi,none,1,38,5,0.037,0,1,13.03,0,0,0
pay_Zom7619156,2059,upi,none,0,119,3,0.119,0,2,3.43,0,0,0
pay_Zom6790398,2059,upi,none,0,0,0,0.229,0,3,1.67,0,0,0
pay_Zom3457461,2059,upi,none,0,60,2,0.133,0,1,6.63,0,0,0
pay_Zom5872986,252,card,visa,1,32,4,0.009,0,1,0.67,0,0,0
pay_Zom1705758,252,card,amex,0,331,41,0.046,0,6,3.24,1,0,1
pay_Zom5825636,252,card,rupay,0,62,10,0.195,0,1,5.45,0,0,0
pay_Zom2325893,2059,upi,none,1,127,9,0.185,0,1,0.01,0,0,0
pay_Zom6811015,2059,upi,none,0,158,5,0.029,1,1,1.98,0,0,0
pay_Zom8421839,2059,upi,none,1,178,28,0.306,0,2,1.06,0,1,1
pay_Zom5302415,252,netbanking,none,0,159,11,0.008,0,1,5.6,0,0,0
pay_Zom9037616,2059,netbanking,none,0,40,2,0.071,0,2,9.0,0,0,0
pay_Zom4590102,2059,card,amex,0,139,13,0.002,1,1,0.67,0,0,0
pay_Zom4390138,2059,upi,none,1,95,4,0.079,0,2,0.69,0,0,0
pay_Zom5548852,2059,upi,none,1,109,7,0.051,0,1,11.43,0,0,0
pay_Zom5557052,2059,upi,none,0,0,0,0.223,0,3,2.51,1,0,1
pay_Zom3303058,252,card,visa,0,35,2,0.216,0,1,0.36,0,0,0
pay_Zom2832517,252,card,amex,0,320,29,0.012,0,3,0.28,0,0,0
pay_Zom5014486,252,card,mastercard,1,41,3,0.114,0,1,11.66,0,0,0
pay_Zom5067770,252,upi,none,0,69,9,0.138,0,1,1.98,0,0,0
pay_Zom1851702,2059,upi,none,1,24,4,0.018,1,3,9.98,0,1,1
pay_Zom9909397,2059,upi,none,0,17,0,0.036,0,1,3.01,0,0,0
pay_Zom4786141,252,upi,none,0,28,4,0.036,0,1,4.48,0,0,0
pay_Zom4906349,252,upi,none,0,96,16,0.095,0,1,1.15,0,0,0
pay_Zom1880654,2059,upi,none,1,301,39,0.099,0,1,0.24,0,1,1
pay_Zom2681042,252,card,mastercard,1,47,8,0.002,0,1,5.4,0,0,0
pay_Zom7934046,252,card,mastercard,0,46,3,0.039,0,2,0.64,0,1,1
pay_Zom6541407,252,upi,none,0,99,15,0.439,0,1,4.41,0,1,1
pay_Zom8925622,252,upi,none,0,52,6,0.208,1,1,0.27,0,0,0
pay_Zom2686863,252,upi,none,0,289,20,0.112,0,1,3.0,0,0,0
pay_Zom3306314,252,card,rupay,1,56,7,0.085,0,1,4.9,0,0,0
pay_Zom1086930,252,upi,none,0,80,8,0.274,0,2,0.07,0,1,1
pay_Zom3649811,2059,upi,none,1,91,4,0.098,0,1,1.72,0,0,0
pay_Zom7826774,252,card,amex,1,182,8,0.082,0,1,3.11,0,0,0
pay_Zom8980915,2059,upi,none,1,99,13,0.135,1,1,5.6,0,0,0
pay_Zom9010256,252,upi,none,1,32,4,0.014,0,1,1.04,0,0,0
pay_Zom4346315,252,card,mastercard,0,15,1,0.075,1,1,5.93,0,0,0
pay_Zom5819172,2059,card,amex,1,333,33,0.031,0,1,3.65,0,0,0
pay_Zom6388299,252,card,visa,0,194,9,0.463,0,1,1.49,0,1,1
pay_Zom5788474,252,upi,none,0,2,0,0.022,0,1,1.25,0,0,0
pay_Zom1992583,252,upi,none,1,206,32,0.106,0,6,4.24,0,1,1
pay_Zom2500901,2059,card,visa,0,107,16,0.041,0,2,4.51,0,1,1
pay_Zom4896008,252,upi,none,1,87,10,0.035,0,1,3.55,0,0,0
pay_Zom9978365,252,card,rupay,1,1,0,0.27,0,1,2.06,0,1,1
pay_Zom1625760,2059,card,amex,1,182,29,0.166,0,1,0.08,0,0,0
pay_Zom3937099,252,netbanking,none,0,26,1,0.229,0,1,2.99,0,1,1
pay_Zom8010946,2059,upi,none,0,156,13,0.072,1,1,3.32,0,0,0
pay_Zom3949245,2059,upi,none,0,1,0,0.02,0,1,0.96,1,0,1
pay_Zom1609681,3360,upi,none,1,190,17,0.014,1,1,0.8,0,0,0
pay_Zom7660463,252,card,visa,0,2,0,0.187,1,1,6.99,0,0,0
pay_Zom9311162,2059,upi,none,0,32,1,0.088,0,1,0.69,0,0,0
pay_Zom4125790,252,upi,none,0,37,5,0.034,0,1,0.82,0,0,0
pay_Zom5856449,252,upi,none,0,20,2,0.059,0,1,3.41,0,0,0
pay_Zom1628578,252,upi,none,0,78,10,0.007,0,1,1.35,0,0,0
pay_Zom1155477,2059,upi,none,0,40,1,0.068,0,1,2.04,0,0,0
pay_Zom6006190,252,upi,none,0,600,21,0.011,0,1,2.64,0,0,0
pay_Zom2800206,252,card,rupay,1,104,12,0.032,0,2,9.36,0,1,1
pay_Zom6621073,252,upi,none,0,100,15,0.142,3,1,1.06,0,0,0
pay_Zom5774152,2059,upi,none,0,29,4,0.218,0,1,0.16,0,0,0
pay_Zom8622712,2059,card,rupay,0,63,8,0.084,0,1,0.43,0,0,0
pay_Zom9796605,2059,card,mastercard,1,15,0,0.082,0,1,0.19,0,0,0
pay_Zom9286475,252,upi,none,0,172,8,0.28,0,1,4.91,0,1,1
pay_Zom3251501,252,upi,none,0,48,7,0.093,0,1,13.86,0,0,0
pay_Zom9459284,2059,card,visa,0,167,6,0.041,1,1,0.29,0,0,0
pay_Zom8852085,252,upi,none,0,55,7,0.14,0,1,1.17,0,0,0
pay_Zom5577446,252,upi,none,0,538,56,0.034,0,1,6.73,0,0,0
pay_Zom4234838,2059,upi,none,0,22,1,0.462,0,1,7.97,0,1,1
pay_Zom2889899,3360,upi,none,1,0,0,0.074,0,1,0.85,0,0,0
pay_Zom6547958,2059,upi,none,0,108,18,0.011,0,1,8.79,0,0,0
pay_Zom3726201,2059,card,amex,0,366,57,0.023,0,1,3.02,0,0,0
pay_Zom8699307,3360,card,visa,0,124,19,0.017,0,3,18.57,1,0,1
pay_Zom5316188,252,upi,none,0,10,0,0.388,1,1,0.08,0,1,1
pay_Zom4123902,252,upi,none,1,93,3,0.114,0,1,5.4,0,0,0
pay_Zom1236293,3360,upi,none,0,288,51,0.202,1,1,0.2,0,0,0
pay_Zom6655803,252,upi,none,1,0,0,0.253,0,1,4.64,0,1,1
pay_Zom5949685,2059,upi,none,1,21,2,0.139,0,2,10.09,0,0,0
pay_Zom4240708,252,card,visa,0,202,12,0.01,0,1,1.38,0,0,0
pay_Zom3944316,252,card,amex,1,269,27,0.123,0,1,1.45,0,0,0
pay_Zom7802999,2059,upi,none,0,147,10,0.108,0,1,0.96,0,0,0
pay_Zom8175669,3360,card,amex,0,572,93,0.088,0,1,1.98,0,0,0
pay_Zom9644974,2059,upi,none,0,11,1,0.254,1,1,2.24,0,1,1
pay_Zom6501696,252,upi,none,0,94,8,0.113,0,1,2.97,0,0,0
pay_Zom2455218,2059,upi,none,0,138,4,0.06,0,1,4.08,0,0,0
pay_Zom7724865,252,card,mastercard,0,145,18,0.023,0,1,3.37,0,0,0
pay_Zom2600296,252,card,rupay,0,189,15,0.072,0,1,0.36,0,0,0
pay_Zom4100114,252,card,amex,0,299,53,0.247,0,1,3.5,0,0,0
pay_Zom3359075,252,upi,none,0,53,1,0.03,0,1,0.75,0,0,0
pay_Zom9010350,252,upi,none,0,5,0,0.029,0,1,2.68,0,0,0
pay_Zom6429135,3360,upi,none,0,54,7,0.079,0,1,3.1,0,0,0
pay_Zom5161539,2059,upi,none,0,133,18,0.017,2,1,2.01,0,0,0
pay_Zom1114590,2059,upi,none,0,28,2,0.049,0,1,1.89,0,0,0
pay_Zom5375250,252,netbanking,none,0,199,12,0.092,0,1,1.94,0,0,0
pay_Zom7435310,3360,card,amex,0,29,2,0.208,0,2,0.94,0,1,1
pay_Zom4951390,3360,upi,none,0,1,0,0.024,0,1,5.69,1,0,1
pay_Zom8494978,2059,upi,none,0,85,4,0.246,0,1,2.33,0,0,0
pay_Zom5479421,252,upi,none,1,155,24,0.224,0,1,2.46,0,0,0
pay_Zom6530194,252,card,visa,0,51,1,0.169,0,1,0.71,0,0,0
pay_Zom6065810,252,card,amex,0,165,14,0.047,1,1,2.26,0,0,0
pay_Zom1191859,252,card,amex,0,69,9,0.059,0,1,2.01,0,0,0
pay_Zom5388133,252,upi,none,0,22,0,0.018,2,1,1.87,0,0,0
pay_Zom7032283,3360,upi,none,0,11,1,0.137,0,1,2.07,0,0,0
pay_Zom4964499,252,netbanking,none,0,148,19,0.196,1,2,0.99,0,0,0
pay_Zom2042273,252,netbanking,none,0,58,1,0.266,0,1,5.55,0,0,0
pay_Zom2983483,252,upi,none,0,292,47,0.222,0,1,0.76,0,0,0
pay_Zom8808032,252,upi,none,1,93,9,0.074,0,1,2.71,0,0,0
pay_Zom6147356,252,upi,none,0,51,6,0.001,0,1,1.36,0,0,0
pay_Zom3679603,252,card,visa,0,51,8,0.104,0,1,4.44,0,0,0
pay_Zom7801762,252,card,visa,1,16,2,0.092,1,1,4.11,0,0,0
pay_Zom9430894,2059,card,visa,0,108,9,0.04,0,1,4.19,0,0,0
pay_Zom6217344,3360,upi,none,1,104,6,0.076,1,1,7.58,0,0,0
pay_Zom2969909,252,upi,none,0,193,11,0.047,0,1,5.31,0,0,0
pay_Zom5949909,252,upi,none,0,26,3,0.174,0,1,1.4,0,0,0
pay_Zom7166363,2059,netbanking,none,0,41,6,0.153,0,1,1.75,0,0,0
pay_Zom4705235,252,upi,none,1,12,0,0.017,0,1,7.07,0,0,0
pay_Zom4676367,252,card,mastercard,0,42,0,0.191,0,1,6.07,0,0,0
pay_Zom3240912,2059,upi,none,1,67,10,0.069,0,1,8.9,0,1,1
pay_Zom9022561,252,netbanking,none,0,399,32,0.129,1,1,6.38,0,0,0
pay_Zom3570027,2059,card,rupay,0,127,8,0.189,1,1,0.48,0,0,0
pay_Zom8633275,252,upi,none,1,183,9,0.166,0,1,1.4,0,0,0
pay_Zom7268384,252,card,amex,0,47,3,0.163,0,1,1.21,0,0,0
pay_Zom7976731,252,upi,none,1,18,3,0.273,1,1,1.67,0,1,1
pay_Zom8899184,2059,upi,none,0,35,6,0.272,0,3,1.21,0,1,1
pay_Zom4664338,252,upi,none,1,35,2,0.139,0,1,5.38,0,0,0
pay_Zom5151780,252,netbanking,none,0,104,18,0.192,0,1,4.22,0,0,0
pay_Zom2373555,2059,netbanking,none,0,50,3,0.056,0,1,0.78,0,0,0
pay_Zom9816538,252,upi,none,1,233,36,0.199,0,1,0.69,0,0,0
pay_Zom8495187,252,card,visa,0,536,28,0.039,0,1,0.86,0,0,0
pay_Zom9861274,2059,card,visa,0,50,7,0.043,0,1,1.32,0,0,0
pay_Zom7069742,252,card,rupay,0,146,11,0.011,0,1,4.02,0,0,0
pay_Zom2310346,2059,upi,none,0,128,6,0.096,0,1,1.61,0,1,1
pay_Zom2882551,2059,upi,none,1,25,4,0.05,0,1,1.93,0,0,0
pay_Zom2036128,2059,card,mastercard,0,300,16,0.08,1,1,0.15,0,0,0
pay_Zom9480665,252,upi,none,0,26,4,0.072,0,1,2.29,0,0,0
pay_Zom4391627,3360,upi,none,0,160,5,0.211,0,1,2.04,0,0,0
pay_Zom3514105,252,card,amex,1,51,1,0.235,2,1,4.03,0,0,0
pay_Zom3760475,2059,upi,none,0,54,8,0.186,0,2,0.79,0,0,0
pay_Zom6504900,252,netbanking,none,0,72,8,0.15,0,1,4.49,0,0,0
pay_Zom9729882,252,upi,none,0,239,20,0.164,0,2,4.43,0,0,0
pay_Zom8412854,252,netbanking,none,0,18,0,0.051,0,1,3.41,0,0,0
pay_Zom2950183,3360,upi,none,1,6,0,0.051,0,1,1.55,0,1,1
pay_Zom4446065,3360,upi,none,0,61,5,0.048,0,1,0.21,0,0,0
pay_Zom9201172,252,upi,none,0,6,0,0.061,2,1,0.95,0,0,0
pay_Zom2525747,252,card,mastercard,0,139,16,0.005,1,1,9.32,0,0,0
pay_Zom9562677,2059,card,mastercard,1,171,20,0.011,2,1,7.4,0,1,1
pay_Zom8473959,252,upi,none,0,231,40,0.149,0,1,0.77,0,0,0
pay_Zom1933413,252,upi,none,0,163,20,0.026,0,1,1.36,0,0,0
pay_Zom8607331,2059,upi,none,0,297,22,0.014,0,1,0.03,0,0,0
pay_Zom3213658,252,upi,none,1,165,12,0.386,0,1,1.3,0,1,1
pay_Zom9610869,3360,card,mastercard,0,330,31,0.032,0,6,5.64,1,1,1
pay_Zom7969667,252,upi,none,0,25,1,0.102,0,1,2.96,0,0,0
pay_Zom8663806,252,upi,none,0,83,6,0.063,0,1,7.11,0,0,0
pay_Zom1968662,252,card,visa,0,612,94,0.145,0,3,11.4,0,0,0
pay_Zom8757420,2059,netbanking,none,1,137,21,0.139,0,1,0.88,0,0,0
pay_Zom6170227,252,card,rupay,0,253,30,0.107,0,1,2.83,0,0,0
pay_Zom1365247,2059,upi,none,1,3,0,0.267,2,1,4.92,0,1,1
pay_Zom7642917,252,upi,none,0,246,21,0.115,0,1,3.4,0,0,0
pay_Zom5269083,2059,upi,none,0,143,17,0.045,1,1,1.06,0,0,0
pay_Zom1050591,252,upi,none,0,22,3,0.156,0,2,13.23,0,0,0
pay_Zom4655777,252,card,rupay,1,3,0,0.033,1,3,3.93,0,1,1
pay_Zom2225232,2059,card,rupay,0,36,0,0.028,0,1,0.04,0,0,0
pay_Zom1759836,252,upi,none,1,296,40,0.01,0,1,2.54,0,0,0
pay_Zom8108462,252,upi,none,0,132,17,0.004,0,1,0.64,0,0,0
pay_Zom6780235,2059,upi,none,0,302,10,0.103,0,1,4.49,0,0,0
pay_Zom2069713,252,upi,none,1,70,3,0.016,1,1,0.24,0,0,0
pay_Zom2010921,2059,upi,none,1,331,48,0.027,0,1,1.46,0,0,0
pay_Zom2157949,252,upi,none,0,74,8,0.23,0,1,1.32,0,0,0
pay_Zom8920040,2059,upi,none,0,27,4,0.084,1,2,7.77,0,0,0
pay_Zom1532422,252,upi,none,0,19,0,0.066,0,1,7.24,0,0,0
pay_Zom5816582,252,upi,none,0,610,15,0.206,1,1,6.07,0,0,0
pay_Zom7859648,3360,upi,none,0,48,2,0.151,0,2,4.8,0,0,0
pay_Zom4019585,2059,upi,none,0,20,1,0.068,0,1,10.81,0,0,0
pay_Zom3272119,252,card,mastercard,0,1,0,0.241,1,1,0.74,0,0,0
pay_Zom8052503,252,upi,none,0,40,6,0.147,0,1,6.0,0,0,0
pay_Zom7282411,2059,upi,none,1,263,35,0.067,0,1,3.92,0,0,0
pay_Zom7416943,252,upi,none,0,91,16,0.199,0,6,4.23,1,0,1
pay_Zom8525204,2059,netbanking,none,0,120,3,0.067,0,1,1.95,0,0,0
pay_Zom7333337,2059,upi,none,1,306,12,0.158,0,1,3.7,0,0,0
pay_Zom7302286,252,upi,none,0,86,2,0.105,0,1,0.95,0,0,0
pay_Zom2346371,252,upi,none,0,218,23,0.246,0,1,2.64,0,0,0
pay_Zom3231198,2059,upi,none,0,46,2,0.294,0,1,12.35,0,1,1
pay_Zom6834610,252,netbanking,none,0,453,58,0.078,1,1,4.04,0,0,0
pay_Zom2990334,252,card,amex,1,9,0,0.014,1,1,3.94,0,0,0
pay_Zom3994290,3360,card,mastercard,0,154,5,0.095,1,1,0.94,0,0,0
pay_Zom7594429,252,upi,none,0,129,12,0.406,0,2,6.43,0,1,1
pay_Zom9872505,2059,card,rupay,0,25,2,0.204,0,1,8.99,0,0,0
pay_Zom3136529,252,upi,none,1,59,9,0.168,0,1,0.4,0,0,0
pay_Zom4736121,252,upi,none,0,45,6,0.389,0,2,2.11,0,1,1
pay_Zom1058272,252,upi,none,0,11,0,0.071,0,1,3.84,0,0,0
pay_Zom1381435,252,upi,none,0,105,15,0.194,0,1,7.52,0,0,0
pay_Zom6005700,252,upi,none,0,607,66,0.001,0,1,2.69,0,0,0
pay_Zom8767916,252,card,visa,0,98,9,0.172,0,1,1.91,0,0,0
pay_Zom8115687,2059,upi,none,0,94,3,0.0,0,1,0.14,0,0,0
pay_Zom9924365,252,upi,none,0,4,0,0.23,0,1,2.81,0,0,0
pay_Zom7363203,252,upi,none,0,17,0,0.067,0,1,1.4,0,0,0
pay_Zom4853123,252,upi,none,0,86,5,0.104,0,1,17.43,0,0,0
pay_Zom5152562,252,card,mastercard,0,505,17,0.086,1,1,3.19,0,0,0
pay_Zom8728009,252,upi,none,1,251,26,0.03,1,1,0.85,0,1,1
pay_Zom6807596,252,card,visa,0,49,6,0.021,0,2,17.18,0,0,0
pay_Zom3602504,252,upi,none,0,93,15,0.083,0,1,3.13,0,0,0
pay_Zom5624635,252,card,rupay,0,96,13,0.063,1,2,5.13,0,0,0
pay_Zom4162177,252,card,mastercard,0,138,23,0.258,0,1,12.16,0,1,1
pay_Zom2893218,2059,upi,none,0,139,19,0.08,1,1,4.86,0,0,0
pay_Zom1540516,252,upi,none,1,187,12,0.053,0,1,10.05,0,0,0
pay_Zom8033690,252,card,visa,0,3,0,0.079,1,6,1.57,1,1,1
pay_Zom1262492,2059,upi,none,1,345,32,0.007,0,1,0.19,0,0,0
pay_Zom5037710,252,upi,none,1,8,0,0.285,0,1,11.63,0,1,1
pay_Zom4457475,2059,upi,none,0,77,8,0.153,1,2,2.78,0,1,1
pay_Zom2128954,252,upi,none,1,302,39,0.068,0,1,5.16,0,0,0
pay_Zom2692765,252,upi,none,0,80,2,0.153,0,1,2.81,0,0,0
pay_Zom1563316,252,upi,none,0,7,0,0.228,0,1,5.01,0,0,0
pay_Zom8490038,252,card,mastercard,0,31,1,0.099,0,1,0.22,0,0,0
pay_Zom1816653,2059,upi,none,0,103,2,0.062,0,1,0.24,0,0,0
pay_Zom5105957,252,card,rupay,1,11,1,0.081,0,1,8.83,0,1,1
pay_Zom1742169,2059,upi,none,1,66,7,0.062,0,1,2.0,0,0,0
pay_Zom7748892,252,netbanking,none,1,47,1,0.093,0,2,1.25,0,0,0
pay_Zom8364573,252,netbanking,none,0,202,20,0.122,0,2,8.62,0,0,0
pay_Zom4931560,252,card,amex,0,14,1,0.07,0,1,23.65,0,0,0
pay_Zom4645172,252,netbanking,none,0,137,3,0.026,0,1,3.33,0,0,0
pay_Zom1946973,252,card,rupay,0,62,8,0.019,0,1,2.87,0,0,0
pay_Zom3351084,2059,card,amex,0,106,5,0.015,0,1,8.73,0,1,1
pay_Zom9453969,2059,upi,none,0,27,3,0.075,0,1,0.69,0,0,0
pay_Zom5853035,252,upi,none,0,112,7,0.004,1,1,3.51,0,0,0
pay_Zom4928578,2059,card,amex,0,134,12,0.019,0,1,5.74,0,0,0
pay_Zom6350316,3360,upi,none,0,8,1,0.061,0,2,4.71,0,1,1
pay_Zom6379867,2059,card,rupay,0,208,30,0.011,2,1,4.83,0,0,0
pay_Zom4974590,252,card,visa,1,237,34,0.285,0,1,5.72,0,1,1
pay_Zom6062767,2059,upi,none,0,7,0,0.153,1,1,0.84,0,0,0
pay_Zom3403511,252,card,mastercard,0,110,3,0.105,0,1,2.84,0,0,0
pay_Zom9745141,3360,upi,none,1,108,12,0.102,1,1,0.41,0,0,0
pay_Zom4708481,252,upi,none,1,1,0,0.023,0,1,0.33,0,1,1
pay_Zom7938388,252,upi,none,1,50,8,0.19,0,3,5.96,0,1,1
pay_Zom6041569,2059,upi,none,0,416,31,0.069,0,1,5.85,0,0,0
pay_Zom5616316,252,upi,none,0,97,8,0.049,0,1,0.7,0,0,0
pay_Zom2022699,3360,upi,none,1,324,33,0.001,0,1,2.92,0,0,0
pay_Zom3938247,3360,upi,none,1,135,19,0.002,0,1,0.14,0,0,0
pay_Zom8167236,2059,card,mastercard,0,3,0,0.074,0,1,1.62,0,0,0
pay_Zom9315137,252,upi,none,0,9,1,0.014,2,1,0.56,0,0,0
pay_Zom1786584,2059,upi,none,0,153,16,0.021,0,1,1.63,0,1,1
pay_Zom6778321,252,upi,none,0,97,14,0.059,0,2,3.04,0,1,1
pay_Zom7394713,252,card,mastercard,0,16,1,0.004,0,1,5.72,0,0,0
pay_Zom9799030,2059,card,amex,0,114,16,0.187,1,1,2.52,0,0,0
pay_Zom6347476,252,upi,none,1,199,5,0.186,0,3,9.38,0,0,0
pay_Zom7984768,252,upi,none,0,167,24,0.084,0,3,0.37,0,0,0
pay_Zom7849452,3360,card,amex,1,33,3,0.345,0,1,2.71,0,1,1
pay_Zom3503456,252,upi,none,0,35,3,0.004,0,1,8.32,0,0,0
pay_Zom6031294,252,upi,none,0,412,15,0.092,0,1,0.93,0,0,0
pay_Zom7315953,3360,upi,none,0,262,36,0.215,0,1,5.16,0,0,0
pay_Zom4084977,252,upi,none,1,45,1,0.012,1,1,1.03,0,0,0
pay_Zom8944327,2059,card,rupay,0,208,10,0.041,1,1,13.31,0,0,0
pay_Zom5042775,3360,upi,none,0,21,0,0.024,0,1,4.95,1,0,1
pay_Zom4780654,3360,upi,none,1,26,0,0.106,0,1,3.71,0,0,0
pay_Zom6045519,2059,upi,none,0,23,2,0.007,0,1,7.22,0,0,0
pay_Zom3421820,252,netbanking,none,1,11,0,0.009,0,1,3.1,0,0,0
pay_Zom8768273,252,card,visa,1,231,10,0.028,1,1,1.21,0,0,0
pay_Zom1966769,2059,card,rupay,1,103,7,0.177,0,2,1.34,0,1,1
pay_Zom7923579,2059,card,rupay,0,35,3,0.044,2,2,3.11,0,0,0
pay_Zom7987842,252,upi,none,0,226,22,0.009,0,2,2.63,0,0,0
pay_Zom9891787,252,netbanking,none,1,194,15,0.073,0,1,8.35,0,0,0
pay_Zom3249703,252,upi,none,0,12,1,0.097,0,1,2.73,0,0,0
pay_Zom7516590,252,card,visa,0,123,10,0.001,0,1,2.5,0,0,0
pay_Zom5074489,2059,upi,none,1,153,23,0.19,0,1,2.08,0,0,0
pay_Zom5278117,252,upi,none,0,150,3,0.17,0,1,0.48,0,0,0
pay_Zom4411424,3360,upi,none,1,154,24,0.112,0,1,0.45,0,1,1
pay_Zom6540893,2059,card,amex,1,22,1,0.105,0,1,3.86,0,0,0
pay_Zom2326581,252,card,rupay,1,45,6,0.069,0,1,2.15,0,0,0
pay_Zom8546170,2059,upi,none,0,223,18,0.08,0,1,2.77,0,0,0
pay_Zom7225647,252,upi,none,0,274,18,0.002,0,1,9.16,0,0,0
pay_Zom2551288,252,netbanking,none,0,39,4,0.305,0,2,5.35,0,1,1
pay_Zom9986473,2059,upi,none,0,2,0,0.037,1,1,1.67,0,0,0
pay_Zom4195751,2059,card,rupay,0,235,21,0.041,0,1,5.27,0,0,0
pay_Zom1864641,2059,upi,none,0,56,5,0.195,0,1,12.73,0,0,0
pay_Zom5504038,252,upi,none,0,47,1,0.169,0,1,0.62,0,0,0
pay_Zom7327828,252,upi,none,0,51,8,0.048,0,3,7.95,0,0,0
pay_Zom1663497,2059,upi,none,1,64,9,0.064,0,1,1.53,0,0,0
pay_Zom2221118,252,upi,none,0,57,4,0.042,0,1,4.66,0,0,0
pay_Zom4156856,252,upi,none,0,100,14,0.417,0,1,3.98,0,0,0
pay_Zom4640933,252,upi,none,0,9,0,0.005,1,1,4.3,0,0,0
pay_Zom9042900,2059,upi,none,1,427,58,0.204,0,1,7.79,0,0,0
pay_Zom4504577,252,upi,none,0,330,33,0.273,0,1,3.48,0,0,0
pay_Zom6586214,2059,card,amex,0,326,30,0.05,0,3,0.74,0,0,0
pay_Zom6086650,3360,upi,none,0,253,7,0.032,0,1,3.87,0,0,0
pay_Zom1257256,252,upi,none,0,129,22,0.134,0,2,1.45,0,0,0
pay_Zom4553544,252,upi,none,1,29,4,0.073,1,1,10.8,0,0,0
pay_Zom4188068,252,upi,none,1,6,0,0.298,0,1,1.32,0,1,1
pay_Zom2968239,2059,card,mastercard,0,12,0,0.07,0,1,0.97,0,0,0
pay_Zom9034958,252,upi,none,1,46,3,0.105,0,1,0.05,0,0,0
pay_Zom5070038,252,card,visa,1,84,9,0.18,0,1,6.93,0,0,0
pay_Zom4431161,252,upi,none,1,599,93,0.022,1,1,8.67,0,0,0
pay_Zom7654381,2059,upi,none,0,68,11,0.006,0,1,0.25,0,0,0
pay_Zom5015307,252,upi,none,0,89,5,0.008,1,2,1.87,0,0,0
pay_Zom6395804,2059,card,visa,0,142,16,0.152,0,1,1.9,0,0,0
pay_Zom5748945,3360,netbanking,none,0,23,3,0.09,0,1,5.64,0,0,0
pay_Zom7386444,252,upi,none,0,324,18,0.126,0,1,1.47,0,0,0
pay_Zom8822384,2059,card,mastercard,1,90,7,0.036,1,1,1.47,0,0,0
pay_Zom9953163,252,upi,none,1,38,1,0.106,0,3,1.41,0,0,0
pay_Zom7027375,2059,netbanking,none,1,328,43,0.021,0,1,1.96,0,0,0
pay_Zom6174467,2059,upi,none,0,117,18,0.153,0,1,3.6,0,1,1
pay_Zom5388275,2059,upi,none,0,79,12,0.107,0,1,12.11,0,0,0
pay_Zom7033835,252,upi,none,0,104,13,0.063,1,1,2.63,0,0,0
pay_Zom9603633,252,netbanking,none,0,165,12,0.053,1,1,1.73,0,0,0
pay_Zom9342928,252,card,visa,1,20,2,0.041,0,1,0.06,0,0,0
pay_Zom8818250,252,netbanking,none,0,240,37,0.052,0,1,0.61,0,0,0
pay_Zom2654371,252,card,mastercard,1,384,46,0.2,0,1,10.35,0,0,0
pay_Zom8876742,252,upi,none,0,100,8,0.018,0,1,1.05,0,1,1
pay_Zom6372622,252,netbanking,none,0,137,22,0.141,0,1,0.79,0,0,0
pay_Zom4407913,252,netbanking,none,0,235,36,0.013,0,1,0.66,0,0,0
pay_Zom7219396,2059,upi,none,0,56,9,0.05,0,1,3.1,0,0,0
pay_Zom6249960,252,upi,none,0,592,97,0.043,0,1,1.76,0,0,0
pay_Zom7944595,252,card,rupay,0,136,11,0.097,0,1,3.07,0,0,0
pay_Zom1766977,252,netbanking,none,0,66,10,0.055,0,1,12.78,0,0,0
pay_Zom4712363,252,card,visa,1,135,15,0.087,0,1,0.27,0,0,0
pay_Zom3448176,3360,card,visa,1,88,2,0.084,0,1,0.51,0,1,1
pay_Zom1272124,252,netbanking,none,1,14,1,0.025,0,1,2.98,0,0,0
pay_Zom5375063,2059,card,rupay,1,190,18,0.074,0,1,0.63,0,0,0
pay_Zom8005797,3360,card,amex,1,99,6,0.148,1,1,3.81,0,0,0
pay_Zom5952504,2059,card,amex,0,190,33,0.006,0,1,5.89,0,0,0
pay_Zom3557039,2059,upi,none,0,20,0,0.321,0,1,4.55,0,1,1
pay_Zom4291551,2059,upi,none,0,92,15,0.183,0,1,1.34,0,0,0
pay_Zom6534221,3360,upi,none,1,174,7,0.007,0,1,6.37,0,0,0
pay_Zom4859072,2059,card,rupay,0,533,42,0.089,0,1,2.5,0,0,0
pay_Zom7372653,252,upi,none,0,258,22,0.051,0,1,5.35,0,0,0
pay_Zom5122665,2059,upi,none,1,239,32,0.057,0,1,11.43,0,0,0
pay_Zom9376888,252,upi,none,0,34,1,0.04,0,1,2.19,0,0,0
pay_Zom6663388,2059,card,visa,1,218,38,0.087,0,1,2.19,0,0,0
pay_Zom5317226,252,upi,none,1,22,3,0.3,0,1,1.0,0,1,1
pay_Zom9197701,252,upi,none,0,26,3,0.144,0,1,0.46,0,0,0
pay_Zom9230828,252,upi,none,0,13,0,0.204,0,1,4.65,0,0,0
pay_Zom8731427,252,upi,none,1,233,22,0.121,0,1,4.83,0,0,0
pay_Zom3822492,252,upi,none,0,13,2,0.03,1,1,2.39,0,0,0
pay_Zom6908535,252,upi,none,1,17,1,0.135,0,1,4.95,0,0,0
pay_Zom3839807,252,upi,none,1,33,1,0.066,0,1,0.98,0,0,0
pay_Zom3348114,252,upi,none,0,102,9,0.108,0,1,0.01,0,0,0
pay_Zom9192588,2059,upi,none,0,254,42,0.083,0,1,0.12,0,0,0
pay_Zom4087809,252,upi,none,0,65,6,0.191,0,1,2.86,0,0,0
pay_Zom1985360,252,card,visa,0,94,7,0.008,0,1,0.18,0,0,0
pay_Zom9790328,2059,upi,none,0,21,2,0.099,0,1,6.19,0,0,0
pay_Zom1567468,252,upi,none,1,37,6,0.036,0,1,4.38,0,0,0
pay_Zom2247057,252,upi,none,0,17,0,0.166,0,1,7.3,0,0,0
pay_Zom1813936,2059,upi,none,1,63,2,0.044,2,1,4.08,0,0,0
pay_Zom1107102,2059,upi,none,0,107,4,0.015,0,1,0.22,0,0,0
pay_Zom7918793,252,upi,none,0,40,1,0.184,0,1,1.35,0,0,0
pay_Zom3306725,252,upi,none,0,224,15,0.011,0,1,1.55,0,0,0
pay_Zom4882808,3360,upi,none,1,477,27,0.173,0,1,3.04,0,0,0
pay_Zom2140312,2059,upi,none,0,15,1,0.09,0,1,11.52,0,0,0
pay_Zom3533857,252,card,visa,0,2,0,0.1,0,1,5.14,0,0,0
pay_Zom1153368,2059,upi,none,1,187,15,0.206,0,1,1.02,0,0,0
pay_Zom4669507,252,netbanking,none,0,25,4,0.115,0,1,0.36,0,0,0
pay_Zom9484790,252,upi,none,0,52,2,0.279,0,1,7.96,0,0,0
pay_Zom8650572,252,card,mastercard,0,60,4,0.079,0,1,3.03,0,0,0
pay_Zom7261268,2059,upi,none,1,298,18,0.189,0,1,0.55,0,0,0
pay_Zom2014184,252,card,amex,0,129,13,0.04,0,1,6.34,0,0,0
pay_Zom9106820,2059,upi,none,0,4,0,0.229,0,1,3.5,0,0,0
pay_Zom9184838,252,upi,none,0,1,0,0.062,0,1,7.71,0,0,0
pay_Zom1263935,252,upi,none,1,26,2,0.138,0,1,5.01,0,0,0
pay_Zom1110936,252,upi,none,0,45,7,0.094,0,1,2.58,0,0,0
pay_Zom9929043,2059,card,visa,0,79,11,0.047,0,1,2.9,0,0,0
pay_Zom7901115,252,card,amex,0,218,9,0.185,0,1,2.59,0,0,0
pay_Zom1198826,252,upi,none,0,45,2,0.191,0,1,0.2,0,0,0
pay_Zom1280618,2059,upi,none,1,56,7,0.035,0,1,9.55,0,0,0
pay_Zom9882154,252,upi,none,0,47,8,0.011,0,1,15.37,0,0,0
pay_Zom5609384,3360,card,amex,1,1,0,0.043,0,1,1.27,1,0,1
pay_Zom9988193,252,upi,none,1,372,21,0.184,0,1,5.99,0,0,0
pay_Zom5809835,2059,upi,none,1,17,2,0.223,0,1,21.04,0,0,0
pay_Zom1287605,252,netbanking,none,0,40,2,0.031,0,1,0.07,0,0,0
pay_Zom9425786,3360,upi,none,1,16,2,0.13,0,1,1.36,0,1,1
pay_Zom8223819,252,netbanking,none,0,80,2,0.031,0,1,2.95,0,0,0
pay_Zom4007598,252,upi,none,1,322,7,0.112,0,1,1.76,0,1,1
pay_Zom2795437,252,upi,none,0,12,1,0.121,0,2,12.03,0,0,0
pay_Zom2615878,252,upi,none,1,69,8,0.06,0,1,0.75,0,0,0
pay_Zom9797727,252,card,visa,0,2,0,0.034,0,1,1.75,0,0,0
pay_Zom3498085,3360,upi,none,1,176,25,0.153,0,1,4.62,0,0,0
pay_Zom5042786,252,upi,none,1,123,4,0.339,0,1,5.58,0,1,1
pay_Zom4220085,2059,upi,none,1,144,15,0.259,1,2,0.37,0,1,1
pay_Zom9832465,2059,card,rupay,1,76,5,0.046,0,1,0.87,0,0,0
pay_Zom5234874,2059,upi,none,0,285,40,0.047,0,2,0.5,0,0,0
pay_Zom6946534,252,upi,none,0,63,9,0.101,1,1,2.43,0,0,0
pay_Zom5484964,252,upi,none,1,86,2,0.222,0,1,2.66,0,1,1
pay_Zom7658817,2059,card,rupay,0,142,7,0.107,0,1,4.68,0,0,0
pay_Zom2325722,3360,netbanking,none,0,88,14,0.007,0,2,7.24,0,1,1
pay_Zom7258766,252,upi,none,0,25,2,0.35,0,1,0.52,0,1,1
pay_Zom7812009,252,upi,none,0,45,4,0.062,0,3,2.64,0,0,0
pay_Zom8700704,252,card,amex,0,11,0,0.252,0,1,2.29,0,1,1
pay_Zom5080351,3360,card,mastercard,0,68,12,0.005,0,1,7.91,0,0,0
pay_Zom4789255,252,upi,none,0,112,18,0.263,0,1,2.63,0,1,1
pay_Zom6032739,252,netbanking,none,0,15,0,0.46,0,1,0.92,0,1,1
pay_Zom2352527,2059,upi,none,0,119,12,0.02,0,1,9.11,0,0,0
pay_Zom1531577,252,upi,none,0,268,42,0.002,0,1,9.36,0,0,0
pay_Zom2568678,252,card,amex,0,49,4,0.315,0,1,0.47,0,1,1
pay_Zom7799441,2059,upi,none,0,30,2,0.097,0,1,6.71,0,0,0
pay_Zom7362994,3360,netbanking,none,1,268,21,0.292,0,6,6.35,1,1,1
pay_Zom7327855,252,upi,none,0,141,3,0.097,0,1,3.12,0,0,0
pay_Zom8986040,252,upi,none,1,13,1,0.077,0,1,2.24,0,1,1
pay_Zom1941452,252,card,amex,1,62,5,0.178,0,1,0.72,0,0,0
pay_Zom1158547,252,upi,none,0,134,14,0.422,0,1,0.83,0,1,1
pay_Zom3875339,2059,upi,none,0,102,6,0.045,0,1,1.07,0,0,0
pay_Zom2387242,252,card,rupay,0,115,16,0.277,0,1,0.29,0,0,0
pay_Zom9386232,252,upi,none,0,100,14,0.046,0,1,4.36,0,0,0
pay_Zom8279795,252,upi,none,0,191,20,0.184,0,1,0.18,0,0,0
pay_Zom6557798,252,card,visa,0,46,7,0.055,0,1,0.35,0,0,0
pay_Zom2599906,252,upi,none,0,147,5,0.179,0,1,0.63,0,0,0
pay_Zom9861040,2059,netbanking,none,0,566,82,0.034,0,1,4.09,0,0,0
pay_Zom1713900,252,card,visa,1,59,6,0.032,1,1,0.43,0,0,0
pay_Zom4854842,2059,upi,none,0,187,10,0.08,1,1,0.68,0,0,0
pay_Zom4546989,2059,upi,none,1,33,1,0.19,0,1,9.67,0,0,0
pay_Zom8977571,252,netbanking,none,0,39,2,0.388,1,1,1.17,0,0,0
pay_Zom5548220,252,upi,none,0,327,51,0.086,1,1,4.15,0,0,0
pay_Zom1781180,252,upi,none,0,3,0,0.222,0,1,9.46,0,0,0
pay_Zom2247353,252,upi,none,1,29,3,0.04,0,1,0.15,0,0,0
pay_Zom5703878,252,upi,none,0,79,2,0.022,0,1,2.2,0,0,0
pay_Zom1552000,252,upi,none,0,61,10,0.087,2,1,2.68,0,0,0
pay_Zom4009069,252,netbanking,none,1,119,8,0.075,0,1,5.01,0,0,0
pay_Zom6276177,2059,card,mastercard,0,25,2,0.102,0,1,11.65,0,0,0
pay_Zom1262699,252,upi,none,0,8,1,0.246,0,1,0.15,0,0,0
pay_Zom4475536,2059,upi,none,1,55,2,0.243,1,1,1.68,0,0,0
pay_Zom3419132,252,card,rupay,1,89,11,0.365,0,1,1.97,0,1,1
pay_Zom7682298,2059,upi,none,0,99,2,0.038,0,1,11.91,0,0,0
pay_Zom2290796,252,card,rupay,0,110,3,0.149,0,1,5.0,0,0,0
pay_Zom6021033,252,card,amex,1,95,12,0.054,0,2,9.58,0,1,1
pay_Zom3725462,2059,card,rupay,1,33,1,0.201,0,1,0.51,0,0,0
pay_Zom5034453,252,upi,none,0,173,15,0.307,0,1,0.09,0,0,0
pay_Zom7528964,252,upi,none,1,11,0,0.003,1,1,12.4,0,0,0
pay_Zom6565503,3360,upi,none,0,26,2,0.417,0,6,1.41,0,1,1
pay_Zom7439870,252,upi,none,0,161,5,0.007,0,1,3.75,0,0,0
pay_Zom3347981,252,upi,none,0,39,5,0.021,0,1,0.6,0,1,1
pay_Zom2315798,2059,netbanking,none,0,81,2,0.016,0,2,2.82,0,0,0
pay_Zom9401909,2059,card,amex,0,47,7,0.161,0,1,9.91,0,0,0
pay_Zom6802559,2059,netbanking,none,0,84,10,0.031,0,2,4.25,0,0,0
pay_Zom1900876,252,card,mastercard,0,51,4,0.101,1,1,2.1,0,0,0
pay_Zom2638895,2059,upi,none,0,618,98,0.316,0,1,8.94,0,1,1
pay_Zom8333124,252,upi,none,0,53,2,0.117,2,1,0.47,0,1,1
pay_Zom4894730,2059,upi,none,1,118,7,0.036,1,1,2.22,0,0,0
pay_Zom2275374,3360,upi,none,1,263,11,0.116,2,1,2.98,0,1,1
pay_Zom6714198,2059,upi,none,0,121,9,0.195,0,1,0.05,0,0,0
pay_Zom7655572,2059,card,rupay,1,100,17,0.146,1,1,0.06,0,1,1
pay_Zom6475691,252,card,rupay,0,101,4,0.263,0,1,3.37,0,1,1
pay_Zom1497036,2059,upi,none,0,82,12,0.201,0,1,3.72,0,0,0
pay_Zom5585666,2059,upi,none,1,197,24,0.033,0,1,14.01,0,0,0
pay_Zom8558977,252,upi,none,0,6,0,0.117,1,1,1.3,0,0,0
pay_Zom9230960,2059,upi,none,0,259,44,0.058,0,2,1.47,0,0,0
pay_Zom4827527,252,upi,none,0,105,18,0.074,0,1,3.16,0,0,0
pay_Zom6969521,2059,card,amex,0,226,37,0.269,0,1,4.74,0,1,1
pay_Zom7298619,2059,card,rupay,0,1,0,0.153,0,1,2.57,0,0,0
pay_Zom8245206,2059,upi,none,1,244,13,0.137,0,1,3.37,0,0,0
pay_Zom4116163,252,card,visa,0,15,1,0.067,0,1,0.81,0,0,0
pay_Zom7376562,252,upi,none,1,153,18,0.384,0,1,4.41,0,1,1
pay_Zom2437708,252,netbanking,none,1,64,5,0.036,0,1,1.8,0,0,0
pay_Zom5955645,3360,upi,none,0,137,18,0.168,0,2,3.01,0,0,0
pay_Zom5134741,252,card,mastercard,0,118,17,0.006,0,1,3.77,0,0,0
pay_Zom2233237,252,netbanking,none,0,21,1,0.108,0,1,0.03,0,0,0
pay_Zom2376369,2059,card,visa,0,86,7,0.208,0,1,3.01,0,0,0
pay_Zom5495824,252,upi,none,0,38,6,0.183,0,2,10.0,0,0,0
pay_Zom3587398,2059,card,amex,1,98,5,0.079,2,1,0.37,0,0,0
pay_Zom7375341,2059,upi,none,1,160,12,0.012,0,1,0.4,0,0,0
pay_Zom3588336,2059,upi,none,0,10,0,0.11,0,1,0.78,0,0,0
pay_Zom7536772,252,upi,none,0,87,6,0.206,1,2,0.37,0,0,0
pay_Zom6312979,252,netbanking,none,0,115,9,0.004,0,1,6.73,0,0,0
pay_Zom7051545,252,netbanking,none,0,42,1,0.069,0,1,7.46,0,0,0
pay_Zom2787627,252,upi,none,1,366,7,0.1,0,1,2.25,0,0,0
pay_Zom2535458,252,upi,none,1,88,9,0.048,1,3,5.48,0,0,0
pay_Zom1087161,252,netbanking,none,0,24,1,0.12,0,1,1.27,0,0,0
pay_Zom6171869,2059,upi,none,0,13,0,0.375,0,2,2.45,0,1,1
pay_Zom8461429,2059,upi,none,0,93,14,0.145,0,1,2.7,0,0,0
pay_Zom7038413,252,upi,none,0,56,6,0.094,0,1,1.28,0,0,0
pay_Zom5525929,2059,card,amex,0,25,1,0.227,0,1,3.1,0,0,0
pay_Zom2715158,3360,upi,none,0,3,0,0.068,0,3,6.48,0,1,1
pay_Zom3223098,2059,card,amex,0,100,6,0.112,0,1,10.16,0,0,0
pay_Zom2464604,2059,upi,none,0,109,6,0.137,0,1,1.27,1,0,1
pay_Zom4143912,252,upi,none,0,18,2,0.074,0,1,9.07,0,0,0
pay_Zom8230636,252,upi,none,0,110,5,0.11,0,1,3.45,0,0,0
pay_Zom8530347,252,upi,none,0,364,58,0.258,0,1,3.21,0,1,1
pay_Zom9597330,252,upi,none,0,459,68,0.007,0,1,0.46,0,0,0
pay_Zom7845845,3360,upi,none,0,263,18,0.098,0,2,4.34,0,0,0
pay_Zom2732967,2059,card,mastercard,0,197,5,0.075,1,1,1.28,0,0,0
pay_Zom1440601,252,upi,none,1,28,0,0.066,0,3,1.95,0,0,0
pay_Zom2503554,252,card,rupay,0,20,0,0.105,0,1,0.53,0,0,0
pay_Zom6937696,2059,netbanking,none,0,70,11,0.352,0,1,0.92,0,0,0
pay_Zom2561359,252,card,visa,1,115,9,0.23,1,1,3.4,0,0,0
pay_Zom6443037,252,netbanking,none,0,228,5,0.279,1,1,3.33,0,0,0
pay_Zom7463219,2059,upi,none,1,31,3,0.076,0,1,2.15,0,0,0
pay_Zom1207041,252,upi,none,0,78,4,0.211,0,1,3.49,0,0,0
pay_Zom5896386,252,netbanking,none,0,125,7,0.109,0,1,7.07,0,0,0
pay_Zom7942580,252,card,rupay,0,70,3,0.037,0,1,0.11,0,0,0
pay_Zom7506196,2059,card,amex,0,72,10,0.011,0,1,0.81,0,0,0
pay_Zom2421022,252,card,rupay,0,30,0,0.017,1,1,1.23,0,0,0
pay_Zom5072543,252,upi,none,0,518,46,0.007,0,1,3.01,0,0,0
pay_Zom9742683,252,upi,none,1,77,2,0.157,0,1,3.84,0,0,0
pay_Zom3845129,252,card,mastercard,0,91,9,0.037,0,2,2.82,0,0,0
pay_Zom7387623,252,upi,none,0,29,2,0.111,0,1,4.19,0,0,0
pay_Zom3843767,2059,upi,none,0,86,2,0.19,0,1,2.07,0,0,0
pay_Zom3329349,252,upi,none,1,35,3,0.421,0,1,5.58,0,1,1
pay_Zom5511711,2059,upi,none,1,27,3,0.008,0,1,0.26,0,0,0
pay_Zom6052144,252,upi,none,1,38,2,0.115,0,1,3.39,0,0,0
pay_Zom5503118,252,card,amex,0,0,0,0.048,0,1,0.15,0,0,0
pay_Zom9273246,252,card,rupay,0,101,8,0.077,1,1,0.92,0,0,0
pay_Zom3448380,252,card,visa,0,58,8,0.224,0,1,0.22,0,0,0
pay_Zom2061446,252,upi,none,0,274,30,0.026,0,1,3.16,0,0,0
pay_Zom3805274,252,netbanking,none,1,4,0,0.161,1,1,0.83,0,0,0
pay_Zom8292657,252,upi,none,1,5,0,0.033,0,1,0.34,0,0,0
pay_Zom5629871,2059,card,amex,0,260,12,0.068,1,1,5.2,0,0,0
pay_Zom8064924,252,upi,none,0,16,2,0.237,0,1,0.0,0,0,0
pay_Zom6029008,2059,upi,none,0,0,0,0.166,0,2,2.79,0,0,0
pay_Zom9124053,3360,upi,none,0,23,4,0.128,0,1,8.82,0,0,0
pay_Zom2290526,252,card,amex,0,208,7,0.033,0,1,5.43,0,0,0
pay_Zom7058670,252,upi,none,0,194,22,0.35,0,2,3.24,0,1,1
pay_Zom5222820,252,upi,none,1,49,4,0.041,0,3,0.38,1,1,1
pay_Zom5137094,252,upi,none,0,132,16,0.062,1,1,5.47,0,0,0
pay_Zom9318184,252,upi,none,1,84,14,0.009,0,2,1.43,0,1,1
pay_Zom4280754,2059,upi,none,0,282,29,0.194,0,1,0.58,0,0,0
pay_Zom8681643,252,upi,none,0,6,0,0.063,0,1,15.61,0,0,0
pay_Zom2794698,252,upi,none,0,201,15,0.182,0,1,0.33,0,0,0
pay_Zom3273137,2059,upi,none,0,22,1,0.384,0,1,4.43,0,1,1
pay_Zom6111313,252,upi,none,0,59,4,0.166,0,1,1.52,0,0,0
pay_Zom1113537,2059,upi,none,0,25,0,0.042,0,1,6.44,0,0,0
pay_Zom7638609,252,card,mastercard,0,145,9,0.152,0,1,2.77,0,0,0
pay_Zom6573679,252,upi,none,1,136,6,0.208,0,1,7.74,0,0,0
pay_Zom7373495,252,upi,none,0,95,8,0.121,0,1,2.83,0,0,0
pay_Zom6528792,252,upi,none,1,143,13,0.078,0,1,1.37,0,0,0
pay_Zom8385715,3360,upi,none,0,122,17,0.001,0,1,11.31,0,0,0
pay_Zom6615941,252,upi,none,0,179,17,0.065,0,1,2.13,0,1,1
pay_Zom8224541,3360,upi,none,0,32,3,0.105,0,1,6.65,0,0,0
pay_Zom3283789,252,upi,none,1,67,3,0.181,0,1,6.41,0,0,0
pay_Zom6040467,252,upi,none,0,19,2,0.015,0,1,2.89,0,0,0
pay_Zom6379868,252,card,mastercard,0,67,2,0.134,1,1,2.43,0,0,0
pay_Zom4369728,252,card,visa,0,145,25,0.243,1,1,1.23,0,0,0
pay_Zom9036449,3360,card,rupay,0,141,13,0.057,1,1,2.88,0,1,1
pay_Zom6271120,252,upi,none,1,148,7,0.038,0,2,2.99,0,1,1
pay_Zom3980258,252,card,rupay,0,44,3,0.007,0,1,0.96,0,0,0
pay_Zom7681351,252,netbanking,none,0,130,2,0.09,0,1,5.72,0,0,0
pay_Zom6354241,252,card,amex,1,54,2,0.15,1,1,1.44,0,1,1
pay_Zom5889688,252,upi,none,0,346,25,0.018,0,1,4.91,0,0,0
pay_Zom9237735,252,upi,none,0,50,5,0.118,0,1,15.48,0,0,0
pay_Zom5067204,2059,upi,none,0,110,4,0.208,0,1,18.88,0,0,0
pay_Zom6467463,252,upi,none,1,166,21,0.318,0,2,6.97,0,1,1
pay_Zom7309161,252,upi,none,1,284,44,0.088,0,1,6.81,0,0,0
pay_Zom5702656,252,card,amex,0,69,7,0.052,1,6,5.74,0,0,0
pay_Zom7592357,252,card,rupay,1,53,3,0.006,0,1,4.18,0,0,0
pay_Zom7123944,3360,upi,none,0,67,2,0.024,0,1,0.71,0,0,0
pay_Zom2910720,252,upi,none,0,46,1,0.102,1,1,0.4,0,0,0
pay_Zom4352088,252,upi,none,0,127,17,0.051,0,1,2.97,0,0,0
pay_Zom4018677,2059,upi,none,0,323,38,0.221,0,1,3.95,0,0,0
pay_Zom1451577,252,upi,none,0,16,1,0.178,0,2,1.79,0,0,0
pay_Zom8744735,252,upi,none,1,98,3,0.117,0,1,10.4,0,0,0
pay_Zom4517316,3360,upi,none,0,273,14,0.023,0,1,1.01,0,0,0
pay_Zom8356053,2059,netbanking,none,1,12,1,0.176,1,1,1.01,0,0,0
pay_Zom5887726,3360,upi,none,0,81,7,0.162,0,1,7.11,0,0,0
pay_Zom2160289,252,upi,none,0,240,41,0.069,0,1,2.49,0,0,0
pay_Zom7864256,252,upi,none,0,276,49,0.011,0,2,0.13,0,0,0
pay_Zom9376917,252,upi,none,0,86,12,0.021,0,1,0.76,0,0,0
pay_Zom3335038,252,upi,none,1,3,0,0.099,0,1,2.91,0,1,1
pay_Zom6080688,2059,upi,none,0,13,0,0.009,0,1,1.38,0,0,0
pay_Zom5060441,252,upi,none,1,106,6,0.065,0,1,2.35,0,0,0
pay_Zom5239295,2059,upi,none,1,15,2,0.083,0,1,5.53,0,0,0
pay_Zom3586094,2059,card,rupay,0,19,1,0.248,1,1,2.39,0,0,0
pay_Zom8098909,252,upi,none,0,177,23,0.368,0,1,2.19,0,1,1
pay_Zom7324856,252,upi,none,0,166,28,0.092,1,1,0.68,0,0,0
pay_Zom2240929,2059,upi,none,0,222,33,0.018,0,1,0.55,0,0,0
pay_Zom8534089,252,card,rupay,0,13,1,0.045,0,1,1.98,0,0,0
pay_Zom9040224,2059,upi,none,0,26,1,0.416,0,1,0.82,0,1,1
pay_Zom7724393,252,upi,none,0,214,10,0.022,0,1,1.79,0,0,0
pay_Zom9965197,252,card,amex,1,153,15,0.272,0,1,2.92,1,1,1
pay_Zom9499549,252,upi,none,0,196,33,0.257,0,1,0.42,0,1,1
pay_Zom8017921,3360,upi,none,0,549,90,0.083,0,1,0.77,0,0,0
pay_Zom1616817,252,upi,none,0,239,11,0.306,0,1,6.81,0,1,1
pay_Zom7031903,2059,card,mastercard,1,88,5,0.008,0,1,3.51,0,0,0
pay_Zom2425760,252,card,mastercard,0,44,5,0.058,1,1,4.78,0,0,0
pay_Zom2834914,2059,netbanking,none,0,101,9,0.208,0,1,2.35,0,0,0
pay_Zom5164624,2059,netbanking,none,1,122,4,0.08,1,1,4.09,0,0,0
pay_Zom6956059,252,card,visa,1,49,3,0.221,0,2,1.99,0,0,0
pay_Zom3790696,252,upi,none,1,176,30,0.111,0,1,0.49,0,0,0
pay_Zom1743175,2059,card,rupay,0,11,1,0.022,0,1,2.01,0,0,0
pay_Zom7704473,252,upi,none,1,181,19,0.028,0,1,3.44,0,0,0
pay_Zom6563269,2059,upi,none,0,3,0,0.023,0,1,1.02,0,0,0
pay_Zom8221845,252,upi,none,1,82,4,0.093,1,1,4.26,0,0,0
pay_Zom2777454,2059,upi,none,0,237,32,0.084,0,1,0.5,0,0,0
pay_Zom1176962,2059,card,rupay,1,10,0,0.131,0,1,0.92,0,0,0
pay_Zom2654343,3360,upi,none,1,87,4,0.014,0,1,4.52,0,0,0
pay_Zom5340909,252,upi,none,0,20,0,0.013,2,1,0.94,0,0,0
pay_Zom4724560,252,upi,none,1,270,22,0.066,0,1,3.47,0,0,0
pay_Zom9567725,252,card,rupay,0,214,33,0.06,0,2,4.28,0,0,0
pay_Zom9703982,252,card,visa,0,326,57,0.145,0,1,0.84,0,0,0
pay_Zom4708297,252,upi,none,0,249,31,0.232,0,1,2.46,0,0,0
pay_Zom8478923,252,upi,none,1,160,22,0.015,0,1,9.97,0,0,0
pay_Zom7276684,2059,upi,none,0,24,1,0.04,0,1,3.14,0,0,0
pay_Zom7562142,252,upi,none,0,43,4,0.046,0,1,0.13,0,0,0
pay_Zom8768911,252,upi,none,0,82,11,0.068,0,1,0.76,0,0,0
pay_Zom9396422,2059,card,rupay,1,106,10,0.035,0,1,6.01,0,0,0
pay_Zom3529080,252,upi,none,1,182,6,0.026,0,1,2.27,0,0,0
pay_Zom6787592,252,upi,none,0,30,4,0.005,0,1,0.25,0,0,0
pay_Zom1412092,3360,upi,none,0,16,0,0.372,1,1,1.56,0,1,1
pay_Zom9099554,3360,upi,none,0,79,2,0.189,0,1,4.38,0,0,0
pay_Zom2754047,252,upi,none,0,20,1,0.075,0,1,4.77,0,0,0
pay_Zom5956530,252,upi,none,0,141,4,0.006,0,1,3.1,0,0,0
pay_Zom7978909,2059,upi,none,0,102,12,0.019,0,2,4.87,0,0,0
pay_Zom2440404,252,card,mastercard,1,162,19,0.062,2,1,1.93,0,0,0
pay_Zom2947320,252,upi,none,0,7,0,0.036,0,1,2.26,0,0,0
pay_Zom3376915,252,upi,none,0,401,69,0.121,0,1,1.97,0,0,0
pay_Zom6843985,252,upi,none,0,0,0,0.047,0,1,1.21,1,0,1
pay_Zom6232651,252,card,rupay,0,47,1,0.011,1,1,3.68,0,0,0
pay_Zom6755703,252,upi,none,0,136,19,0.007,1,1,3.8,0,0,0
pay_Zom8639213,2059,upi,none,0,5,0,0.026,0,2,6.99,0,0,0
pay_Zom4470657,3360,netbanking,none,1,10,1,0.045,1,1,1.34,0,0,0
pay_Zom9742856,252,upi,none,0,9,1,0.095,0,1,3.59,0,0,0
pay_Zom9102153,2059,upi,none,0,104,4,0.123,0,1,1.47,0,0,0
pay_Zom6843509,2059,card,visa,1,271,34,0.088,0,1,8.24,0,0,0
pay_Zom8988681,252,upi,none,1,97,15,0.011,0,1,1.37,0,0,0
pay_Zom2637842,252,card,amex,1,111,7,0.073,0,1,5.43,0,0,0
pay_Zom8351204,2059,upi,none,1,50,1,0.055,0,1,6.27,0,0,0
pay_Zom8590804,252,upi,none,1,2,0,0.037,0,1,1.56,0,1,1
pay_Zom6350413,2059,card,amex,0,2,0,0.069,1,1,0.84,0,0,0
pay_Zom2126998,252,card,mastercard,1,263,5,0.042,0,1,0.27,0,1,1
pay_Zom6037595,3360,netbanking,none,0,12,0,0.347,0,1,8.45,0,1,1
pay_Zom1749657,252,upi,none,0,1015,68,0.032,0,1,3.71,0,0,0
pay_Zom2930810,252,upi,none,0,21,0,0.095,0,1,6.0,0,0,0
pay_Zom1378915,2059,upi,none,0,134,16,0.024,0,6,3.37,0,1,1
pay_Zom6755892,252,upi,none,0,357,63,0.111,0,1,0.61,0,0,0
pay_Zom2834801,252,upi,none,0,53,8,0.265,0,2,1.27,0,1,1
pay_Zom3757404,252,upi,none,0,159,9,0.07,1,2,1.44,0,0,0
pay_Zom5092180,252,upi,none,1,51,7,0.19,0,1,1.97,0,0,0
pay_Zom9656941,252,upi,none,1,43,7,0.14,0,1,0.19,0,1,1
pay_Zom3926839,3360,upi,none,0,27,4,0.029,0,2,3.88,0,0,0
pay_Zom3686631,252,netbanking,none,1,206,33,0.05,0,2,1.1,0,1,1
pay_Zom6553084,2059,card,mastercard,0,35,5,0.031,0,1,2.29,0,0,0
pay_Zom8153291,2059,upi,none,1,39,2,0.045,0,1,0.22,0,0,0
pay_Zom8751982,3360,card,mastercard,0,825,27,0.034,0,1,4.18,0,0,0
pay_Zom4889890,252,upi,none,0,47,4,0.036,0,1,2.78,0,0,0
pay_Zom7795568,2059,card,amex,0,65,1,0.0,1,1,8.24,0,0,0
pay_Zom4094587,252,upi,none,0,553,99,0.052,1,1,0.77,0,0,0
pay_Zom4127053,2059,upi,none,0,55,4,0.069,0,2,11.07,0,1,1
pay_Zom8250013,2059,card,rupay,0,54,9,0.109,0,3,8.27,1,0,1
pay_Zom7636771,2059,upi,none,0,211,30,0.058,1,1,1.23,0,0,0
pay_Zom1489765,252,netbanking,none,0,44,3,0.004,0,1,7.99,0,0,0
pay_Zom4310554,2059,card,visa,0,31,1,0.096,0,1,1.21,0,0,0
pay_Zom8542617,252,netbanking,none,1,66,3,0.002,0,1,1.43,0,0,0
pay_Zom8206700,2059,upi,none,0,144,18,0.183,0,1,8.39,0,0,0
pay_Zom7523581,3360,upi,none,0,5,0,0.105,0,1,5.42,0,0,0
pay_Zom1074659,252,upi,none,0,56,9,0.065,0,2,2.04,0,0,0
pay_Zom4603680,3360,netbanking,none,1,51,2,0.091,0,1,0.42,0,0,0
pay_Zom4452490,252,upi,none,0,33,1,0.051,1,1,2.18,0,0,0
pay_Zom5669851,252,upi,none,1,127,3,0.215,0,1,6.51,0,0,0
pay_Zom2049645,252,upi,none,0,41,2,0.087,0,1,3.14,0,0,0
pay_Zom2707116,252,upi,none,0,111,16,0.007,0,1,0.17,0,0,0
pay_Zom4136665,2059,upi,none,0,84,4,0.259,0,1,1.84,0,0,0
pay_Zom7136988,252,upi,none,0,29,3,0.043,0,1,4.21,0,0,0
pay_Zom6469119,252,card,visa,0,37,3,0.004,0,6,7.46,0,0,0
pay_Zom4306357,3360,upi,none,0,22,1,0.023,1,1,13.2,0,0,0
pay_Zom8676422,2059,card,rupay,0,6,0,0.206,0,1,6.34,0,0,0
pay_Zom2911847,2059,card,amex,1,115,11,0.018,0,1,7.19,0,0,0
pay_Zom5401559,2059,upi,none,0,134,9,0.085,0,1,0.85,0,0,0
pay_Zom9212178,2059,upi,none,0,21,2,0.189,0,1,6.88,0,0,0
pay_Zom9853588,252,upi,none,0,114,7,0.01,0,1,9.13,0,0,0
pay_Zom6258048,252,upi,none,0,482,59,0.011,1,1,3.52,0,0,0
pay_Zom7520284,2059,card,amex,0,9,1,0.15,1,1,2.34,0,0,0
pay_Zom7585795,252,upi,none,1,80,10,0.029,0,1,5.84,0,0,0
pay_Zom2916496,2059,upi,none,1,158,13,0.194,0,1,3.36,0,0,0
pay_Zom6837206,252,upi,none,0,5,0,0.189,0,1,6.15,0,0,0
pay_Zom6905327,252,card,visa,1,180,26,0.179,0,1,2.1,0,0,0
pay_Zom8681625,252,upi,none,0,466,33,0.027,0,1,0.69,0,0,0
pay_Zom3894531,2059,upi,none,0,11,1,0.178,1,1,8.74,0,0,0
pay_Zom5990296,252,upi,none,0,207,18,0.161,2,1,12.09,0,0,0
pay_Zom2421902,2059,netbanking,none,0,57,8,0.093,0,1,12.61,0,0,0
pay_Zom3247270,252,upi,none,0,18,1,0.16,0,1,10.9,0,0,0
pay_Zom6254384,252,upi,none,0,81,13,0.243,0,1,2.38,0,0,0
pay_Zom2977390,2059,upi,none,0,8,0,0.182,0,1,3.47,0,0,0
pay_Zom5002586,2059,card,mastercard,1,88,6,0.026,0,1,7.44,0,0,0
pay_Zom6123426,252,upi,none,0,2,0,0.021,0,1,0.08,0,0,0
pay_Zom2962077,2059,card,mastercard,1,156,11,0.363,0,2,0.62,0,1,1
pay_Zom4070977,252,upi,none,0,80,3,0.006,0,1,0.63,0,0,0
pay_Zom7263036,252,upi,none,0,73,2,0.035,1,1,0.87,0,0,0
pay_Zom3371602,252,card,visa,1,26,1,0.108,0,1,1.82,0,0,0
pay_Zom9570219,2059,card,visa,0,53,4,0.09,1,1,2.18,0,0,0
pay_Zom7517332,2059,card,rupay,0,24,1,0.049,0,1,1.74,0,0,0
pay_Zom8016887,252,card,rupay,0,159,3,0.083,0,1,7.39,0,0,0
pay_Zom3313029,2059,upi,none,0,26,2,0.533,0,1,1.05,0,0,0
pay_Zom7437584,252,netbanking,none,0,115,4,0.056,0,1,4.7,0,0,0
pay_Zom8097413,252,upi,none,0,39,2,0.022,0,1,12.91,0,0,0
pay_Zom4116429,252,card,rupay,1,128,5,0.312,0,2,3.73,0,1,1
pay_Zom9164971,252,upi,none,0,93,9,0.319,0,1,0.16,0,1,1
pay_Zom3906397,252,upi,none,0,66,2,0.633,0,1,0.42,0,1,1
pay_Zom3799538,252,upi,none,0,134,8,0.061,1,1,6.39,0,0,0
pay_Zom9214830,2059,upi,none,0,64,5,0.104,0,3,1.57,0,0,0
pay_Zom5845843,252,upi,none,0,206,9,0.044,2,1,1.81,0,0,0
pay_Zom3353785,252,upi,none,0,156,14,0.039,0,1,7.57,0,0,0
pay_Zom4138993,252,upi,none,0,93,6,0.351,1,1,4.28,0,1,1
pay_Zom6277776,252,upi,none,1,251,39,0.153,1,1,4.36,0,0,0
pay_Zom8566540,252,upi,none,0,211,31,0.041,0,1,3.91,0,0,0
pay_Zom1899447,2059,upi,none,1,91,16,0.185,0,1,3.51,0,0,0
pay_Zom7023677,252,upi,none,0,8,0,0.088,0,3,4.92,0,1,1
pay_Zom1160783,2059,upi,none,0,100,11,0.094,0,1,4.22,0,0,0
pay_Zom9130388,2059,card,rupay,0,52,8,0.032,0,1,0.35,0,0,0
pay_Zom3290672,252,netbanking,none,1,93,7,0.037,0,1,0.87,0,0,0
pay_Zom4273712,2059,upi,none,0,124,13,0.083,0,1,0.4,0,0,0
pay_Zom7441514,252,upi,none,1,124,10,0.059,0,1,5.77,0,0,0
pay_Zom9479842,2059,card,rupay,1,134,14,0.023,0,1,3.17,0,0,0
pay_Zom9304216,252,upi,none,1,136,4,0.238,1,1,11.73,0,0,0
pay_Zom7864135,252,card,rupay,0,13,1,0.177,0,1,4.43,0,0,0
pay_Zom9249791,252,upi,none,1,25,4,0.202,0,1,2.39,0,1,1
pay_Zom7973121,252,upi,none,1,119,3,0.026,0,1,9.44,0,0,0
pay_Zom8446596,252,upi,none,0,62,9,0.122,0,2,11.81,0,0,0
pay_Zom9199017,252,upi,none,1,172,10,0.018,0,1,3.45,0,0,0
pay_Zom3806047,252,upi,none,1,16,0,0.161,0,1,3.44,0,0,0
pay_Zom2386982,3360,upi,none,0,25,3,0.161,1,3,3.04,1,0,1
pay_Zom1517756,2059,upi,none,0,98,2,0.15,0,1,0.31,0,0,0
pay_Zom4699871,252,upi,none,0,83,7,0.058,0,1,5.07,0,0,0
pay_Zom5900455,252,card,mastercard,0,37,0,0.022,1,1,7.32,0,0,0
pay_Zom1548532,2059,card,visa,0,62,6,0.029,0,2,2.85,0,0,0
pay_Zom5611266,2059,upi,none,0,4,0,0.071,0,1,0.75,0,0,0
pay_Zom4772246,2059,upi,none,0,4,0,0.259,0,1,5.86,0,1,1
pay_Zom5843084,252,upi,none,0,11,1,0.032,0,1,7.9,0,0,0
pay_Zom3822078,252,upi,none,1,103,4,0.042,1,1,5.74,0,0,0
pay_Zom8672579,252,upi,none,0,239,18,0.071,0,1,0.83,0,0,0
pay_Zom9309978,252,upi,none,1,36,6,0.023,0,1,0.86,0,0,0
pay_Zom9569902,2059,upi,none,0,4,0,0.261,0,1,2.15,0,1,1
pay_Zom2899365,2059,upi,none,1,147,16,0.065,0,1,0.6,0,0,0
pay_Zom2916069,252,netbanking,none,1,232,25,0.016,0,1,4.07,0,0,0
pay_Zom5494430,2059,card,amex,0,17,1,0.023,0,1,4.31,0,0,0
pay_Zom7154919,252,upi,none,0,58,6,0.039,0,1,15.07,0,0,0
pay_Zom1698108,252,upi,none,0,20,2,0.008,1,1,1.67,0,0,0
pay_Zom8404902,252,upi,none,1,13,0,0.211,0,1,4.53,0,1,1
pay_Zom4666525,3360,card,rupay,1,125,21,0.109,0,2,2.4,0,0,0
pay_Zom8132912,252,card,mastercard,0,411,23,0.095,0,1,0.62,0,0,0
pay_Zom2718262,3360,netbanking,none,0,136,12,0.034,0,1,8.51,0,0,0
pay_Zom5152891,2059,upi,none,0,502,11,0.33,0,1,0.22,0,1,1
pay_Zom5994727,252,card,visa,0,68,7,0.004,0,1,0.15,0,0,0
pay_Zom1540736,252,upi,none,1,273,22,0.043,0,1,1.08,0,0,0
pay_Zom8545256,2059,card,visa,0,27,1,0.08,0,1,27.12,0,0,0
pay_Zom5409307,252,card,visa,1,15,2,0.0,2,1,0.07,0,0,0
pay_Zom6848151,3360,upi,none,1,145,12,0.411,1,1,1.93,0,1,1
pay_Zom2459332,3360,upi,none,1,55,4,0.142,0,1,2.56,0,1,1
pay_Zom8366370,252,card,rupay,0,45,4,0.015,0,1,1.32,0,0,0
pay_Zom2969410,252,upi,none,0,133,5,0.082,0,2,4.28,0,0,0
pay_Zom4975295,3360,upi,none,0,48,3,0.213,0,2,1.64,0,0,0
pay_Zom4521171,2059,upi,none,1,101,7,0.234,0,1,3.79,0,0,0
pay_Zom6882609,252,upi,none,0,42,3,0.003,0,1,1.48,0,0,0
pay_Zom8183451,252,upi,none,0,183,28,0.237,0,1,0.57,0,0,0
pay_Zom3784709,252,upi,none,1,44,2,0.004,1,1,2.89,0,0,0
pay_Zom3335975,3360,upi,none,0,91,10,0.135,0,1,2.82,0,0,0
pay_Zom4466502,2059,upi,none,0,2,0,0.057,0,1,1.07,0,0,0
pay_Zom4471922,2059,upi,none,0,188,13,0.02,0,6,1.57,0,1,1
pay_Zom1995859,252,upi,none,0,116,11,0.094,0,1,2.0,0,0,0
pay_Zom6885707,252,upi,none,0,25,0,0.097,0,1,2.89,0,0,0
pay_Zom9930189,2059,upi,none,0,29,3,0.035,0,1,3.6,0,0,0
pay_Zom5715824,252,upi,none,1,36,2,0.032,0,2,0.46,0,0,0
pay_Zom3824903,252,card,rupay,1,103,18,0.056,1,1,0.55,0,0,0
pay_Zom6430006,252,upi,none,0,95,11,0.047,1,1,1.6,0,0,0
pay_Zom5909595,2059,card,amex,1,38,2,0.038,0,1,1.88,0,0,0
pay_Zom5854206,3360,upi,none,0,142,5,0.26,0,1,1.41,0,0,0
pay_Zom5485272,252,netbanking,none,0,263,6,0.111,0,1,3.64,0,0,0
pay_Zom9630451,252,upi,none,1,5,0,0.045,0,1,11.6,0,0,0
pay_Zom2597613,2059,upi,none,0,64,8,0.011,0,1,3.25,0,0,0
pay_Zom3274804,3360,upi,none,0,108,16,0.246,0,1,0.67,0,0,0
pay_Zom7905438,252,upi,none,0,105,4,0.061,1,1,1.39,0,0,0
pay_Zom1994652,252,card,rupay,0,2,0,0.136,0,1,2.76,0,0,0
pay_Zom5652716,252,upi,none,0,28,2,0.07,0,1,1.32,0,0,0
pay_Zom3128830,2059,upi,none,1,7,0,0.251,1,1,2.17,0,1,1
pay_Zom3226183,252,card,visa,0,100,4,0.141,0,1,3.02,0,0,0
pay_Zom5188889,252,upi,none,1,124,21,0.293,0,1,4.28,0,1,1
pay_Zom3453557,2059,upi,none,0,20,2,0.073,0,1,0.94,0,0,0
pay_Zom6403886,2059,upi,none,0,48,8,0.048,0,1,2.22,0,0,0
pay_Zom5153279,252,upi,none,0,48,3,0.122,0,2,1.83,0,0,0
pay_Zom7588425,2059,netbanking,none,0,205,23,0.079,1,2,0.35,0,0,0
pay_Zom9211754,252,card,visa,1,25,3,0.179,0,1,3.22,0,0,0
pay_Zom3385244,252,card,mastercard,0,95,12,0.056,0,1,5.29,0,0,0
pay_Zom5508325,252,netbanking,none,0,183,4,0.225,0,1,6.65,0,0,0
pay_Zom7949543,2059,upi,none,0,212,38,0.099,0,1,0.27,0,0,0
pay_Zom7294347,252,upi,none,0,131,22,0.15,1,1,2.91,0,0,0
pay_Zom8583162,2059,upi,none,0,42,1,0.177,0,2,15.26,0,0,0
pay_Zom2266952,2059,card,mastercard,0,207,22,0.031,0,2,4.93,0,0,0
pay_Zom2561871,2059,card,amex,0,162,11,0.031,0,1,3.12,0,0,0
pay_Zom7758714,2059,upi,none,0,146,23,0.048,0,1,0.11,0,0,0
pay_Zom9650558,2059,upi,none,1,8,1,0.206,0,1,0.23,0,0,0
pay_Zom5667852,252,netbanking,none,0,5,0,0.367,0,1,0.19,0,1,1
pay_Zom7191986,252,upi,none,1,142,3,0.1,0,1,5.53,0,0,0
pay_Zom8628527,3360,card,mastercard,0,347,23,0.145,0,1,2.74,0,0,0
pay_Zom9188027,252,upi,none,0,178,4,0.13,0,1,1.28,0,0,0
pay_Zom6491002,2059,upi,none,0,213,9,0.106,0,1,7.29,0,0,0
pay_Zom1041491,3360,upi,none,0,94,11,0.118,1,1,5.84,1,0,1
pay_Zom2562657,252,upi,none,0,43,5,0.115,2,1,5.27,0,0,0
pay_Zom8691502,2059,upi,none,0,135,12,0.075,0,1,5.2,0,0,0
pay_Zom7009980,252,upi,none,0,149,17,0.082,0,1,0.74,0,0,0
pay_Zom2062512,252,card,amex,1,135,6,0.243,1,1,7.3,0,0,0
pay_Zom9966154,252,card,mastercard,1,351,24,0.151,0,1,0.77,0,0,0
pay_Zom7672565,252,card,visa,1,54,7,0.133,2,1,6.96,0,0,0
pay_Zom4654579,2059,upi,none,0,4,0,0.092,0,1,7.78,0,0,0
pay_Zom8208215,2059,card,rupay,0,286,21,0.118,1,3,4.36,1,0,1
pay_Zom4554277,2059,upi,none,0,20,1,0.042,1,1,4.32,0,0,0
pay_Zom9299939,252,upi,none,0,143,16,0.188,0,2,1.06,0,0,0
pay_Zom5505300,252,upi,none,0,247,36,0.075,0,1,1.31,0,0,0
pay_Zom6416778,2059,upi,none,0,44,4,0.041,0,1,2.97,0,0,0
pay_Zom5757902,252,card,rupay,0,212,8,0.046,0,1,2.97,0,0,0
pay_Zom6666591,3360,upi,none,1,48,7,0.076,0,1,1.45,0,0,0
pay_Zom3191007,2059,upi,none,1,189,5,0.285,0,1,7.94,0,1,1
pay_Zom9142618,2059,card,amex,0,8,0,0.064,0,2,0.49,0,0,0
pay_Zom6766993,3360,upi,none,0,127,7,0.084,0,2,1.73,0,0,0
pay_Zom1812172,252,card,rupay,1,135,22,0.04,0,1,1.05,0,0,0
pay_Zom1770794,2059,upi,none,0,81,11,0.096,0,1,9.26,0,0,0
pay_Zom2670586,252,card,rupay,0,139,15,0.181,0,1,0.54,0,0,0
pay_Zom8710502,3360,upi,none,0,307,38,0.076,1,1,2.23,0,0,0
pay_Zom1273155,252,netbanking,none,0,158,16,0.256,1,1,0.15,0,1,1
pay_Zom3084353,2059,upi,none,0,390,17,0.106,1,6,5.28,0,0,0
pay_Zom3650523,2059,card,mastercard,1,71,9,0.147,1,1,3.79,0,0,0
pay_Zom8403549,252,upi,none,0,90,8,0.026,0,1,6.47,0,0,0
pay_Zom8659103,252,upi,none,0,36,4,0.049,0,1,1.21,0,0,0
pay_Zom1011340,2059,upi,none,0,508,13,0.045,0,1,2.82,0,0,0
pay_Zom8177281,252,upi,none,1,6,0,0.098,0,1,11.13,0,0,0
pay_Zom4394336,252,upi,none,0,53,6,0.019,0,1,1.02,0,0,0
pay_Zom3213134,252,card,visa,0,42,3,0.088,0,1,8.2,0,0,0
pay_Zom6064462,252,upi,none,0,58,3,0.168,0,1,10.32,0,0,0
pay_Zom3667199,2059,card,rupay,0,299,17,0.038,0,1,1.66,0,0,0
pay_Zom5597283,252,upi,none,0,55,6,0.011,0,1,1.41,0,0,0
pay_Zom2565985,252,upi,none,0,298,8,0.312,0,1,1.17,0,1,1
pay_Zom7047102,252,card,visa,1,66,5,0.505,0,1,6.47,0,1,1
pay_Zom5200835,252,card,mastercard,1,231,23,0.081,0,1,4.03,0,0,0
pay_Zom2382787,252,upi,none,0,88,6,0.047,0,1,0.82,0,0,0
pay_Zom7238503,252,upi,none,0,44,6,0.083,0,1,6.76,0,0,0
pay_Zom3777050,252,upi,none,0,71,2,0.111,0,1,0.74,0,0,0
pay_Zom1868846,252,upi,none,1,66,10,0.05,1,1,2.36,0,0,0
pay_Zom7649508,2059,upi,none,0,36,4,0.342,0,1,0.43,0,1,1
pay_Zom6125594,252,upi,none,1,41,3,0.119,0,1,3.66,0,0,0
pay_Zom4928281,2059,upi,none,0,24,4,0.057,1,2,3.77,0,0,0
pay_Zom8201300,252,upi,none,1,49,6,0.073,0,1,1.57,0,0,0
pay_Zom2530068,252,netbanking,none,1,117,19,0.036,2,6,0.38,1,1,1
pay_Zom2596917,2059,card,mastercard,1,58,5,0.071,0,1,2.76,0,0,0
pay_Zom1018225,252,upi,none,0,149,13,0.041,0,1,8.87,0,0,0
pay_Zom4580613,2059,upi,none,0,520,54,0.099,0,1,5.48,0,0,0
pay_Zom8999489,2059,upi,none,0,56,1,0.01,0,1,2.99,0,0,0
pay_Zom2307594,252,card,rupay,0,74,12,0.095,0,1,0.27,0,0,0
pay_Zom3226333,2059,upi,none,0,21,2,0.066,0,1,3.73,0,0,0
pay_Zom4794852,2059,upi,none,0,59,7,0.014,0,1,1.48,0,0,0
pay_Zom9714828,252,upi,none,0,155,26,0.462,0,1,4.69,0,1,1
pay_Zom8466983,252,upi,none,0,29,5,0.371,0,1,0.15,0,1,1
pay_Zom1155809,252,upi,none,0,24,1,0.182,1,1,2.3,0,0,0
pay_Zom1135267,2059,card,rupay,0,56,7,0.214,0,1,1.54,0,0,0
pay_Zom6764217,2059,upi,none,0,204,23,0.176,0,2,0.05,0,0,0
pay_Zom3023227,3360,upi,none,0,117,10,0.006,0,1,2.22,0,0,0
pay_Zom8085252,2059,upi,none,1,379,66,0.004,0,1,0.58,0,0,0
pay_Zom3217531,252,upi,none,0,281,43,0.07,0,1,0.08,0,0,0
pay_Zom9014480,252,upi,none,0,19,2,0.015,1,1,3.34,0,0,0
pay_Zom2188301,2059,upi,none,0,5,0,0.164,0,1,15.16,0,0,0
pay_Zom4841091,252,card,mastercard,0,61,7,0.121,0,1,3.96,0,0,0
pay_Zom7426846,3360,netbanking,none,0,88,9,0.03,0,1,7.48,0,0,0
pay_Zom2498726,252,netbanking,none,1,86,5,0.052,1,1,0.47,0,0,0
pay_Zom2718442,252,upi,none,0,17,1,0.101,1,1,1.23,0,0,0
pay_Zom2731434,2059,card,mastercard,0,15,0,0.037,0,1,5.12,0,0,0
pay_Zom6257165,2059,netbanking,none,0,5,0,0.129,0,1,0.69,0,1,1
pay_Zom7166661,252,upi,none,0,228,30,0.337,0,1,3.17,0,1,1
pay_Zom6020671,2059,upi,none,1,354,9,0.167,0,1,2.23,0,0,0
pay_Zom3300647,252,upi,none,0,14,1,0.33,1,1,3.23,0,1,1
pay_Zom7420993,2059,upi,none,1,28,0,0.048,0,1,11.84,0,0,0
pay_Zom3233823,2059,card,amex,0,11,1,0.172,0,3,5.08,1,1,1
pay_Zom3396676,2059,upi,none,1,251,28,0.032,0,1,15.81,0,0,0
pay_Zom2147756,2059,upi,none,0,382,54,0.109,0,1,0.46,0,0,0
pay_Zom9900451,252,upi,none,0,36,5,0.08,0,1,2.18,0,0,0
pay_Zom1142182,252,upi,none,1,43,3,0.078,2,1,0.99,0,0,0
pay_Zom3753418,3360,upi,none,0,54,1,0.145,0,1,3.84,0,0,0
pay_Zom8383643,252,upi,none,0,83,10,0.006,0,1,0.05,0,0,0
pay_Zom6891952,3360,upi,none,0,137,13,0.271,0,1,7.84,0,1,1
pay_Zom4574477,252,card,amex,0,84,6,0.057,1,1,3.22,0,0,0
pay_Zom3539636,2059,card,visa,0,361,20,0.066,0,1,3.89,0,0,0
pay_Zom7907345,2059,card,mastercard,0,12,0,0.101,0,1,5.53,0,0,0
pay_Zom8421969,3360,card,visa,0,192,12,0.084,1,1,4.79,0,0,0
pay_Zom4644760,252,card,mastercard,0,48,4,0.109,0,1,4.07,0,0,0
pay_Zom2454383,2059,card,visa,0,56,5,0.067,0,1,10.33,0,0,0
pay_Zom2685524,252,card,amex,0,148,16,0.205,0,1,0.95,0,0,0
pay_Zom3349030,252,card,mastercard,1,318,24,0.192,0,1,0.35,0,0,0
pay_Zom3066235,2059,upi,none,0,151,25,0.128,0,1,3.49,0,0,0
pay_Zom7442986,2059,upi,none,1,179,17,0.121,0,2,0.23,0,1,1
pay_Zom6897789,3360,card,mastercard,0,166,14,0.071,0,1,2.83,0,0,0
pay_Zom8203947,252,upi,none,0,46,1,0.03,0,2,4.21,0,1,1
pay_Zom6276495,252,upi,none,0,169,19,0.073,0,1,3.92,0,0,0
pay_Zom3345961,252,upi,none,0,184,21,0.188,0,1,1.44,0,0,0
pay_Zom5157165,252,upi,none,0,91,10,0.224,0,1,3.97,0,0,0
pay_Zom5646746,252,netbanking,none,0,92,14,0.016,0,1,1.43,0,0,0
pay_Zom2413458,2059,upi,none,0,171,24,0.071,0,2,5.73,0,0,0
pay_Zom5163551,252,upi,none,1,203,32,0.032,0,1,7.19,0,0,0
pay_Zom5780177,3360,upi,none,1,49,1,0.073,0,1,3.84,0,0,0
pay_Zom1450038,3360,card,visa,0,194,13,0.121,0,1,3.46,0,0,0
pay_Zom6060836,2059,upi,none,0,201,14,0.042,0,1,1.19,0,0,0
pay_Zom4446807,3360,upi,none,0,32,4,0.056,0,3,2.19,1,0,1
pay_Zom9686388,2059,card,visa,0,151,13,0.069,0,1,0.92,0,0,0
pay_Zom9548370,252,upi,none,0,24,3,0.389,0,1,4.26,0,1,1
pay_Zom4164963,252,upi,none,0,11,0,0.006,0,6,3.68,0,1,1
pay_Zom7572491,252,upi,none,1,102,5,0.061,1,1,0.4,0,0,0
pay_Zom5958372,252,card,rupay,0,287,19,0.071,0,1,7.98,0,0,0
pay_Zom1915518,2059,upi,none,0,4,0,0.276,0,1,15.38,0,1,1
pay_Zom5015476,252,upi,none,1,210,10,0.056,0,1,0.53,0,0,0
pay_Zom9302838,2059,upi,none,0,84,4,0.045,0,1,1.13,0,0,0
pay_Zom7474085,2059,upi,none,0,236,5,0.044,0,1,6.03,0,0,0
pay_Zom2891524,252,upi,none,1,222,29,0.052,0,1,1.76,0,0,0
pay_Zom5044680,3360,upi,none,0,249,20,0.006,0,1,0.21,0,0,0
pay_Zom9381604,252,upi,none,0,175,4,0.205,0,1,8.5,0,0,0
pay_Zom2191383,252,upi,none,0,222,17,0.201,1,1,2.61,0,0,0
pay_Zom9863176,2059,card,rupay,0,23,3,0.072,0,1,0.11,0,0,0
pay_Zom1202450,252,card,amex,1,43,4,0.037,0,1,2.0,0,0,0
pay_Zom7058222,2059,upi,none,0,33,5,0.054,0,1,6.29,0,0,0
pay_Zom6309530,252,card,mastercard,0,162,17,0.055,0,1,1.76,0,0,0
pay_Zom3214305,252,upi,none,0,20,3,0.09,0,1,0.49,0,0,0
pay_Zom7490068,3360,netbanking,none,1,24,1,0.037,0,1,0.15,0,0,0
pay_Zom8060918,252,upi,none,0,253,16,0.105,0,1,5.29,0,0,0
pay_Zom7130603,252,upi,none,0,146,19,0.013,0,1,2.5,0,0,0
pay_Zom3898604,252,upi,none,1,249,44,0.047,0,1,1.35,0,1,1
pay_Zom8902314,3360,upi,none,1,18,2,0.024,0,1,6.13,0,0,0
pay_Zom2224599,252,card,mastercard,0,61,6,0.067,1,2,0.42,0,1,1
pay_Zom1280001,252,upi,none,0,39,1,0.051,0,1,0.63,0,0,0
pay_Zom2133008,252,upi,none,0,1,0,0.063,0,6,1.72,0,0,0
pay_Zom1231415,252,upi,none,0,40,1,0.23,1,1,0.14,0,0,0
pay_Zom5398739,2059,upi,none,0,57,3,0.173,0,1,6.73,0,0,0
pay_Zom4619565,2059,upi,none,0,11,0,0.075,0,1,2.14,0,0,0
pay_Zom1668183,252,upi,none,0,100,8,0.029,0,1,3.15,0,0,0
pay_Zom2014499,2059,card,visa,0,57,8,0.066,1,1,0.17,0,0,0
pay_Zom7676912,252,card,amex,1,5,0,0.072,0,1,7.04,0,0,0
pay_Zom9499515,3360,upi,none,0,146,10,0.1,1,1,12.22,0,0,0
pay_Zom5806467,3360,upi,none,0,156,9,0.074,1,1,7.65,0,0,0
pay_Zom9406206,252,card,mastercard,1,215,14,0.009,0,2,4.03,0,0,0
pay_Zom7969792,2059,upi,none,0,79,6,0.143,0,1,5.5,0,0,0
pay_Zom8106413,2059,upi,none,0,415,24,0.108,1,1,6.61,0,0,0
pay_Zom7749095,252,card,amex,0,294,50,0.023,2,1,0.85,0,1,1
pay_Zom2382909,252,upi,none,0,96,8,0.016,0,1,0.54,0,0,0
pay_Zom3561552,252,upi,none,0,70,2,0.053,0,1,0.8,0,0,0
pay_Zom5655136,2059,upi,none,0,0,0,0.024,0,1,7.67,0,0,0
pay_Zom2402526,3360,upi,none,0,148,7,0.023,0,1,1.44,0,0,0
pay_Zom6199374,2059,netbanking,none,0,99,5,0.001,0,1,0.58,0,0,0
pay_Zom2325761,2059,upi,none,0,332,21,0.581,1,1,27.28,0,1,1
pay_Zom9578269,2059,netbanking,none,0,108,4,0.194,0,1,0.64,0,0,0
pay_Zom4409088,2059,upi,none,0,592,80,0.105,0,1,0.43,0,0,0
pay_Zom3606795,2059,upi,none,0,230,33,0.047,0,1,6.29,0,0,0
pay_Zom9999133,252,upi,none,1,368,30,0.047,0,1,6.53,0,0,0
pay_Zom6481960,252,upi,none,0,47,6,0.137,0,1,2.79,0,0,0
pay_Zom7555386,2059,upi,none,0,19,1,0.159,0,2,1.13,0,0,0
pay_Zom2109227,252,upi,none,0,191,8,0.002,0,1,1.29,0,0,0
pay_Zom6203780,2059,card,rupay,0,185,15,0.192,0,1,1.27,0,0,0
pay_Zom8339797,252,netbanking,none,1,28,3,0.116,0,1,7.02,0,0,0
pay_Zom5003671,252,upi,none,1,173,4,0.068,0,1,0.06,0,0,0
pay_Zom1971500,2059,upi,none,0,104,12,0.104,0,1,4.34,0,0,0
pay_Zom5101689,252,card,visa,1,13,1,0.088,0,1,10.87,0,0,0
pay_Zom2446410,252,upi,none,0,83,13,0.082,0,1,4.89,0,0,0
pay_Zom8289425,252,upi,none,1,321,11,0.241,0,3,2.36,0,0,0
pay_Zom2945931,2059,netbanking,none,0,84,1,0.066,0,1,0.3,0,0,0
pay_Zom8606317,252,upi,none,0,186,5,0.086,0,2,0.11,0,0,0
pay_Zom1923227,3360,upi,none,1,3,0,0.114,0,1,0.82,0,0,0
pay_Zom6189026,252,upi,none,0,156,22,0.093,0,1,3.32,0,0,0
pay_Zom3946849,3360,upi,none,1,352,54,0.0,0,1,2.12,1,1,1
pay_Zom3003921,3360,upi,none,0,83,8,0.033,0,1,3.22,0,0,0
pay_Zom1212482,252,card,mastercard,0,49,5,0.013,0,1,0.31,0,0,0
pay_Zom3302031,252,netbanking,none,0,124,8,0.003,0,2,6.16,0,0,0
pay_Zom1190431,252,upi,none,0,297,45,0.127,0,1,3.98,0,0,0
pay_Zom3748655,2059,upi,none,0,23,3,0.004,1,1,3.55,0,0,0
pay_Zom9328426,252,upi,none,0,62,5,0.056,0,1,0.66,0,0,0
pay_Zom6816746,252,card,visa,0,20,1,0.112,0,2,2.76,0,0,0
pay_Zom9774573,252,netbanking,none,1,82,11,0.06,0,1,1.03,0,0,0
pay_Zom9677559,252,card,rupay,0,93,2,0.112,0,1,9.43,0,0,0
pay_Zom5349442,252,upi,none,1,346,54,0.084,1,1,2.2,0,0,0
pay_Zom3801173,2059,netbanking,none,0,63,5,0.068,0,1,1.29,0,0,0
pay_Zom7238933,3360,upi,none,0,100,9,0.019,0,1,10.53,0,0,0
pay_Zom3129542,252,upi,none,0,259,32,0.046,0,1,0.81,0,0,0
pay_Zom5509119,252,upi,none,1,46,5,0.198,0,1,2.38,0,0,0
pay_Zom2980663,252,upi,none,0,134,8,0.043,0,2,0.66,0,1,1
pay_Zom1492516,2059,card,amex,0,169,28,0.249,0,1,0.35,0,0,0
pay_Zom6620552,3360,card,amex,1,48,8,0.168,0,1,0.19,0,0,0
pay_Zom8202871,2059,upi,none,0,21,2,0.37,0,1,0.06,0,0,0
pay_Zom5563077,3360,upi,none,1,83,9,0.096,0,1,4.33,0,0,0
pay_Zom9788815,252,upi,none,0,52,5,0.065,0,2,1.72,0,0,0
pay_Zom2071594,2059,upi,none,0,37,3,0.058,1,1,8.92,0,0,0
pay_Zom5411563,2059,upi,none,0,435,74,0.118,0,1,3.45,0,0,0
pay_Zom2293020,252,upi,none,0,83,4,0.085,1,1,5.75,0,0,0
pay_Zom9323974,3360,card,rupay,1,232,8,0.113,0,1,1.16,1,0,1
pay_Zom8636951,252,card,rupay,1,26,4,0.039,0,1,0.84,0,0,0
pay_Zom9569497,2059,netbanking,none,0,336,18,0.21,0,1,2.06,0,0,0
pay_Zom7041876,252,netbanking,none,1,189,26,0.06,0,1,6.15,0,0,0
pay_Zom1930113,252,card,mastercard,0,198,10,0.071,0,1,2.28,0,0,0
pay_Zom9382064,2059,upi,none,0,59,10,0.04,0,2,2.8,0,0,0
pay_Zom3799805,252,card,mastercard,0,79,11,0.192,0,1,1.55,0,1,1
pay_Zom7168777,252,upi,none,0,107,17,0.253,0,1,3.14,0,1,1
pay_Zom3639223,252,card,mastercard,0,187,32,0.084,0,1,2.47,0,0,0
pay_Zom5280137,2059,upi,none,0,226,7,0.246,0,1,2.17,0,0,0
pay_Zom2726457,252,card,mastercard,0,9,0,0.227,1,1,2.79,0,0,0
pay_Zom2934976,252,upi,none,1,281,34,0.205,0,1,1.9,0,0,0
pay_Zom4831990,3360,upi,none,1,332,49,0.063,0,2,5.42,0,0,0
pay_Zom9536665,2059,upi,none,0,107,6,0.241,0,1,0.25,0,0,0
pay_Zom1043092,252,upi,none,0,24,3,0.247,0,1,1.53,0,0,0
pay_Zom1738833,2059,netbanking,none,0,204,11,0.023,1,1,4.9,0,0,0
pay_Zom1206159,2059,upi,none,1,95,15,0.073,0,1,1.59,0,1,1
pay_Zom5102892,2059,upi,none,0,203,20,0.021,0,1,2.22,0,0,0
pay_Zom1771442,252,netbanking,none,0,202,20,0.067,0,1,1.74,0,0,0
pay_Zom8914896,252,upi,none,1,10,0,0.004,0,1,1.51,0,1,1
pay_Zom7106512,252,upi,none,0,112,4,0.053,0,1,2.79,0,0,0
pay_Zom7425329,252,upi,none,0,79,5,0.1,0,1,0.63,0,0,0
pay_Zom3518002,252,upi,none,0,350,30,0.065,0,1,2.0,0,0,0
pay_Zom4002466,252,card,mastercard,0,42,4,0.095,0,1,4.92,0,0,0
pay_Zom1593302,2059,card,amex,1,27,3,0.048,0,1,0.03,0,0,0
pay_Zom8035849,252,netbanking,none,0,272,20,0.273,0,1,3.23,0,1,1
pay_Zom4766741,252,upi,none,0,19,1,0.048,0,2,14.07,0,0,0
pay_Zom6398941,2059,upi,none,0,139,22,0.021,0,1,1.8,0,0,0
pay_Zom5165165,252,upi,none,0,42,5,0.099,0,1,2.71,0,0,0
pay_Zom7983626,252,card,mastercard,0,100,2,0.046,0,1,0.53,0,0,0
pay_Zom6367620,2059,upi,none,0,114,17,0.095,0,1,4.29,0,0,0
pay_Zom5550953,252,upi,none,0,64,11,0.013,0,1,1.89,0,0,0
pay_Zom2306728,2059,upi,none,0,442,75,0.096,0,1,5.13,0,0,0
pay_Zom7254683,2059,upi,none,0,16,2,0.033,1,1,0.47,0,0,0
pay_Zom3003215,252,card,rupay,0,59,7,0.077,0,1,0.28,0,0,0
pay_Zom9422849,2059,upi,none,1,67,4,0.042,0,1,1.15,0,0,0
pay_Zom1883692,252,upi,none,0,119,14,0.325,0,1,0.67,0,1,1
pay_Zom4008898,252,upi,none,1,62,8,0.088,0,1,5.95,0,1,1
pay_Zom4744423,252,card,rupay,0,12,0,0.138,0,1,4.96,0,0,0
pay_Zom9653253,252,upi,none,1,353,21,0.0,0,1,11.9,0,0,0
pay_Zom1770553,3360,upi,none,0,64,5,0.101,0,1,0.24,0,0,0
pay_Zom7726402,252,upi,none,0,50,6,0.153,1,1,1.19,0,0,0
pay_Zom2156393,252,upi,none,0,71,4,0.031,0,1,12.33,0,0,0
pay_Zom8802985,252,card,mastercard,0,29,3,0.138,0,1,0.39,0,0,0
pay_Zom5736323,252,upi,none,1,12,1,0.057,2,1,2.36,0,0,0
pay_Zom6212643,252,netbanking,none,0,19,1,0.182,0,2,3.73,0,0,0
pay_Zom6491198,252,upi,none,0,21,3,0.07,0,1,0.9,0,0,0
pay_Zom2449308,2059,card,rupay,1,26,2,0.145,0,1,5.24,0,0,0
pay_Zom8662929,252,card,visa,0,65,2,0.124,0,1,6.69,0,0,0
pay_Zom1133700,252,upi,none,0,117,3,0.14,0,1,1.77,0,0,0
pay_Zom7189439,252,card,amex,0,118,8,0.003,0,1,4.26,0,0,0
pay_Zom4366703,252,upi,none,0,0,0,0.25,0,1,2.65,0,0,0
pay_Zom5892153,2059,upi,none,1,304,47,0.043,1,2,3.99,0,0,0
pay_Zom6098752,252,upi,none,0,207,28,0.187,1,1,2.09,0,0,0
pay_Zom5069884,252,upi,none,0,398,64,0.202,0,2,0.12,0,0,0
pay_Zom8783398,252,card,amex,0,53,6,0.034,0,1,1.37,0,0,0
pay_Zom7178606,2059,upi,none,0,131,11,0.22,0,1,1.22,0,0,0
pay_Zom9277218,2059,card,mastercard,0,22,1,0.176,1,1,9.03,0,0,0
pay_Zom4278644,252,upi,none,0,203,22,0.009,0,1,2.02,0,0,0
pay_Zom5112546,2059,upi,none,0,21,2,0.012,0,1,8.18,0,0,0
pay_Zom3526084,2059,netbanking,none,1,47,3,0.032,1,3,0.02,0,0,0
pay_Zom1107003,2059,card,visa,0,80,13,0.29,0,1,3.5,0,1,1
pay_Zom7879264,2059,upi,none,0,108,13,0.132,1,3,2.14,1,0,1
pay_Zom1401147,252,card,mastercard,0,98,15,0.063,1,1,0.16,0,0,0
pay_Zom4909053,252,netbanking,none,1,12,1,0.331,0,1,2.21,0,0,0
pay_Zom6812025,252,upi,none,0,65,4,0.033,1,1,1.69,0,0,0
pay_Zom1160974,252,upi,none,1,307,42,0.14,0,1,0.84,0,0,0
pay_Zom6620658,3360,upi,none,1,247,14,0.001,0,1,0.29,0,0,0
pay_Zom1024528,252,upi,none,1,107,12,0.073,2,1,5.47,0,0,0
pay_Zom7312844,252,upi,none,0,101,8,0.002,0,1,3.28,0,0,0
pay_Zom6159172,2059,upi,none,0,14,0,0.102,0,1,3.13,0,0,0
pay_Zom2743975,252,upi,none,0,26,2,0.016,0,1,8.27,0,0,0
pay_Zom4442590,252,card,mastercard,1,34,2,0.096,0,1,0.04,0,0,0
pay_Zom9888812,252,card,rupay,1,80,3,0.105,0,1,2.73,0,0,0
pay_Zom4995789,252,upi,none,1,157,23,0.212,0,1,10.68,0,0,0
pay_Zom8043341,2059,upi,none,0,74,7,0.157,1,2,2.09,0,0,0
pay_Zom9254874,252,upi,none,0,16,1,0.217,1,1,2.24,0,0,0
pay_Zom2004872,252,upi,none,0,69,6,0.096,0,1,0.25,0,0,0
pay_Zom3388630,252,upi,none,0,21,2,0.029,0,1,4.26,0,0,0
pay_Zom5694689,252,upi,none,0,166,3,0.047,0,2,5.02,0,0,0
pay_Zom2560728,2059,upi,none,0,21,2,0.083,0,2,0.52,0,0,0
pay_Zom1736524,252,netbanking,none,1,79,7,0.211,0,1,3.56,0,0,0
pay_Zom4883465,252,card,amex,0,141,22,0.012,0,1,1.64,0,0,0
pay_Zom9720112,3360,card,visa,1,31,3,0.133,0,1,2.91,0,0,0
pay_Zom7929943,2059,card,rupay,1,9,0,0.233,0,1,3.93,0,0,0
pay_Zom7249378,252,upi,none,0,99,8,0.018,0,1,0.37,0,0,0
pay_Zom8691649,252,upi,none,0,6,0,0.053,0,6,1.25,1,0,1
pay_Zom2424426,2059,card,amex,0,106,2,0.119,0,1,6.47,0,0,0
pay_Zom2603516,2059,card,amex,0,168,27,0.036,0,1,0.65,0,0,0
pay_Zom9479670,252,upi,none,0,47,1,0.034,0,1,3.68,0,0,0
pay_Zom3239990,3360,upi,none,0,80,1,0.045,0,1,6.34,0,0,0
pay_Zom7616116,252,upi,none,1,317,6,0.184,1,2,3.43,0,1,1
pay_Zom2255447,252,upi,none,0,76,9,0.133,0,1,5.38,0,0,0
pay_Zom2044933,252,upi,none,0,680,63,0.061,0,1,2.35,0,0,0
pay_Zom8297801,252,upi,none,1,20,0,0.198,0,1,7.5,0,0,0
pay_Zom3192921,2059,upi,none,0,148,23,0.084,0,1,3.96,0,0,0
pay_Zom4972370,252,upi,none,0,126,6,0.067,0,1,1.46,0,0,0
pay_Zom5893511,252,upi,none,1,246,17,0.057,0,1,2.57,0,0,0
pay_Zom5378701,2059,card,mastercard,0,11,0,0.064,1,1,3.64,0,0,0
pay_Zom6284972,252,upi,none,0,39,6,0.09,0,1,5.42,0,0,0
pay_Zom7592651,252,upi,none,1,17,2,0.107,0,2,0.65,0,0,0
pay_Zom6473593,252,upi,none,0,324,44,0.101,1,1,16.25,0,0,0
pay_Zom6336123,252,netbanking,none,0,66,1,0.026,0,6,0.57,0,0,0
pay_Zom8596016,252,upi,none,0,289,29,0.018,0,2,2.74,0,0,0
pay_Zom5562662,2059,upi,none,0,41,4,0.135,0,1,0.06,0,0,0
pay_Zom4919346,252,upi,none,1,16,1,0.113,0,1,2.03,0,0,0
pay_Zom2253047,252,upi,none,1,42,3,0.038,0,3,0.01,0,1,1
pay_Zom4400953,2059,upi,none,0,109,17,0.044,1,1,0.25,0,0,0
pay_Zom3283577,2059,upi,none,1,223,5,0.086,0,1,2.78,0,0,0
pay_Zom2828260,252,netbanking,none,1,58,6,0.054,0,2,2.13,0,0,0
pay_Zom3607356,252,card,visa,0,295,24,0.034,0,1,0.23,0,0,0
pay_Zom2772642,252,netbanking,none,0,33,4,0.07,0,1,9.37,0,0,0
pay_Zom3757754,252,upi,none,0,141,7,0.007,0,1,1.51,0,0,0
pay_Zom8542478,252,card,mastercard,0,159,9,0.348,0,1,4.75,0,1,1
pay_Zom8819107,252,upi,none,0,38,4,0.221,0,1,11.5,0,0,0
pay_Zom6268604,3360,upi,none,0,3,0,0.027,1,1,8.39,0,0,0
pay_Zom7820148,252,card,rupay,0,54,9,0.443,0,1,4.02,0,1,1
pay_Zom3025626,2059,upi,none,1,5,0,0.024,0,1,0.06,0,1,1
pay_Zom9991321,252,upi,none,1,277,10,0.218,0,1,3.59,0,1,1
pay_Zom7011065,2059,upi,none,0,368,42,0.034,0,1,0.31,0,0,0
pay_Zom4483557,2059,upi,none,1,159,13,0.002,0,1,1.95,0,0,0
pay_Zom8581910,2059,netbanking,none,0,155,21,0.041,0,1,8.59,0,0,0
pay_Zom6172545,252,upi,none,0,33,3,0.277,1,6,0.44,0,1,1
pay_Zom8773665,252,upi,none,0,9,0,0.186,0,1,4.28,0,0,0
pay_Zom5446095,252,upi,none,1,194,23,0.12,0,1,1.17,0,0,0
pay_Zom3011815,2059,card,mastercard,1,98,3,0.094,1,1,0.62,0,0,0
pay_Zom2517010,252,upi,none,1,137,17,0.023,0,1,0.96,0,0,0
pay_Zom3644347,252,upi,none,1,181,17,0.144,1,1,1.82,0,0,0
pay_Zom6103880,252,card,mastercard,0,63,9,0.021,1,3,5.73,1,1,1
pay_Zom1676621,252,upi,none,1,18,0,0.06,0,1,2.53,0,0,0
pay_Zom4607450,252,upi,none,0,190,12,0.022,0,2,1.51,0,0,0
pay_Zom6499465,252,card,amex,0,72,12,0.114,1,1,0.68,0,0,0
pay_Zom3488460,3360,upi,none,0,210,22,0.055,0,1,1.02,1,1,1
pay_Zom2530298,2059,card,amex,0,69,11,0.162,0,1,10.2,0,0,0
pay_Zom5164420,3360,upi,none,0,29,3,0.065,0,2,0.88,0,1,1
pay_Zom6968373,252,netbanking,none,0,22,3,0.007,0,1,1.38,0,0,0
pay_Zom7647878,2059,netbanking,none,0,163,11,0.035,1,1,2.34,0,0,0
pay_Zom9614423,2059,upi,none,0,102,3,0.115,0,1,2.11,0,0,0
pay_Zom1821255,2059,upi,none,0,62,9,0.066,0,1,1.28,0,0,0
pay_Zom6013715,2059,netbanking,none,0,81,12,0.03,0,1,0.06,0,0,0
pay_Zom5364874,252,upi,none,0,95,11,0.144,0,1,6.08,0,0,0
pay_Zom3917016,2059,upi,none,1,32,3,0.185,0,1,0.28,0,0,0
pay_Zom1521470,252,upi,none,1,57,9,0.072,1,1,5.46,0,0,0
pay_Zom7784575,252,card,rupay,0,41,1,0.061,0,1,1.28,0,0,0
pay_Zom8586676,252,card,amex,1,59,7,0.138,0,1,8.48,0,0,0
pay_Zom5191831,3360,upi,none,0,83,2,0.075,1,1,2.41,0,0,0
pay_Zom2589226,2059,upi,none,0,22,0,0.021,0,1,0.04,0,0,0
pay_Zom8751799,3360,card,amex,0,60,5,0.079,0,1,2.55,0,0,0
pay_Zom2709721,2059,card,amex,0,58,8,0.016,0,1,8.41,0,0,0
pay_Zom3345338,252,upi,none,0,40,5,0.037,0,1,0.14,0,0,0
pay_Zom3037647,252,netbanking,none,0,779,136,0.042,0,1,2.14,0,0,0
pay_Zom1200603,252,card,mastercard,0,9,0,0.038,0,1,4.21,0,0,0
pay_Zom2034637,252,upi,none,0,123,9,0.265,0,1,0.24,0,1,1
pay_Zom4729376,252,card,visa,1,23,1,0.043,0,1,0.93,0,0,0
pay_Zom3193037,252,upi,none,0,219,5,0.049,0,1,0.12,0,1,1
pay_Zom4324120,252,upi,none,1,294,18,0.009,0,1,2.85,0,0,0
pay_Zom7720647,3360,upi,none,0,61,3,0.026,0,1,5.9,0,0,0
pay_Zom7245146,252,card,rupay,1,208,18,0.203,0,1,1.54,0,0,0
pay_Zom2409947,2059,netbanking,none,0,34,1,0.001,0,1,0.41,0,0,0
pay_Zom5342289,2059,upi,none,1,18,1,0.03,0,1,2.61,0,0,0
pay_Zom2258076,252,upi,none,1,45,7,0.072,0,1,7.05,0,0,0
pay_Zom1365746,252,upi,none,0,50,6,0.127,0,1,3.11,0,0,0
pay_Zom2081661,252,card,mastercard,0,60,9,0.051,0,1,0.86,0,0,0
pay_Zom4317700,252,card,rupay,0,56,8,0.031,0,1,0.86,0,0,0
pay_Zom8439543,2059,upi,none,1,63,5,0.358,0,1,1.46,0,1,1
pay_Zom3160763,252,upi,none,0,148,19,0.202,0,3,0.31,0,0,0
pay_Zom2543145,252,upi,none,0,33,4,0.177,0,1,2.73,0,0,0
pay_Zom6562484,252,upi,none,0,2,0,0.112,1,1,12.52,0,0,0
pay_Zom3055673,3360,upi,none,0,80,12,0.107,0,1,5.7,0,0,0
pay_Zom1716325,2059,card,mastercard,0,71,6,0.087,0,2,2.77,0,1,1
pay_Zom8734211,2059,upi,none,1,7,0,0.104,0,1,8.86,0,0,0
pay_Zom1849559,252,card,rupay,0,17,2,0.283,0,1,3.01,0,1,1
pay_Zom3818391,2059,upi,none,1,85,10,0.041,1,1,5.62,0,0,0
pay_Zom8267158,2059,upi,none,0,32,3,0.052,0,1,0.71,0,0,0
pay_Zom7626978,2059,upi,none,0,252,13,0.083,0,1,0.75,0,0,0
pay_Zom9323619,3360,upi,none,0,22,2,0.301,0,1,7.07,0,1,1
pay_Zom1494630,252,upi,none,1,2,0,0.056,1,1,0.92,0,0,0
pay_Zom7421134,3360,card,amex,0,71,12,0.263,0,1,2.83,0,1,1
pay_Zom8158234,3360,upi,none,0,513,77,0.154,0,6,0.84,1,0,1
pay_Zom3899223,252,card,rupay,0,120,17,0.211,0,1,3.27,0,0,0
pay_Zom6938182,252,upi,none,0,52,2,0.14,0,1,2.13,0,0,0
pay_Zom4602338,3360,upi,none,1,2,0,0.159,0,3,5.96,1,0,1
pay_Zom4139874,252,upi,none,0,79,6,0.186,0,1,5.14,0,0,0
pay_Zom5613428,252,netbanking,none,0,27,2,0.139,1,2,0.94,0,0,0
pay_Zom5695180,3360,upi,none,0,125,3,0.111,0,1,2.51,0,0,0
pay_Zom8482830,252,upi,none,0,104,11,0.106,0,1,13.81,0,0,0
pay_Zom3493621,252,netbanking,none,0,36,2,0.043,0,1,2.59,0,0,0
pay_Zom1581321,252,upi,none,0,8,0,0.131,0,1,2.02,0,0,0
pay_Zom5123584,252,card,visa,0,168,3,0.052,0,1,0.16,0,0,0
pay_Zom5951043,252,upi,none,0,105,7,0.223,0,1,3.02,0,0,0
pay_Zom9370012,252,card,rupay,0,221,31,0.07,2,1,10.11,0,0,0
pay_Zom7912082,2059,upi,none,0,36,3,0.073,0,1,8.31,0,0,0
pay_Zom9036805,252,netbanking,none,0,126,18,0.038,0,1,4.34,0,0,0
pay_Zom2023059,2059,upi,none,0,15,1,0.104,1,6,1.45,1,1,1
pay_Zom2471723,2059,upi,none,0,41,6,0.092,0,1,4.69,0,1,1
pay_Zom5693862,252,upi,none,0,128,2,0.09,0,1,2.83,0,0,0
pay_Zom7425930,2059,upi,none,1,209,12,0.011,0,1,2.83,0,1,1
pay_Zom3302438,252,card,visa,0,46,4,0.153,0,1,5.99,0,0,0
pay_Zom8033593,252,upi,none,0,192,32,0.045,0,3,0.95,0,0,0
pay_Zom4346346,252,upi,none,0,135,17,0.008,1,1,3.04,0,0,0
pay_Zom9821696,3360,upi,none,0,51,4,0.202,0,1,3.22,0,0,0
pay_Zom5180005,252,upi,none,1,250,10,0.248,0,2,9.1,0,1,1
pay_Zom1327658,252,upi,none,0,85,8,0.13,0,1,0.09,0,0,0
pay_Zom7417252,2059,upi,none,0,125,11,0.332,0,1,2.28,0,1,1
pay_Zom7024901,252,card,rupay,0,82,11,0.044,0,1,1.07,0,0,0
pay_Zom9047769,252,netbanking,none,1,72,6,0.251,0,1,6.35,0,1,1
pay_Zom9131572,252,upi,none,1,226,16,0.171,0,1,1.26,0,0,0
pay_Zom6771934,2059,card,amex,0,41,1,0.382,0,1,1.15,0,0,0
pay_Zom9428760,2059,upi,none,1,4,0,0.271,0,1,3.95,0,1,1
pay_Zom6395626,252,upi,none,0,254,22,0.027,1,1,1.17,0,0,0
pay_Zom7515956,252,upi,none,0,209,15,0.133,0,1,1.8,0,0,0
pay_Zom5537157,252,upi,none,0,54,5,0.018,1,1,0.12,0,0,0
pay_Zom4016809,2059,upi,none,0,24,3,0.35,1,3,1.54,0,1,1
pay_Zom1437264,252,card,rupay,0,135,3,0.128,0,1,4.25,0,0,0
pay_Zom6349877,252,netbanking,none,1,9,0,0.057,0,1,2.81,0,1,1
pay_Zom4674549,252,upi,none,0,66,10,0.141,1,1,0.54,0,0,0
pay_Zom1491630,252,upi,none,0,10,0,0.007,0,1,6.01,0,0,0
pay_Zom5713268,252,netbanking,none,0,109,11,0.06,0,1,1.43,0,0,0
pay_Zom1982997,252,upi,none,0,3,0,0.059,1,3,7.36,0,0,0
pay_Zom8913550,252,card,mastercard,0,119,9,0.152,0,1,6.46,0,0,0
pay_Zom9882399,2059,upi,none,0,134,5,0.077,0,2,0.55,0,0,0
pay_Zom6996728,252,upi,none,0,80,3,0.117,0,1,8.41,0,0,0
pay_Zom4905100,3360,upi,none,0,23,1,0.059,0,2,0.28,0,0,0
pay_Zom3678059,252,card,amex,0,12,1,0.23,0,1,1.87,0,0,0
pay_Zom2679975,2059,card,amex,0,45,2,0.114,1,1,0.65,0,0,0
pay_Zom5158351,2059,upi,none,0,75,12,0.168,0,1,0.44,0,0,0
pay_Zom5045872,252,card,mastercard,0,123,18,0.063,0,2,0.42,0,1,1
pay_Zom5471581,252,upi,none,0,0,0,0.112,0,1,0.0,0,0,0
pay_Zom9953825,2059,upi,none,0,148,20,0.129,1,1,5.49,0,0,0
pay_Zom1937991,252,card,amex,0,149,4,0.021,0,6,1.06,0,1,1
pay_Zom4681115,3360,upi,none,1,70,7,0.015,0,1,0.03,0,0,0
pay_Zom7516648,252,upi,none,1,50,8,0.043,0,1,0.88,0,0,0
pay_Zom6952633,3360,upi,none,1,221,5,0.171,0,3,0.2,0,0,0
pay_Zom3914404,252,netbanking,none,0,184,12,0.093,0,1,0.16,0,0,0
pay_Zom3954473,2059,card,amex,0,490,13,0.027,0,1,5.54,0,0,0
pay_Zom4968669,2059,card,mastercard,0,55,6,0.034,1,1,0.05,0,0,0
pay_Zom6335227,2059,upi,none,0,284,10,0.062,0,1,7.0,0,0,0
pay_Zom7019382,252,card,amex,0,10,0,0.014,1,1,0.79,0,0,0
pay_Zom1473227,2059,upi,none,1,63,8,0.036,0,1,10.67,0,0,0
pay_Zom6900247,252,netbanking,none,0,75,3,0.388,0,2,4.96,0,1,1
pay_Zom3384080,2059,upi,none,0,69,9,0.085,0,1,0.98,0,1,1
pay_Zom4158036,252,upi,none,0,117,3,0.027,1,1,1.21,0,0,0
pay_Zom9258194,2059,upi,none,0,22,0,0.142,0,1,1.11,0,0,0
pay_Zom6185050,252,card,amex,0,241,15,0.054,0,1,0.87,0,0,0
pay_Zom3945353,2059,card,amex,0,96,14,0.311,0,1,0.99,0,1,1
pay_Zom9228157,2059,upi,none,0,281,43,0.25,2,1,3.21,0,0,0
pay_Zom1636925,2059,upi,none,1,0,0,0.33,0,1,3.73,0,1,1
pay_Zom2514267,252,card,amex,0,119,4,0.09,0,1,0.83,0,0,0
pay_Zom1942342,252,upi,none,1,63,9,0.257,0,1,6.59,0,1,1
pay_Zom4902772,3360,card,rupay,0,84,10,0.163,0,2,5.11,0,1,1
pay_Zom4671004,252,netbanking,none,0,163,7,0.328,0,1,2.35,0,1,1
pay_Zom1334336,252,upi,none,0,30,3,0.034,0,1,0.56,0,0,0
pay_Zom9832340,2059,upi,none,1,27,4,0.144,1,1,1.78,0,0,0
pay_Zom9019324,2059,upi,none,0,145,4,0.135,0,1,1.7,0,0,0
pay_Zom1011467,252,upi,none,0,88,2,0.006,0,1,8.1,0,0,0
pay_Zom6565572,2059,upi,none,0,31,1,0.018,1,1,6.96,0,0,0
pay_Zom4380011,2059,card,amex,0,79,9,0.302,0,6,0.13,0,1,1
pay_Zom3189251,252,upi,none,0,73,3,0.089,0,2,0.02,0,0,0
pay_Zom6716988,3360,upi,none,1,141,21,0.082,0,2,5.19,0,1,1
pay_Zom3977282,252,card,amex,0,0,0,0.063,0,1,0.42,0,0,0
pay_Zom6428919,252,card,amex,0,106,11,0.081,1,3,0.78,1,1,1
pay_Zom1999183,252,netbanking,none,1,111,4,0.02,0,1,10.22,0,0,0
pay_Zom1367637,252,upi,none,1,164,29,0.041,0,1,1.57,0,0,0
pay_Zom3478196,3360,card,rupay,0,264,25,0.053,0,1,6.4,1,0,1
pay_Zom3376537,252,netbanking,none,0,69,6,0.078,0,1,0.63,0,1,1
pay_Zom2860938,252,upi,none,0,50,8,0.207,0,1,3.99,0,0,0
pay_Zom9829762,252,upi,none,1,12,1,0.053,0,1,3.45,0,0,0
pay_Zom7121835,252,upi,none,1,49,4,0.382,0,1,4.65,0,1,1
pay_Zom2216878,252,card,visa,1,8,0,0.148,0,1,1.21,0,0,0
pay_Zom7267813,252,upi,none,0,194,6,0.007,0,1,0.52,0,0,0
pay_Zom7636992,252,netbanking,none,0,197,33,0.099,0,1,0.28,0,0,0
pay_Zom2695038,2059,card,amex,0,64,9,0.502,0,1,4.0,0,1,1
pay_Zom6646557,252,upi,none,0,36,2,0.045,0,1,3.81,0,0,0
pay_Zom6062779,252,upi,none,1,15,2,0.107,0,1,0.06,0,0,0
pay_Zom6412383,252,upi,none,0,228,32,0.071,0,2,3.2,0,0,0
pay_Zom3289279,2059,upi,none,0,251,14,0.035,0,1,0.55,0,0,0
pay_Zom3642476,252,card,visa,1,37,4,0.205,0,1,0.14,0,0,0
pay_Zom8329435,252,card,visa,0,116,7,0.062,0,1,2.55,0,0,0
pay_Zom9173859,252,upi,none,0,35,5,0.181,0,1,0.9,0,0,0
pay_Zom6323132,3360,card,mastercard,1,30,1,0.036,0,1,2.7,0,0,0
pay_Zom3922635,252,upi,none,1,2,0,0.044,0,1,4.42,0,1,1
pay_Zom6986539,2059,upi,none,1,103,7,0.168,0,1,9.11,0,0,0
pay_Zom4745298,252,upi,none,0,19,0,0.13,0,1,1.46,0,0,0
pay_Zom3941912,252,upi,none,0,1,0,0.011,0,1,1.92,0,0,0
pay_Zom7348231,2059,netbanking,none,0,13,1,0.041,0,1,0.63,0,0,0
pay_Zom6147639,252,card,mastercard,0,45,2,0.167,0,1,4.47,0,0,0
pay_Zom5941179,2059,upi,none,0,132,15,0.045,0,1,6.06,0,0,0
pay_Zom3136551,3360,upi,none,1,27,2,0.061,0,1,4.26,0,0,0
pay_Zom3981450,2059,upi,none,0,262,34,0.042,0,2,2.05,0,0,0
pay_Zom1030163,252,upi,none,0,40,3,0.177,0,2,2.87,0,1,1
pay_Zom7569981,2059,card,visa,1,48,3,0.112,0,1,0.87,0,0,0
pay_Zom1543292,252,netbanking,none,1,29,1,0.058,0,2,4.65,0,0,0
pay_Zom4054824,2059,card,rupay,0,35,2,0.019,0,1,3.79,0,0,0
pay_Zom6338793,2059,upi,none,1,9,1,0.012,3,1,9.06,0,0,0
pay_Zom4706007,2059,upi,none,1,41,5,0.186,0,1,2.93,0,0,0
pay_Zom2746679,252,upi,none,1,235,10,0.111,0,1,4.84,0,0,0
pay_Zom9324603,252,upi,none,1,139,17,0.351,0,2,2.43,0,1,1
pay_Zom3359604,252,upi,none,1,249,12,0.125,0,1,6.31,0,0,0
pay_Zom6556084,2059,upi,none,0,13,0,0.019,0,1,3.15,1,0,1
pay_Zom2305378,252,upi,none,0,72,7,0.101,0,1,2.19,0,1,1
pay_Zom4992909,252,upi,none,0,31,2,0.009,0,2,0.55,0,0,0
pay_Zom6818508,2059,card,amex,0,153,19,0.099,1,1,5.7,0,0,0
pay_Zom6360633,252,upi,none,0,421,72,0.421,0,1,5.79,0,0,0
pay_Zom3816683,252,card,amex,0,202,8,0.086,0,1,1.32,0,0,0
pay_Zom2488575,252,upi,none,0,4,0,0.068,0,1,2.05,0,0,0
pay_Zom6632941,252,upi,none,1,45,7,0.016,1,1,1.86,0,0,0
pay_Zom8493206,252,card,amex,1,3,0,0.01,0,1,1.44,0,1,1
pay_Zom1191186,252,upi,none,0,4,0,0.035,0,1,2.39,0,0,0
pay_Zom5449526,252,netbanking,none,0,9,0,0.213,0,1,2.46,0,1,1
pay_Zom4517918,252,upi,none,1,38,4,0.027,0,1,0.28,0,0,0
pay_Zom5186600,2059,upi,none,1,43,5,0.112,0,3,1.05,0,1,1
pay_Zom2137407,252,upi,none,1,61,7,0.233,0,1,0.2,0,1,1
pay_Zom6880098,252,card,mastercard,1,62,6,0.011,0,1,4.55,0,0,0
pay_Zom5306005,3360,card,mastercard,1,177,24,0.381,1,1,4.44,0,1,1
pay_Zom2812519,252,card,amex,0,18,0,0.157,0,1,1.2,0,0,0
pay_Zom1021494,252,card,visa,0,20,3,0.005,0,1,3.04,0,0,0
pay_Zom1807780,2059,upi,none,1,118,6,0.214,0,1,1.96,0,0,0
pay_Zom7474950,3360,upi,none,0,101,3,0.106,0,1,0.59,0,0,0
pay_Zom8352113,2059,upi,none,1,20,3,0.105,0,1,3.9,0,1,1
pay_Zom8040612,2059,upi,none,0,229,35,0.061,0,1,5.2,0,0,0
pay_Zom3790695,2059,netbanking,none,1,47,6,0.037,0,1,1.43,0,0,0
pay_Zom7946088,252,upi,none,0,54,1,0.147,0,1,2.51,0,0,0
pay_Zom9272543,2059,upi,none,0,65,9,0.127,0,1,0.7,0,0,0
pay_Zom7353742,252,upi,none,0,46,5,0.048,1,1,0.22,0,0,0
pay_Zom6892681,3360,card,mastercard,1,97,13,0.012,1,1,1.07,0,0,0
pay_Zom7297287,252,netbanking,none,0,59,10,0.104,1,1,5.99,0,0,0
pay_Zom2701688,252,upi,none,1,36,1,0.023,0,1,5.15,0,0,0
pay_Zom9044494,252,upi,none,1,281,28,0.057,0,1,0.94,0,0,0
pay_Zom4784650,2059,upi,none,1,44,6,0.215,0,1,0.23,0,1,1
pay_Zom3728923,252,upi,none,1,143,12,0.096,0,1,6.17,0,0,0
pay_Zom8571346,2059,netbanking,none,0,51,1,0.057,1,1,3.4,0,0,0
pay_Zom2236638,2059,upi,none,0,68,2,0.051,0,3,0.33,0,0,0
pay_Zom1560573,252,upi,none,0,32,3,0.048,0,3,4.34,0,1,1
pay_Zom5947745,2059,upi,none,1,167,10,0.131,0,1,2.57,0,0,0
pay_Zom1336852,2059,upi,none,1,160,6,0.343,1,1,0.52,0,1,1
pay_Zom6347182,2059,card,amex,0,2,0,0.007,1,1,0.08,0,0,0
pay_Zom5380995,252,upi,none,0,7,0,0.013,0,1,6.42,0,0,0
pay_Zom2756994,252,upi,none,0,306,7,0.122,0,1,1.17,0,0,0
pay_Zom2244876,252,netbanking,none,0,263,11,0.546,0,1,2.78,0,1,1
pay_Zom6734590,252,upi,none,0,84,13,0.111,0,1,0.57,0,0,0
pay_Zom3853891,3360,card,visa,0,81,1,0.021,1,1,3.97,0,0,0
pay_Zom7299138,252,upi,none,0,200,28,0.129,1,1,0.2,0,0,0
pay_Zom3699529,2059,upi,none,0,17,2,0.139,0,1,6.33,0,0,0
pay_Zom2258331,252,upi,none,0,127,14,0.255,0,2,2.93,0,1,1
pay_Zom2562037,252,upi,none,0,77,4,0.028,0,1,0.37,0,0,0
pay_Zom6669869,2059,upi,none,0,163,26,0.011,0,1,2.84,0,0,0
pay_Zom9098979,2059,upi,none,0,3,0,0.165,0,1,1.9,0,0,0
pay_Zom1519979,252,upi,none,0,107,5,0.294,0,1,1.12,0,1,1
pay_Zom8236404,252,upi,none,0,97,8,0.085,0,1,3.92,0,0,0
pay_Zom3768193,252,card,amex,0,220,11,0.182,0,1,5.81,0,0,0
pay_Zom8284673,252,netbanking,none,0,135,10,0.088,0,1,0.44,0,0,0
pay_Zom3635764,252,upi,none,1,254,25,0.061,2,1,1.12,0,0,0
pay_Zom1898516,252,upi,none,0,261,20,0.02,1,2,0.61,0,0,0
pay_Zom2698824,252,card,mastercard,0,62,7,0.321,0,1,2.12,0,1,1
pay_Zom6554845,2059,upi,none,0,17,2,0.178,1,1,0.01,0,0,0
pay_Zom4448564,252,upi,none,0,119,9,0.087,0,1,4.15,0,0,0
pay_Zom4187406,252,upi,none,1,248,19,0.09,0,1,0.15,0,0,0
pay_Zom7866576,252,upi,none,0,9,1,0.254,0,1,0.72,0,1,1
pay_Zom5450404,2059,upi,none,0,97,10,0.055,0,1,6.63,0,0,0
pay_Zom5723173,2059,netbanking,none,0,14,1,0.314,0,1,5.96,0,1,1
pay_Zom5989554,252,card,rupay,0,3,0,0.02,0,1,3.37,0,0,0
pay_Zom4985398,2059,card,rupay,0,136,22,0.09,0,1,4.4,0,0,0
pay_Zom2609202,252,upi,none,0,137,15,0.147,0,1,2.84,0,0,0
pay_Zom1832744,252,upi,none,0,110,5,0.016,0,1,1.74,0,0,0
pay_Zom7591805,252,card,mastercard,0,235,22,0.057,0,1,0.96,0,0,0
pay_Zom9236745,252,upi,none,0,10,1,0.031,0,1,8.37,0,0,0
pay_Zom3576811,2059,upi,none,1,13,1,0.156,0,1,8.01,0,1,1
pay_Zom1914439,2059,upi,none,0,239,14,0.037,0,1,7.89,0,0,0
pay_Zom7053704,252,upi,none,0,83,7,0.245,0,1,8.52,0,0,0
pay_Zom1064014,2059,upi,none,0,38,3,0.026,0,1,5.06,0,0,0
pay_Zom8174037,252,upi,none,0,160,8,0.008,0,1,7.94,0,0,0
pay_Zom2470159,252,card,visa,1,269,44,0.135,0,1,7.17,0,0,0
pay_Zom5941719,252,upi,none,0,140,22,0.073,0,1,1.08,0,0,0
pay_Zom9058573,252,upi,none,0,188,26,0.186,1,1,6.52,0,0,0
pay_Zom4349987,252,card,amex,0,39,3,0.045,0,1,2.88,0,0,0
pay_Zom2627170,252,upi,none,0,40,3,0.033,0,2,2.57,0,0,0
pay_Zom1431773,252,upi,none,0,239,32,0.253,1,1,0.46,0,1,1
pay_Zom4472094,252,upi,none,1,114,13,0.067,1,1,6.68,0,0,0
pay_Zom3866088,2059,upi,none,1,32,3,0.228,0,1,1.34,0,0,0
pay_Zom5895783,252,upi,none,0,89,3,0.419,0,1,0.83,0,1,1
pay_Zom2374659,3360,card,mastercard,1,138,16,0.01,0,2,6.17,1,1,1
pay_Zom8945197,252,netbanking,none,0,29,4,0.006,2,1,0.09,0,0,0
pay_Zom2937918,2059,upi,none,1,127,4,0.039,0,1,0.78,0,0,0
pay_Zom6173311,2059,upi,none,1,5,0,0.083,0,2,2.37,0,1,1
pay_Zom7668395,2059,upi,none,0,43,4,0.149,0,1,7.7,0,0,0
pay_Zom8901136,252,upi,none,0,134,17,0.131,0,2,1.99,0,0,0
pay_Zom9205682,2059,upi,none,1,19,0,0.114,0,1,0.66,0,0,0
pay_Zom5446036,252,upi,none,0,30,4,0.0,0,1,2.35,0,0,0
pay_Zom2529023,252,upi,none,0,253,6,0.106,0,1,3.47,0,0,0
pay_Zom7501626,252,upi,none,0,134,21,0.097,0,1,7.22,0,0,0
pay_Zom4101792,252,upi,none,1,82,2,0.01,0,1,5.75,0,0,0
pay_Zom7224691,252,upi,none,1,28,1,0.11,0,1,5.26,0,0,0
pay_Zom7399588,3360,upi,none,0,50,7,0.005,0,1,2.37,0,0,0
pay_Zom7197531,2059,netbanking,none,1,102,16,0.035,0,3,8.37,0,0,0
pay_Zom4130342,252,upi,none,0,20,3,0.123,2,1,7.38,0,0,0
pay_Zom8478868,3360,card,visa,1,78,3,0.099,0,2,5.01,0,0,0
pay_Zom1748547,252,card,amex,0,63,6,0.038,0,1,5.52,0,0,0
pay_Zom5417373,3360,card,amex,0,77,2,0.036,0,1,8.27,0,0,0
pay_Zom8377620,252,upi,none,0,13,0,0.056,0,1,1.47,0,0,0
pay_Zom8802377,252,netbanking,none,0,13,0,0.13,0,1,10.79,0,0,0
pay_Zom5419132,2059,upi,none,0,399,12,0.05,0,1,0.49,0,0,0
pay_Zom4795715,2059,upi,none,1,465,75,0.09,0,1,7.37,0,0,0
pay_Zom5505722,2059,upi,none,0,66,2,0.145,0,1,0.9,0,0,0
pay_Zom2034137,3360,upi,none,1,186,22,0.033,0,1,2.85,0,0,0
pay_Zom3535551,2059,upi,none,0,127,15,0.122,0,1,2.99,0,0,0
pay_Zom2622400,2059,upi,none,0,14,0,0.025,0,1,9.64,0,0,0
pay_Zom2437930,2059,upi,none,0,42,7,0.007,0,1,1.11,0,0,0
pay_Zom6767862,2059,card,mastercard,1,45,3,0.177,0,1,1.91,0,0,0
pay_Zom7945543,252,upi,none,0,108,17,0.022,0,2,0.54,0,1,1
pay_Zom4817030,2059,upi,none,1,104,17,0.17,0,1,2.75,0,0,0
pay_Zom2023137,252,netbanking,none,1,308,52,0.056,0,1,1.74,0,0,0
pay_Zom7494562,2059,upi,none,0,187,26,0.013,0,1,2.06,0,0,0
pay_Zom9767475,2059,upi,none,0,233,14,0.282,0,1,0.25,0,0,0
pay_Zom8023480,2059,netbanking,none,1,266,10,0.048,0,1,6.27,0,0,0
pay_Zom9984440,2059,upi,none,1,193,21,0.023,0,1,1.53,0,0,0
pay_Zom8966231,2059,upi,none,0,48,3,0.075,0,1,3.54,0,0,0
pay_Zom4953417,252,card,amex,0,29,4,0.069,1,1,3.5,0,0,0
pay_Zom8990355,2059,netbanking,none,0,101,14,0.153,0,1,3.54,0,0,0
pay_Zom6013906,252,upi,none,0,140,8,0.17,0,1,0.93,0,0,0
pay_Zom2324645,252,upi,none,0,58,1,0.041,0,2,0.39,0,0,0
pay_Zom7623718,252,netbanking,none,0,226,13,0.113,1,2,0.26,0,0,0
pay_Zom1582647,252,upi,none,0,387,42,0.063,0,3,2.95,1,0,1
pay_Zom9423864,252,upi,none,0,101,3,0.273,0,1,0.35,0,1,1
pay_Zom9670757,2059,upi,none,1,73,9,0.092,0,2,1.78,0,1,1
pay_Zom3473761,252,upi,none,1,222,28,0.028,0,1,7.31,0,0,0
pay_Zom3017994,252,card,rupay,1,2,0,0.153,0,1,0.28,0,0,0
pay_Zom8533636,252,card,rupay,1,16,1,0.005,0,1,3.68,0,1,1
pay_Zom3900427,252,card,amex,0,224,26,0.059,1,2,1.96,0,0,0
pay_Zom3804559,2059,upi,none,1,158,15,0.026,0,1,6.88,0,0,0
pay_Zom4554926,252,upi,none,1,64,11,0.295,0,1,4.75,0,0,0
pay_Zom4233407,252,card,mastercard,1,263,9,0.032,0,3,0.44,0,0,0
pay_Zom3117049,252,upi,none,0,51,4,0.03,0,1,1.21,0,0,0
pay_Zom1715982,252,netbanking,none,0,120,19,0.026,0,1,3.55,0,0,0
pay_Zom8103052,252,card,amex,0,120,9,0.095,0,3,0.66,0,0,0
pay_Zom2314805,252,upi,none,0,24,2,0.011,0,2,5.66,0,0,0
pay_Zom8304686,2059,upi,none,1,40,5,0.011,0,1,0.98,0,1,1
pay_Zom4387643,2059,card,mastercard,0,297,37,0.093,1,1,6.21,0,0,0
pay_Zom3480985,252,netbanking,none,1,24,0,0.104,0,1,1.09,0,0,0
pay_Zom5326615,3360,upi,none,0,22,2,0.056,0,2,0.86,0,0,0
pay_Zom6364506,252,card,mastercard,0,78,5,0.116,0,1,9.94,0,0,0
pay_Zom2124274,252,upi,none,0,11,1,0.088,0,1,3.54,0,0,0
pay_Zom2460078,3360,upi,none,0,270,29,0.122,0,1,2.72,0,0,0
pay_Zom7511223,252,upi,none,0,12,1,0.112,0,1,0.17,0,0,0
pay_Zom7666510,3360,card,rupay,0,115,14,0.043,0,1,1.16,0,0,0
pay_Zom6471499,252,card,rupay,0,49,2,0.107,1,1,0.46,0,0,0
pay_Zom5633880,252,upi,none,1,195,11,0.285,0,1,0.61,0,1,1
pay_Zom9718920,252,upi,none,0,106,8,0.196,0,1,1.07,0,0,0
pay_Zom8686601,2059,card,visa,1,58,3,0.095,0,1,0.51,0,0,0
pay_Zom1207430,2059,upi,none,0,495,63,0.004,0,1,8.04,0,0,0
pay_Zom9767135,2059,upi,none,0,8,0,0.198,0,1,0.31,0,0,0
pay_Zom8039616,252,upi,none,0,103,5,0.2,0,1,6.87,0,0,0
pay_Zom2887752,252,upi,none,1,547,88,0.298,0,1,2.28,0,1,1
pay_Zom7953189,252,card,mastercard,0,140,13,0.31,0,2,0.6,0,1,1
pay_Zom3510581,252,card,amex,0,161,6,0.01,0,1,2.62,0,0,0
pay_Zom3486379,3360,upi,none,1,3,0,0.213,0,3,6.91,1,1,1
pay_Zom2681144,252,upi,none,0,2,0,0.215,0,1,7.72,0,0,0
pay_Zom2772258,2059,upi,none,0,4,0,0.098,0,1,1.54,0,0,0
pay_Zom2694338,2059,upi,none,1,575,89,0.217,0,1,3.88,0,0,0
pay_Zom5799841,252,upi,none,0,466,46,0.178,0,1,0.24,0,0,0
pay_Zom9986438,2059,upi,none,0,48,7,0.167,0,1,2.42,0,0,0
pay_Zom6769167,252,card,mastercard,0,41,1,0.095,0,2,0.9,0,1,1
pay_Zom7893590,252,card,rupay,0,18,2,0.498,0,1,1.24,0,1,1
pay_Zom5431477,252,upi,none,0,47,7,0.066,1,1,2.18,0,0,0
pay_Zom7426403,252,card,mastercard,0,55,3,0.03,0,1,8.57,0,0,0
pay_Zom9146760,252,netbanking,none,1,165,6,0.099,0,1,6.07,0,0,0
pay_Zom8936405,252,upi,none,0,241,22,0.081,0,1,1.69,0,0,0
pay_Zom1628569,252,upi,none,0,164,28,0.084,0,1,2.27,0,0,0
pay_Zom3889032,252,upi,none,1,124,15,0.041,0,1,7.25,0,0,0
pay_Zom5620682,2059,upi,none,0,174,21,0.041,0,1,0.3,0,0,0
pay_Zom7760781,2059,card,visa,1,160,20,0.326,0,1,5.25,0,1,1
pay_Zom3413447,252,card,amex,1,77,2,0.056,0,1,0.65,0,0,0
pay_Zom7739741,252,upi,none,0,49,4,0.035,0,1,1.14,0,0,0
pay_Zom1650662,2059,card,mastercard,0,39,1,0.312,0,1,0.86,0,0,0
pay_Zom7640300,252,card,amex,1,136,9,0.002,0,1,2.8,0,0,0
pay_Zom6561547,2059,upi,none,1,384,58,0.124,0,1,0.91,0,0,0
pay_Zom4985919,252,upi,none,0,104,13,0.105,0,2,2.13,0,0,0
pay_Zom1826965,252,card,amex,0,292,52,0.069,0,1,0.09,0,0,0
pay_Zom8972838,252,netbanking,none,0,1,0,0.086,1,1,1.33,0,0,0
pay_Zom5506097,252,card,rupay,0,189,15,0.104,0,1,4.35,0,0,0
pay_Zom7248518,2059,netbanking,none,0,230,34,0.138,0,2,2.0,0,1,1
pay_Zom1339451,252,upi,none,0,119,6,0.179,2,1,6.07,0,0,0
pay_Zom6668452,2059,upi,none,1,326,14,0.109,0,1,2.16,0,0,0
pay_Zom6084418,2059,upi,none,0,106,9,0.089,0,2,7.3,0,0,0
pay_Zom6216863,252,upi,none,1,33,2,0.03,0,1,1.76,0,0,0
pay_Zom5703436,2059,card,mastercard,0,29,5,0.071,1,1,1.57,0,0,0
pay_Zom9248001,252,netbanking,none,0,97,9,0.148,1,1,1.04,0,0,0
pay_Zom2647814,252,card,amex,0,284,44,0.097,0,1,2.17,0,0,0
pay_Zom4824490,2059,upi,none,0,9,1,0.42,0,1,6.22,0,1,1
pay_Zom3254614,252,upi,none,0,111,5,0.045,0,1,4.38,0,0,0
pay_Zom6041225,252,upi,none,1,176,23,0.08,0,1,0.66,0,0,0
pay_Zom8434162,252,upi,none,0,14,0,0.059,1,1,9.08,0,0,0
pay_Zom6383277,252,card,rupay,1,14,0,0.223,0,1,2.07,0,1,1
pay_Zom5520117,2059,upi,none,0,54,8,0.24,0,1,0.88,0,0,0
pay_Zom7992286,2059,netbanking,none,0,38,2,0.014,0,1,9.8,0,0,0
pay_Zom2497984,2059,card,visa,0,26,1,0.02,0,1,2.03,0,0,0
pay_Zom4153037,2059,upi,none,1,26,1,0.048,0,1,0.67,0,0,0
pay_Zom8410774,252,upi,none,0,16,0,0.285,0,1,6.07,0,0,0
pay_Zom4546544,252,card,visa,0,113,10,0.026,0,1,2.43,0,0,0
pay_Zom7831185,252,upi,none,1,139,12,0.039,0,3,0.77,0,1,1
pay_Zom9127895,252,card,mastercard,1,145,12,0.033,1,1,3.99,0,1,1
pay_Zom9665455,252,upi,none,0,91,15,0.015,0,1,14.06,0,0,0
pay_Zom7273172,3360,upi,none,1,366,27,0.029,0,1,0.31,1,0,1
pay_Zom1942977,252,upi,none,0,254,6,0.008,0,1,1.99,0,0,0
pay_Zom9644791,252,upi,none,1,379,18,0.168,0,1,2.52,0,0,0
pay_Zom3667115,252,card,amex,0,59,7,0.099,0,1,3.79,0,0,0
pay_Zom2100870,2059,upi,none,0,252,28,0.001,0,1,0.91,0,0,0
pay_Zom6219779,2059,card,mastercard,0,172,29,0.237,0,1,0.72,0,0,0
pay_Zom9502613,252,card,amex,0,49,6,0.14,2,2,4.74,0,0,0
pay_Zom7767679,252,card,rupay,0,13,0,0.455,0,1,3.87,0,0,0
pay_Zom3275826,2059,upi,none,1,137,5,0.2,0,1,0.99,0,0,0
pay_Zom9796063,252,upi,none,1,17,1,0.086,0,1,0.2,0,0,0
pay_Zom1485669,252,upi,none,0,41,5,0.043,0,2,5.64,0,1,1
pay_Zom3914829,2059,upi,none,0,83,3,0.103,0,1,4.01,0,0,0
pay_Zom4234033,2059,card,visa,0,136,15,0.088,0,1,7.41,0,0,0
pay_Zom4367636,252,upi,none,0,312,49,0.196,0,1,0.25,0,0,0
pay_Zom1966829,2059,card,visa,1,107,14,0.005,0,1,2.34,0,0,0
pay_Zom5185752,2059,upi,none,0,133,16,0.043,0,1,0.61,0,0,0
pay_Zom1554840,252,card,visa,0,44,6,0.173,1,3,3.93,1,0,1
pay_Zom8657937,3360,upi,none,0,139,5,0.02,0,1,1.0,0,0,0
pay_Zom1848243,2059,card,visa,0,69,3,0.198,0,1,1.07,0,0,0
pay_Zom7046090,2059,netbanking,none,0,233,6,0.152,0,1,4.39,0,0,0
pay_Zom4340507,2059,upi,none,0,59,2,0.006,1,1,6.1,0,0,0
pay_Zom5596579,252,upi,none,0,75,12,0.024,0,1,8.45,0,0,0
pay_Zom7179919,252,card,mastercard,0,68,3,0.09,0,1,0.28,0,0,0
pay_Zom8788293,252,upi,none,0,199,25,0.066,1,1,5.75,0,0,0
pay_Zom9474614,252,upi,none,0,368,48,0.108,0,1,12.45,0,0,0
pay_Zom7659586,252,upi,none,0,47,5,0.038,0,1,0.19,0,0,0
pay_Zom3078241,2059,card,amex,1,77,8,0.099,0,1,8.51,0,0,0
pay_Zom1512765,2059,card,mastercard,0,146,14,0.064,0,1,10.78,0,0,0
pay_Zom5059047,2059,card,rupay,1,270,23,0.012,0,2,0.75,0,0,0
pay_Zom7248955,2059,card,visa,0,81,13,0.014,0,1,1.29,0,0,0
pay_Zom9200480,2059,card,amex,0,13,0,0.0,0,1,1.24,0,0,0
pay_Zom8484373,252,upi,none,0,55,1,0.017,0,1,10.45,0,0,0
pay_Zom3979359,252,upi,none,0,95,9,0.088,0,1,0.06,0,0,0
pay_Zom8962169,252,upi,none,1,64,4,0.093,0,1,2.85,0,0,0
pay_Zom6867997,2059,netbanking,none,0,24,2,0.201,1,1,3.03,0,1,1
pay_Zom6775539,252,card,mastercard,0,4,0,0.166,0,1,3.69,0,0,0
pay_Zom3743303,2059,upi,none,1,139,20,0.219,0,1,0.89,0,0,0
pay_Zom5339593,252,card,amex,0,590,94,0.266,0,1,2.25,0,1,1
pay_Zom2516524,2059,upi,none,0,301,23,0.165,0,1,1.86,0,0,0
pay_Zom5782670,2059,card,mastercard,0,137,7,0.012,0,1,1.84,0,0,0
pay_Zom1460542,2059,upi,none,0,221,31,0.123,0,1,1.42,0,0,0
pay_Zom7485495,3360,upi,none,0,35,5,0.016,1,1,10.05,0,0,0
pay_Zom1833006,2059,upi,none,0,116,12,0.026,0,2,3.69,0,0,0
pay_Zom3733132,3360,card,amex,1,7,1,0.043,1,1,5.0,0,1,1
pay_Zom4595669,3360,upi,none,1,147,25,0.076,0,2,1.36,0,1,1
pay_Zom4713654,2059,upi,none,0,420,40,0.233,0,1,0.0,0,0,0
pay_Zom4776753,2059,card,amex,0,236,13,0.177,0,1,10.65,0,0,0
pay_Zom4468370,252,card,visa,0,91,9,0.215,0,1,7.32,0,0,0
pay_Zom5514473,252,card,mastercard,0,186,33,0.184,0,1,2.14,0,0,0
pay_Zom7870390,252,upi,none,0,345,23,0.054,0,1,1.71,0,0,0
pay_Zom9611430,252,netbanking,none,1,29,3,0.142,0,1,2.06,0,0,0
pay_Zom1336422,252,upi,none,1,189,24,0.006,0,3,1.1,0,0,0
pay_Zom1149283,3360,card,rupay,0,37,2,0.033,0,1,3.34,0,0,0
pay_Zom8954031,2059,card,amex,0,251,28,0.202,0,6,12.73,0,0,0
pay_Zom3219862,2059,upi,none,0,12,0,0.084,0,1,0.24,0,0,0
pay_Zom3905824,252,upi,none,0,23,3,0.272,1,2,5.46,0,1,1
pay_Zom1141997,252,card,rupay,0,153,20,0.099,1,1,0.21,0,0,0
pay_Zom4754238,252,upi,none,0,23,3,0.047,0,1,6.86,0,0,0
pay_Zom5234408,252,card,visa,0,20,1,0.237,0,1,0.55,0,0,0
pay_Zom6124763,252,upi,none,0,97,2,0.004,0,1,2.39,0,0,0
pay_Zom5620085,252,upi,none,0,216,33,0.072,0,1,2.49,0,0,0
pay_Zom8110298,3360,upi,none,1,37,3,0.314,0,1,3.49,0,1,1
pay_Zom7316209,2059,card,rupay,0,220,10,0.05,0,1,3.25,0,0,0
pay_Zom6850369,252,upi,none,0,198,6,0.002,0,1,4.24,0,0,0
pay_Zom8700708,252,card,amex,0,103,10,0.027,0,1,6.61,0,0,0
pay_Zom5227836,252,upi,none,0,124,5,0.049,0,1,0.13,0,0,0
pay_Zom4660940,252,card,amex,1,4,0,0.131,0,1,4.69,0,0,0
pay_Zom8829893,3360,upi,none,0,54,7,0.116,0,2,0.18,0,0,0
pay_Zom6069153,252,upi,none,1,36,3,0.007,0,1,5.53,0,0,0
pay_Zom9734854,252,card,amex,0,19,3,0.074,0,2,5.52,0,0,0
pay_Zom7663113,252,upi,none,0,59,2,0.149,0,1,0.74,0,0,0
pay_Zom2716512,252,upi,none,0,52,5,0.15,0,1,0.82,0,0,0
pay_Zom1123271,2059,netbanking,none,0,156,7,0.006,0,1,0.28,0,0,0
pay_Zom9581776,2059,upi,none,0,109,17,0.049,0,1,0.96,0,0,0
pay_Zom7278533,2059,upi,none,1,293,49,0.012,0,2,2.42,0,0,0
pay_Zom5742531,252,upi,none,0,18,1,0.15,1,1,1.72,0,0,0
pay_Zom6007595,252,upi,none,0,7,0,0.016,0,2,0.89,0,1,1
pay_Zom2813693,252,upi,none,0,91,5,0.032,0,1,3.4,0,0,0
pay_Zom9082229,2059,upi,none,0,0,0,0.15,0,1,2.59,0,0,0
pay_Zom2071008,252,card,mastercard,0,185,23,0.014,0,1,0.47,0,0,0
pay_Zom6641903,252,upi,none,0,84,13,0.115,1,1,1.35,0,0,0
pay_Zom5638619,2059,card,rupay,0,80,3,0.089,1,1,9.9,0,0,0
pay_Zom6454894,2059,upi,none,0,54,5,0.104,0,1,3.92,0,0,0
pay_Zom5645358,252,upi,none,1,56,7,0.197,0,1,10.55,0,0,0
pay_Zom5381318,252,upi,none,1,67,10,0.123,0,2,2.13,0,0,0
pay_Zom6012883,252,card,mastercard,0,1,0,0.016,0,1,0.07,0,1,1
pay_Zom4160157,2059,upi,none,1,10,0,0.425,0,1,5.5,0,1,1
pay_Zom3515396,252,card,amex,1,84,13,0.093,0,2,0.35,0,1,1
pay_Zom9678746,3360,upi,none,0,19,0,0.02,0,1,10.0,0,0,0
pay_Zom5031599,252,card,amex,0,181,17,0.161,0,1,1.28,0,0,0
pay_Zom1952520,3360,upi,none,0,38,3,0.076,0,1,3.76,0,0,0
pay_Zom7779646,2059,upi,none,0,12,0,0.037,0,1,6.55,0,0,0
pay_Zom6361758,252,upi,none,1,32,2,0.331,0,3,2.14,0,1,1
pay_Zom3347627,2059,upi,none,1,53,7,0.074,0,1,1.97,0,0,0
pay_Zom1427068,252,upi,none,1,4,0,0.019,0,1,0.72,0,0,0
pay_Zom9344531,3360,upi,none,0,18,1,0.07,0,6,4.56,1,0,1
pay_Zom5959422,2059,card,visa,0,46,6,0.271,0,6,1.45,0,1,1
pay_Zom5352450,252,upi,none,0,44,7,0.146,0,1,3.46,0,0,0
pay_Zom8022366,2059,upi,none,0,193,27,0.002,0,6,0.99,0,1,1
pay_Zom7788043,3360,upi,none,0,222,34,0.292,0,1,4.7,0,0,0
pay_Zom7514172,252,upi,none,0,25,4,0.184,2,1,4.17,0,0,0
pay_Zom1592554,252,upi,none,0,15,2,0.14,0,3,0.03,1,0,1
pay_Zom4186247,2059,upi,none,0,120,21,0.164,0,1,0.38,0,0,0
pay_Zom6757387,2059,card,visa,1,195,27,0.033,0,1,0.3,0,0,0
pay_Zom4730635,252,upi,none,0,397,49,0.234,0,1,0.12,0,0,0
pay_Zom9969688,252,upi,none,1,0,0,0.058,0,1,0.22,0,0,0
pay_Zom8981512,252,upi,none,1,64,10,0.202,0,1,1.38,0,1,1
pay_Zom7014583,252,upi,none,1,158,20,0.072,1,1,5.08,0,0,0
pay_Zom9511330,252,upi,none,1,211,29,0.214,0,1,2.66,0,0,0
pay_Zom6036433,3360,upi,none,0,7,0,0.141,1,1,0.39,0,0,0
pay_Zom3851902,252,upi,none,0,136,22,0.238,0,2,0.19,0,1,1
pay_Zom4038955,2059,upi,none,1,40,3,0.022,0,2,0.38,0,1,1
pay_Zom5928878,252,netbanking,none,1,9,0,0.003,0,1,1.64,0,0,0
pay_Zom2637507,252,upi,none,0,80,11,0.293,0,2,1.27,0,1,1
pay_Zom8898392,252,upi,none,1,20,1,0.268,1,1,4.33,0,1,1
pay_Zom3146546,252,upi,none,0,160,7,0.053,0,1,3.44,0,0,0
pay_Zom5339457,2059,upi,none,0,162,9,0.214,0,1,7.33,0,0,0
pay_Zom4071377,3360,card,amex,0,221,5,0.045,1,1,10.37,0,0,0
pay_Zom6630978,2059,upi,none,0,56,1,0.113,0,1,0.01,0,0,0
pay_Zom2498202,3360,upi,none,0,1,0,0.046,2,1,0.91,1,0,1
pay_Zom4728795,2059,card,mastercard,0,36,5,0.022,0,1,0.28,0,0,0
pay_Zom6960666,252,upi,none,0,75,6,0.068,0,1,1.28,0,0,0
pay_Zom4746820,2059,netbanking,none,1,142,17,0.066,1,1,3.18,0,0,0
pay_Zom6152035,2059,card,mastercard,0,57,8,0.062,1,1,1.08,0,0,0
pay_Zom8054359,252,upi,none,0,92,7,0.195,1,1,0.74,0,0,0
pay_Zom6558579,2059,upi,none,0,89,11,0.029,0,1,1.71,0,0,0
pay_Zom7235796,252,upi,none,0,21,1,0.299,0,1,0.06,0,0,0
pay_Zom5371458,252,upi,none,0,117,14,0.127,0,2,12.67,0,0,0
pay_Zom5933359,2059,upi,none,0,69,3,0.096,0,1,11.95,0,0,0
pay_Zom8780612,252,upi,none,1,197,34,0.089,0,1,0.5,0,0,0
pay_Zom2976045,252,netbanking,none,0,140,4,0.006,0,1,0.73,0,0,0
pay_Zom8894293,3360,upi,none,0,14,1,0.01,1,1,2.92,1,0,1
pay_Zom1900549,2059,card,amex,1,80,5,0.047,0,1,1.29,0,0,0
pay_Zom2194801,252,card,rupay,1,145,16,0.08,0,1,0.04,0,0,0
pay_Zom8922531,2059,card,mastercard,0,10,0,0.019,1,1,0.19,0,0,0
pay_Zom4263903,252,upi,none,0,188,12,0.19,0,1,3.91,0,0,0
pay_Zom9396617,252,upi,none,0,30,1,0.194,1,1,0.83,0,0,0
pay_Zom3010177,3360,card,amex,0,83,4,0.075,0,2,2.7,0,0,0
pay_Zom7403346,2059,card,visa,0,338,49,0.167,0,1,1.13,0,0,0
pay_Zom9889215,252,netbanking,none,1,101,5,0.156,0,1,2.61,0,0,0
pay_Zom6005578,2059,card,amex,0,66,9,0.047,0,1,23.94,0,0,0
pay_Zom7930789,2059,upi,none,0,0,0,0.011,0,1,4.11,0,0,0
pay_Zom1907009,252,upi,none,0,17,0,0.077,0,1,1.49,0,0,0
pay_Zom3529642,252,upi,none,1,103,4,0.036,1,1,11.76,0,0,0
pay_Zom3304606,252,upi,none,0,81,13,0.166,0,1,0.12,0,0,0
pay_Zom4360419,2059,upi,none,0,54,6,0.007,0,1,0.66,0,0,0
pay_Zom6749046,2059,card,mastercard,0,308,15,0.059,0,1,2.42,0,0,0
pay_Zom7865099,2059,netbanking,none,0,48,6,0.168,0,1,1.21,0,0,0
pay_Zom8676774,3360,card,amex,1,92,13,0.106,0,1,4.45,0,0,0
pay_Zom3402902,2059,upi,none,0,100,7,0.024,0,1,0.12,0,0,0
pay_Zom6308033,252,upi,none,0,89,9,0.036,0,1,1.12,0,0,0
pay_Zom4025884,252,card,rupay,0,77,5,0.118,0,6,6.77,0,0,0
pay_Zom2355791,252,upi,none,1,49,1,0.104,0,1,1.8,0,0,0
pay_Zom9180249,252,upi,none,0,287,24,0.106,0,1,0.79,0,0,0
pay_Zom6580596,2059,upi,none,1,71,9,0.277,0,2,2.56,0,1,1
pay_Zom3966618,2059,upi,none,0,90,8,0.088,1,1,1.6,0,0,0
pay_Zom6258215,252,upi,none,0,128,10,0.094,0,1,1.16,0,0,0
pay_Zom1973306,252,netbanking,none,0,8,0,0.106,0,1,6.61,0,0,0
pay_Zom1079079,2059,netbanking,none,0,182,17,0.175,0,6,6.67,0,0,0
pay_Zom8584194,252,netbanking,none,1,86,6,0.014,0,1,1.9,0,1,1
pay_Zom5589036,252,upi,none,1,128,15,0.339,1,1,3.24,0,1,1
pay_Zom4512853,252,netbanking,none,0,177,5,0.072,0,1,4.44,0,0,0
pay_Zom3828735,252,netbanking,none,0,248,36,0.056,0,1,4.26,0,0,0
pay_Zom3658100,3360,netbanking,none,0,59,2,0.145,0,1,1.42,0,0,0
pay_Zom9213740,252,card,rupay,1,200,24,0.05,1,1,3.79,0,0,0
pay_Zom2477088,252,card,mastercard,0,35,3,0.012,0,1,8.76,0,0,0
pay_Zom3171071,252,upi,none,0,129,18,0.057,0,1,0.2,0,0,0
pay_Zom8276470,3360,card,amex,0,13,1,0.07,0,1,0.27,0,0,0
pay_Zom8204299,252,upi,none,0,2,0,0.028,0,1,6.7,0,0,0
pay_Zom7767819,252,upi,none,1,12,1,0.266,0,1,3.23,0,1,1
pay_Zom8197852,252,netbanking,none,1,46,2,0.136,0,3,0.1,0,0,0
pay_Zom9009447,252,upi,none,0,3,0,0.029,0,1,5.08,0,0,0
pay_Zom7430982,252,upi,none,0,119,20,0.097,0,1,0.39,0,0,0
pay_Zom1078335,2059,netbanking,none,0,45,2,0.032,1,1,6.4,0,0,0
pay_Zom1632925,252,netbanking,none,1,159,8,0.271,0,1,2.31,0,1,1
pay_Zom9955386,252,upi,none,0,5,0,0.033,0,1,1.21,0,0,0
pay_Zom4345615,2059,card,rupay,0,29,2,0.086,0,2,3.36,0,0,0
pay_Zom7259602,252,upi,none,0,62,10,0.191,0,2,0.67,0,0,0
pay_Zom1236174,252,upi,none,0,57,3,0.064,0,1,2.7,0,0,0
pay_Zom6405839,252,upi,none,0,16,1,0.211,1,1,2.36,0,0,0
pay_Zom9909268,3360,upi,none,0,616,52,0.011,0,1,0.96,0,0,0
pay_Zom4197346,252,upi,none,1,40,2,0.062,0,1,3.86,0,0,0
pay_Zom1300582,2059,upi,none,0,153,17,0.12,0,1,1.51,0,0,0
pay_Zom1069186,2059,netbanking,none,0,29,3,0.02,0,3,6.65,0,0,0
pay_Zom5174559,252,card,rupay,0,252,19,0.004,2,1,0.31,0,0,0
pay_Zom4796108,3360,card,visa,0,58,9,0.04,0,1,5.15,0,0,0
pay_Zom6777230,252,card,mastercard,0,277,7,0.165,0,6,2.02,0,0,0
pay_Zom6236039,252,upi,none,0,50,1,0.062,0,1,1.31,0,0,0
pay_Zom3163099,2059,netbanking,none,0,1,0,0.003,1,3,9.78,1,1,1
pay_Zom2723158,2059,card,visa,0,87,12,0.159,2,1,0.78,0,0,0
pay_Zom7434909,2059,upi,none,0,89,13,0.054,0,1,1.93,0,0,0
pay_Zom9444584,252,upi,none,0,15,1,0.106,0,1,2.18,0,0,0
pay_Zom6135759,252,card,visa,1,32,2,0.025,0,1,1.24,0,0,0
pay_Zom3802133,2059,card,rupay,0,183,22,0.036,0,1,0.33,0,0,0
pay_Zom2095334,252,card,amex,0,4,0,0.215,0,1,8.24,0,0,0
pay_Zom1767026,252,upi,none,0,80,11,0.047,0,1,7.85,0,0,0
pay_Zom6003003,252,upi,none,0,90,9,0.061,0,1,3.47,0,0,0
pay_Zom5879280,252,upi,none,1,140,24,0.144,0,2,1.37,0,1,1
pay_Zom8649174,2059,upi,none,0,4,0,0.087,0,1,3.46,0,0,0
pay_Zom9728991,252,upi,none,1,105,4,0.004,0,1,11.68,0,0,0
pay_Zom9793234,3360,upi,none,0,0,0,0.101,0,1,7.52,0,0,0
pay_Zom6667933,252,upi,none,1,36,1,0.07,1,2,0.63,0,0,0
pay_Zom8275695,2059,card,visa,1,83,11,0.08,0,1,5.93,0,0,0
pay_Zom3244614,252,upi,none,0,290,29,0.026,0,1,5.59,0,0,0
pay_Zom6750102,252,upi,none,1,16,1,0.061,1,1,8.72,0,0,0
pay_Zom9223833,252,card,mastercard,0,22,3,0.194,0,1,0.17,0,0,0
pay_Zom7027229,252,netbanking,none,1,132,22,0.084,1,1,5.09,0,0,0
pay_Zom4161264,252,upi,none,1,56,9,0.056,0,1,2.76,0,0,0
pay_Zom3766286,3360,upi,none,1,117,6,0.209,1,1,2.7,0,0,0
pay_Zom7767788,2059,netbanking,none,0,716,97,0.042,0,1,1.5,0,0,0
pay_Zom1320859,252,upi,none,1,519,88,0.156,0,1,5.39,0,0,0
pay_Zom4832222,252,card,mastercard,0,52,5,0.073,0,1,1.93,0,0,0
pay_Zom4763487,252,upi,none,0,84,4,0.039,0,1,1.55,0,0,0
pay_Zom3201267,252,upi,none,0,282,42,0.036,0,1,11.3,0,0,0
pay_Zom4543184,2059,card,amex,1,11,1,0.452,1,1,2.18,0,1,1
pay_Zom1367643,3360,card,mastercard,0,72,9,0.007,0,1,5.5,0,0,0
pay_Zom9466346,252,upi,none,0,56,3,0.197,0,2,0.52,0,1,1
pay_Zom3835093,252,upi,none,0,41,2,0.128,0,1,4.72,0,0,0
pay_Zom3066315,252,netbanking,none,0,618,74,0.3,0,1,3.89,0,1,1
pay_Zom7150383,2059,upi,none,1,158,15,0.038,0,1,2.5,0,0,0
pay_Zom1626854,252,upi,none,1,59,7,0.221,1,1,0.52,0,0,0
pay_Zom7294684,2059,card,visa,0,211,7,0.146,2,1,0.45,0,0,0
pay_Zom5291430,2059,upi,none,0,80,3,0.091,0,1,3.95,0,0,0
pay_Zom9971338,252,card,amex,0,247,19,0.132,0,1,6.78,0,0,0
pay_Zom1815153,2059,netbanking,none,0,37,2,0.042,0,1,2.93,0,0,0
pay_Zom1804641,252,upi,none,0,30,3,0.042,0,1,2.16,0,0,0
pay_Zom2813842,2059,upi,none,0,34,2,0.026,0,1,2.57,0,0,0
pay_Zom1331211,252,netbanking,none,0,92,11,0.228,0,1,0.6,0,0,0
pay_Zom1809249,252,upi,none,0,41,5,0.061,0,1,0.19,0,0,0
pay_Zom2942630,3360,upi,none,0,19,0,0.041,0,1,6.18,0,0,0
pay_Zom7992333,2059,netbanking,none,0,627,104,0.053,0,1,6.56,0,0,0
pay_Zom8454356,2059,card,mastercard,0,276,40,0.162,1,1,4.9,0,1,1
pay_Zom7379599,252,netbanking,none,0,120,14,0.113,0,3,5.17,0,0,0
pay_Zom3073581,2059,upi,none,1,266,44,0.056,0,1,0.84,0,0,0
pay_Zom5240244,252,upi,none,0,328,20,0.007,0,1,0.4,0,0,0
pay_Zom8959049,2059,upi,none,0,135,11,0.122,0,1,0.61,0,0,0
pay_Zom3569046,252,card,mastercard,0,87,2,0.1,0,1,3.56,0,0,0
pay_Zom4447632,3360,upi,none,1,256,23,0.127,0,1,1.77,0,0,0
pay_Zom1156104,3360,upi,none,1,100,10,0.164,0,1,0.06,0,0,0
pay_Zom6051895,2059,upi,none,1,16,1,0.29,0,1,10.52,0,0,0
pay_Zom8061051,252,upi,none,0,54,1,0.014,0,1,0.92,0,0,0
pay_Zom2694160,252,upi,none,0,70,1,0.064,2,1,0.02,0,0,0
pay_Zom9729340,2059,upi,none,1,328,28,0.008,1,1,1.7,0,0,0
pay_Zom5529464,252,netbanking,none,0,129,6,0.027,0,1,0.84,0,0,0
pay_Zom3301222,2059,upi,none,1,249,35,0.084,0,1,1.61,0,0,0
pay_Zom8026730,252,card,visa,0,170,21,0.052,1,2,9.75,0,0,0
pay_Zom2760168,252,card,visa,0,44,3,0.115,0,1,3.4,0,0,0
pay_Zom9582968,3360,upi,none,1,152,4,0.163,0,1,3.63,0,0,0
pay_Zom2975258,2059,upi,none,0,26,1,0.088,0,1,7.53,0,0,0
pay_Zom5743032,252,upi,none,0,62,8,0.186,0,1,0.42,0,0,0
pay_Zom2912813,252,card,visa,0,196,34,0.007,0,1,0.37,0,0,0
pay_Zom2782809,252,upi,none,1,113,8,0.124,0,1,6.77,0,0,0
pay_Zom9350675,2059,card,visa,0,209,30,0.184,0,1,0.61,0,0,0
pay_Zom4332737,252,netbanking,none,0,35,5,0.047,1,1,4.64,0,0,0
pay_Zom4351238,3360,netbanking,none,0,166,4,0.049,0,1,0.82,0,0,0
pay_Zom5412305,2059,upi,none,1,27,4,0.077,0,1,2.26,0,0,0
pay_Zom9776935,252,card,amex,1,94,8,0.076,0,1,1.7,0,1,1
pay_Zom4383514,2059,netbanking,none,0,68,11,0.431,0,1,0.38,0,0,0
pay_Zom7004931,252,upi,none,0,97,10,0.049,0,1,3.89,0,0,0
pay_Zom7874568,252,upi,none,0,17,0,0.032,0,1,6.75,0,0,0
pay_Zom5955170,3360,upi,none,0,53,9,0.005,0,6,0.37,0,0,0
pay_Zom3690622,252,upi,none,1,131,7,0.039,0,1,1.55,0,0,0
pay_Zom1661118,252,card,amex,0,98,15,0.088,0,1,0.1,0,0,0
pay_Zom9327450,252,upi,none,0,95,4,0.206,0,2,0.94,0,0,0
pay_Zom4484526,252,card,amex,0,85,10,0.126,0,1,1.06,0,0,0
pay_Zom9064202,252,card,rupay,0,345,29,0.078,0,1,5.95,0,0,0
pay_Zom6546608,2059,card,visa,0,327,57,0.08,1,1,4.88,0,0,0
pay_Zom4934345,2059,upi,none,0,53,2,0.11,0,1,6.23,0,0,0
pay_Zom1045936,2059,upi,none,1,52,4,0.149,0,1,0.29,0,0,0
pay_Zom1213899,252,card,visa,0,97,11,0.012,0,1,0.5,0,0,0
pay_Zom2493219,252,upi,none,0,12,2,0.047,0,2,1.27,0,0,0
pay_Zom2852723,252,upi,none,0,43,2,0.013,0,1,4.77,0,0,0
pay_Zom9289690,252,upi,none,1,31,2,0.107,0,1,0.09,0,0,0
pay_Zom3502229,252,netbanking,none,0,30,2,0.04,1,1,0.56,0,0,0
pay_Zom2511336,252,netbanking,none,1,122,7,0.156,0,1,2.41,0,0,0
pay_Zom9584991,252,upi,none,1,58,8,0.16,0,1,0.09,0,0,0
pay_Zom2259100,252,upi,none,1,22,0,0.281,0,1,0.38,0,1,1
pay_Zom2699372,3360,card,amex,0,262,34,0.152,0,1,1.34,0,0,0
pay_Zom5293157,3360,upi,none,0,248,26,0.041,0,2,0.96,0,0,0
pay_Zom4878226,2059,upi,none,0,238,13,0.195,0,1,1.57,0,0,0
pay_Zom8663014,3360,card,mastercard,0,59,5,0.032,1,1,4.93,0,0,0
pay_Zom5966428,2059,upi,none,1,7,1,0.405,0,1,0.86,0,1,1
pay_Zom5431282,252,upi,none,0,13,1,0.033,0,1,3.44,0,0,0
pay_Zom8789281,252,upi,none,0,38,1,0.03,0,2,7.45,0,0,0
pay_Zom1840206,2059,upi,none,0,29,0,0.101,0,1,1.27,0,0,0
pay_Zom2674515,2059,upi,none,1,248,35,0.268,0,1,0.18,0,1,1
pay_Zom3931009,2059,upi,none,0,515,37,0.108,1,1,3.49,0,0,0
pay_Zom1661769,2059,upi,none,0,203,34,0.003,1,1,4.41,0,0,0
pay_Zom5874908,252,upi,none,0,157,18,0.002,0,1,2.27,0,0,0
pay_Zom7043399,2059,card,mastercard,1,106,9,0.151,0,2,1.96,0,1,1
pay_Zom6246354,3360,netbanking,none,0,176,19,0.042,0,1,4.8,0,0,0
pay_Zom8147013,252,upi,none,0,352,32,0.019,0,1,1.89,0,0,0
pay_Zom2944497,2059,card,visa,0,110,18,0.201,0,2,0.02,0,1,1
pay_Zom2593809,252,upi,none,1,20,1,0.144,1,1,7.72,0,0,0
pay_Zom1769891,2059,upi,none,0,21,0,0.032,0,1,1.02,0,0,0
pay_Zom1162274,2059,upi,none,1,105,12,0.12,0,1,3.28,0,0,0
pay_Zom3321873,252,upi,none,0,48,5,0.147,0,1,2.83,0,0,0
pay_Zom3860721,2059,card,visa,0,289,41,0.158,0,1,2.52,0,0,0
pay_Zom6514013,252,upi,none,0,113,19,0.212,0,1,0.99,0,0,0
pay_Zom6998314,2059,upi,none,0,135,12,0.173,0,1,4.72,0,0,0
pay_Zom8343630,252,card,amex,0,0,0,0.006,0,1,0.99,1,0,1
pay_Zom5501484,2059,upi,none,0,82,8,0.092,1,1,9.79,0,0,0
pay_Zom2559464,252,upi,none,0,67,10,0.004,0,1,2.88,0,0,0
pay_Zom7251562,2059,upi,none,0,146,25,0.051,1,1,5.14,0,0,0
pay_Zom6749933,252,upi,none,0,57,9,0.256,0,1,4.78,0,1,1
pay_Zom4068039,2059,upi,none,1,450,25,0.201,0,1,12.08,0,0,0
pay_Zom2909784,3360,upi,none,1,133,13,0.079,1,1,2.66,0,0,0
pay_Zom7723930,3360,upi,none,0,129,7,0.022,1,3,0.2,0,0,0
pay_Zom7715084,2059,upi,none,0,302,23,0.0,0,1,0.32,0,0,0
pay_Zom8659448,2059,card,visa,1,640,16,0.099,1,1,1.55,0,0,0
pay_Zom5560602,252,card,mastercard,1,26,1,0.021,1,1,1.56,0,0,0
pay_Zom7471232,252,netbanking,none,1,199,16,0.004,0,1,0.86,0,0,0
pay_Zom9023619,252,netbanking,none,0,21,1,0.191,0,1,9.1,0,0,0
pay_Zom8075620,2059,netbanking,none,0,73,4,0.126,0,2,2.24,0,0,0
pay_Zom3798082,3360,card,mastercard,0,12,0,0.089,1,1,8.15,0,0,0
pay_Zom2896774,252,upi,none,0,117,16,0.049,0,1,0.2,0,0,0
pay_Zom3223175,3360,upi,none,0,75,5,0.383,0,1,1.5,0,1,1
pay_Zom1983923,2059,upi,none,0,118,15,0.162,0,1,1.56,0,0,0
pay_Zom3674211,2059,upi,none,0,135,10,0.003,1,1,0.13,0,0,0
pay_Zom2740017,252,card,visa,0,115,17,0.18,1,1,3.65,0,0,0
pay_Zom7979786,252,upi,none,0,41,1,0.208,0,1,0.54,0,0,0
pay_Zom9097940,252,card,amex,0,217,9,0.08,0,2,1.49,0,0,0
pay_Zom8351152,2059,upi,none,1,96,12,0.008,0,1,13.88,0,0,0
pay_Zom4041047,252,upi,none,1,80,13,0.027,0,1,9.31,0,0,0
pay_Zom7371160,252,upi,none,0,521,22,0.143,0,1,1.06,0,0,0
pay_Zom7016291,2059,upi,none,1,40,1,0.103,0,1,1.32,0,0,0
pay_Zom1483456,2059,upi,none,0,90,15,0.087,0,1,2.72,0,0,0
pay_Zom3192032,3360,upi,none,0,137,5,0.188,0,1,1.18,0,0,0
pay_Zom9104731,252,upi,none,1,16,0,0.089,1,1,4.53,0,0,0
pay_Zom9189341,252,upi,none,0,52,8,0.025,0,1,2.93,0,0,0
pay_Zom2894776,2059,card,amex,0,194,28,0.197,0,1,2.24,0,0,0
pay_Zom7900204,252,upi,none,0,32,2,0.209,0,1,11.04,0,0,0
pay_Zom8393515,252,upi,none,0,81,13,0.291,0,1,0.86,0,1,1
pay_Zom1771287,252,netbanking,none,0,119,13,0.123,0,1,6.85,0,0,0
pay_Zom2062602,252,upi,none,0,133,4,0.269,0,1,4.55,0,1,1
pay_Zom5389135,252,upi,none,0,156,20,0.033,0,1,0.79,0,0,0
pay_Zom6272037,252,upi,none,1,241,25,0.112,0,1,0.72,0,0,0
pay_Zom1207369,252,card,mastercard,0,59,6,0.292,0,1,3.02,0,1,1
pay_Zom9804983,252,upi,none,0,147,26,0.177,0,1,0.29,0,0,0
pay_Zom4757843,2059,upi,none,0,158,7,0.034,0,1,2.29,0,0,0
pay_Zom6675742,252,card,amex,1,42,5,0.247,0,1,1.44,0,0,0
pay_Zom9709047,2059,upi,none,1,413,38,0.423,0,2,6.65,0,1,1
pay_Zom9776214,252,card,mastercard,1,240,15,0.107,0,1,3.18,0,0,0
pay_Zom2597897,252,upi,none,0,41,5,0.184,0,1,3.58,0,0,0
pay_Zom8261982,2059,upi,none,0,134,17,0.007,0,1,1.38,0,0,0
pay_Zom5170429,252,card,visa,0,151,23,0.378,0,1,0.85,0,1,1
pay_Zom9085438,252,upi,none,0,67,10,0.22,0,1,2.69,0,0,0
pay_Zom6800713,252,card,mastercard,0,239,26,0.165,0,1,10.14,0,0,0
pay_Zom7457158,3360,netbanking,none,1,140,10,0.125,0,1,3.16,0,0,0
pay_Zom3494007,252,upi,none,0,128,13,0.048,1,1,0.07,0,0,0
pay_Zom1915467,252,netbanking,none,1,29,2,0.321,0,1,11.61,0,1,1
pay_Zom1195368,2059,upi,none,0,62,3,0.023,1,1,6.28,0,0,0
pay_Zom3632804,252,card,visa,1,68,7,0.024,0,1,7.53,0,0,0
pay_Zom9482016,252,upi,none,0,158,19,0.11,0,1,2.11,0,1,1
pay_Zom8873361,252,upi,none,1,115,13,0.07,1,1,7.93,0,0,0
pay_Zom9318729,2059,upi,none,0,10,1,0.115,0,1,1.05,0,0,0
pay_Zom3775016,252,upi,none,1,44,2,0.263,0,1,5.66,0,1,1
pay_Zom2256030,252,upi,none,0,76,6,0.01,0,1,3.32,0,0,0
pay_Zom9248484,252,netbanking,none,0,160,20,0.023,0,1,10.67,0,0,0
pay_Zom6379342,2059,card,amex,0,163,18,0.246,0,1,1.23,0,0,0
pay_Zom5041494,252,upi,none,0,80,1,0.076,0,1,0.46,0,0,0
pay_Zom6551494,3360,upi,none,0,14,0,0.098,0,1,4.42,0,1,1
pay_Zom5666702,252,card,rupay,1,41,2,0.064,0,1,14.96,0,0,0
pay_Zom1844744,3360,upi,none,0,35,5,0.086,0,1,0.55,0,0,0
pay_Zom9504862,3360,upi,none,1,182,28,0.123,0,1,0.38,0,1,1
pay_Zom4736395,252,upi,none,0,23,1,0.008,0,2,1.97,0,0,0
pay_Zom7352484,252,upi,none,0,75,2,0.144,1,1,4.46,0,0,0
pay_Zom7765865,252,upi,none,0,133,7,0.143,0,1,3.18,0,0,0
pay_Zom4942645,252,card,rupay,1,401,19,0.081,0,1,9.85,0,0,0
pay_Zom2322557,2059,upi,none,0,861,49,0.199,1,1,5.8,0,0,0
pay_Zom8702329,252,upi,none,0,366,21,0.089,0,6,2.98,1,0,1
pay_Zom8452252,252,netbanking,none,0,152,14,0.129,1,3,1.57,0,1,1
pay_Zom8517846,252,upi,none,0,164,11,0.277,0,1,6.31,0,1,1
pay_Zom2476728,3360,upi,none,0,170,18,0.028,0,3,2.34,1,0,1
pay_Zom9362706,252,upi,none,0,238,17,0.223,0,1,7.28,0,0,0
pay_Zom8500558,252,upi,none,0,363,54,0.081,2,1,3.21,0,0,0
pay_Zom6302632,252,upi,none,0,70,12,0.012,0,1,4.3,0,0,0
pay_Zom2991570,3360,upi,none,1,64,5,0.159,0,1,0.17,0,0,0
pay_Zom9344540,2059,upi,none,0,74,2,0.107,0,1,16.25,0,0,0
pay_Zom1298116,252,upi,none,1,129,7,0.135,0,1,4.92,0,0,0
pay_Zom2722069,252,card,rupay,0,179,6,0.02,0,3,3.05,1,1,1
pay_Zom7768594,252,card,mastercard,0,245,18,0.139,0,1,2.66,0,0,0
pay_Zom7917892,252,upi,none,0,73,8,0.076,0,2,3.2,0,1,1
pay_Zom1601160,3360,card,rupay,0,54,5,0.009,0,1,0.16,0,0,0
pay_Zom1002847,2059,netbanking,none,0,491,28,0.029,0,1,1.59,0,0,0
pay_Zom2524974,252,upi,none,0,31,4,0.173,0,1,0.33,0,0,0
pay_Zom6110305,2059,upi,none,0,30,1,0.039,0,1,0.68,0,0,0
pay_Zom9528492,252,upi,none,0,150,8,0.064,0,1,1.42,0,0,0
pay_Zom4470388,2059,card,mastercard,0,23,2,0.147,0,1,3.91,0,0,0
pay_Zom8653898,2059,upi,none,0,61,3,0.013,1,1,9.34,0,0,0
pay_Zom6718584,252,upi,none,1,41,5,0.009,0,1,15.22,0,0,0
pay_Zom7095875,2059,upi,none,1,22,3,0.053,0,1,4.87,0,0,0
pay_Zom1910586,252,card,amex,0,104,15,0.018,0,1,1.1,0,0,0
pay_Zom4739945,252,card,visa,1,56,2,0.463,1,1,1.36,0,1,1
pay_Zom8624573,252,upi,none,1,74,7,0.166,0,1,1.28,0,0,0
pay_Zom6569576,252,upi,none,0,26,2,0.096,0,1,6.38,0,0,0
pay_Zom8937865,2059,netbanking,none,0,175,31,0.217,0,1,5.21,0,0,0
pay_Zom7095071,3360,upi,none,1,45,7,0.076,0,2,0.23,0,0,0
pay_Zom8592234,2059,upi,none,0,50,2,0.046,1,3,2.39,0,1,1
pay_Zom2912994,2059,upi,none,0,34,5,0.096,0,1,3.59,0,0,0
pay_Zom2634721,2059,card,rupay,0,68,3,0.297,0,1,0.05,0,1,1
pay_Zom4720299,252,card,mastercard,1,74,5,0.206,0,1,3.15,0,1,1
pay_Zom1036858,252,netbanking,none,1,90,6,0.231,0,1,9.93,0,0,0
pay_Zom6727022,252,upi,none,0,411,27,0.12,0,2,0.17,0,0,0
pay_Zom6958243,2059,upi,none,1,282,44,0.123,1,1,0.66,0,0,0
pay_Zom5898671,3360,upi,none,0,112,8,0.038,0,1,0.38,0,0,0
pay_Zom9757456,252,card,amex,0,4,0,0.071,0,1,1.61,0,0,0
pay_Zom7272839,2059,upi,none,0,113,20,0.037,0,3,1.61,0,0,0
pay_Zom2783791,2059,upi,none,1,11,1,0.271,2,1,10.91,0,1,1
pay_Zom1768029,252,card,amex,0,148,11,0.114,0,3,5.64,0,0,0
pay_Zom3754070,252,upi,none,0,59,7,0.143,0,1,3.55,0,0,0
pay_Zom9261472,252,upi,none,0,218,22,0.149,0,1,3.6,0,0,0
pay_Zom3356346,252,card,rupay,0,342,49,0.001,0,1,3.84,0,0,0
pay_Zom7865417,252,upi,none,0,64,2,0.012,0,1,0.66,0,0,0
pay_Zom2794516,252,upi,none,0,74,9,0.046,1,1,1.53,0,0,0
pay_Zom5266266,252,upi,none,1,107,15,0.044,0,1,3.64,0,0,0
pay_Zom4287016,252,upi,none,0,26,3,0.085,1,2,0.12,0,0,0
pay_Zom4146456,2059,upi,none,0,314,54,0.046,0,1,2.36,0,1,1
pay_Zom3025778,252,card,amex,0,68,1,0.116,0,1,6.34,0,0,0
pay_Zom7591709,2059,upi,none,0,21,1,0.202,0,1,2.76,0,0,0
pay_Zom4616991,252,netbanking,none,0,172,16,0.285,0,1,7.01,0,0,0
pay_Zom8667959,252,upi,none,1,29,2,0.049,0,1,4.8,0,0,0
pay_Zom4197381,3360,upi,none,0,18,1,0.072,0,1,2.71,0,0,0
pay_Zom6669584,252,upi,none,1,99,4,0.064,1,1,1.66,0,0,0
pay_Zom2808009,252,card,amex,1,133,19,0.064,1,1,3.73,0,0,0
pay_Zom7953658,2059,upi,none,0,101,16,0.113,0,1,2.41,0,0,0
pay_Zom1780146,252,card,amex,0,128,4,0.002,0,1,18.04,0,0,0
pay_Zom3067274,252,card,mastercard,0,14,0,0.054,0,1,3.3,0,0,0
pay_Zom8558212,252,netbanking,none,0,77,4,0.014,1,1,1.02,0,0,0
pay_Zom8673695,252,card,amex,0,52,5,0.29,1,1,11.54,0,0,0
pay_Zom9459031,252,upi,none,0,435,63,0.067,0,1,1.18,0,0,0
pay_Zom3258817,252,card,amex,0,6,0,0.026,1,1,7.75,0,0,0
pay_Zom9368955,2059,netbanking,none,1,42,5,0.026,0,1,2.37,0,0,0
pay_Zom1072773,2059,netbanking,none,0,341,14,0.104,0,1,4.27,0,1,1
pay_Zom9898037,2059,upi,none,0,492,86,0.404,0,1,0.79,0,0,0
pay_Zom1814896,2059,upi,none,0,209,34,0.001,0,1,2.87,0,0,0
pay_Zom8261353,2059,upi,none,0,9,1,0.18,0,3,0.79,0,0,0
pay_Zom9102253,252,upi,none,0,98,3,0.094,0,1,0.95,0,0,0
pay_Zom9528410,2059,card,amex,1,61,5,0.276,0,2,0.62,0,1,1
pay_Zom3972963,2059,netbanking,none,1,197,9,0.143,0,1,2.09,0,0,0
pay_Zom3913368,2059,upi,none,0,6,0,0.205,0,1,2.53,0,0,0
pay_Zom3153888,252,card,amex,0,26,1,0.017,0,1,1.07,0,0,0
pay_Zom2737347,252,upi,none,0,80,11,0.189,0,1,3.33,0,1,1
pay_Zom7499587,252,upi,none,0,20,2,0.01,0,1,1.11,0,0,0
pay_Zom6399642,2059,upi,none,1,141,15,0.074,0,1,2.58,0,1,1
pay_Zom9457564,252,upi,none,1,206,31,0.027,0,1,4.05,0,0,0
pay_Zom7453568,2059,card,amex,0,146,14,0.073,0,6,0.22,1,0,1
pay_Zom8024028,252,upi,none,0,69,4,0.15,0,1,6.88,0,0,0
pay_Zom5164755,252,upi,none,0,252,30,0.151,0,3,1.55,1,0,1
pay_Zom5590177,252,upi,none,0,17,2,0.025,0,1,2.55,0,0,0
pay_Zom7675150,252,upi,none,0,36,4,0.033,0,1,2.07,0,0,0
pay_Zom6752216,252,netbanking,none,0,80,9,0.352,0,1,10.46,0,1,1
pay_Zom5935413,252,upi,none,0,7,1,0.023,0,1,0.74,0,0,0
pay_Zom8597490,3360,upi,none,0,12,1,0.049,0,1,3.45,0,0,0
pay_Zom3237608,252,card,mastercard,0,60,10,0.042,0,1,6.17,0,0,0
pay_Zom3318275,252,upi,none,0,345,15,0.045,0,1,1.96,0,0,0
pay_Zom7924719,2059,card,amex,0,286,30,0.166,0,1,1.43,0,0,0
pay_Zom9594877,2059,upi,none,0,75,4,0.015,1,1,0.42,0,0,0
pay_Zom6014930,2059,upi,none,0,18,1,0.092,1,1,4.47,0,0,0
pay_Zom6266549,252,netbanking,none,1,23,1,0.003,1,1,5.4,0,0,0
pay_Zom4646403,2059,card,amex,0,56,3,0.249,0,1,1.32,0,0,0
pay_Zom4370359,2059,upi,none,1,28,1,0.306,0,1,5.23,0,0,0
pay_Zom4518395,252,upi,none,0,10,0,0.159,1,1,0.37,0,0,0
pay_Zom5875114,252,netbanking,none,0,134,5,0.082,0,1,1.97,0,0,0
pay_Zom6793064,252,upi,none,0,104,15,0.142,0,2,1.13,0,0,0
pay_Zom3225862,252,upi,none,0,41,2,0.188,0,1,1.13,0,0,0
pay_Zom3983202,2059,upi,none,0,181,15,0.023,1,1,9.33,0,0,0
pay_Zom9453929,252,upi,none,1,179,4,0.019,0,1,5.24,0,0,0
pay_Zom6408662,3360,upi,none,0,81,2,0.067,0,1,5.09,0,0,0
pay_Zom2936178,252,card,visa,0,12,1,0.149,0,1,2.38,0,1,1
pay_Zom6909569,252,upi,none,0,300,46,0.075,1,1,3.4,0,0,0
pay_Zom9059269,252,card,amex,0,132,20,0.056,0,1,5.4,0,0,0
pay_Zom8004117,252,upi,none,1,34,2,0.193,0,1,1.09,0,0,0
pay_Zom9957402,2059,upi,none,1,113,4,0.17,0,1,1.21,0,1,1
pay_Zom5797075,2059,card,amex,0,62,2,0.191,0,1,7.53,0,0,0
pay_Zom8086467,252,upi,none,0,121,14,0.003,0,1,0.91,0,0,0
pay_Zom1214253,252,upi,none,0,77,11,0.073,1,1,3.99,0,0,0
pay_Zom9769953,252,upi,none,1,79,12,0.316,0,1,8.79,0,1,1
pay_Zom2786278,2059,card,mastercard,0,159,10,0.021,0,1,10.65,0,0,0
pay_Zom1423996,252,upi,none,1,114,8,0.069,1,2,1.26,0,1,1
pay_Zom7389943,252,upi,none,0,9,0,0.326,0,1,10.5,0,1,1
pay_Zom3438177,2059,netbanking,none,1,8,1,0.008,0,1,0.52,0,1,1
pay_Zom1890282,3360,netbanking,none,0,43,2,0.079,0,2,0.97,0,0,0
pay_Zom1949670,252,upi,none,0,67,6,0.017,0,1,1.8,0,0,0
pay_Zom4353806,252,upi,none,0,38,6,0.151,0,2,4.99,0,0,0
pay_Zom5479152,2059,card,amex,1,126,17,0.053,0,1,0.33,0,0,0
pay_Zom3700047,2059,card,mastercard,1,26,0,0.217,0,2,0.88,0,1,1
pay_Zom5808610,252,upi,none,1,146,3,0.293,0,1,2.27,0,1,1
pay_Zom5203716,3360,upi,none,1,178,25,0.06,0,1,0.27,0,0,0
pay_Zom3456660,2059,card,rupay,0,15,1,0.216,0,1,1.52,0,0,0
pay_Zom2040738,252,netbanking,none,1,126,17,0.207,0,2,3.34,0,0,0
pay_Zom5951637,252,card,amex,1,390,17,0.033,0,1,5.18,0,1,1
pay_Zom4422567,252,upi,none,0,25,3,0.309,0,1,2.43,0,0,0
pay_Zom1542011,2059,upi,none,0,288,41,0.067,0,1,2.08,0,0,0
pay_Zom7017692,252,upi,none,0,111,18,0.02,0,2,1.41,0,0,0
pay_Zom8593275,2059,upi,none,0,107,7,0.074,0,2,1.61,0,0,0
pay_Zom2719329,2059,upi,none,1,6,0,0.314,0,1,2.72,0,1,1
pay_Zom4763253,252,upi,none,0,165,7,0.064,0,1,1.77,0,0,0
pay_Zom7524435,2059,upi,none,0,78,13,0.158,1,1,1.34,0,0,0
pay_Zom4986190,3360,upi,none,0,153,7,0.155,0,1,3.42,0,0,0
pay_Zom9571853,252,card,visa,0,198,7,0.26,0,1,19.94,0,1,1
pay_Zom5825775,252,card,mastercard,0,89,4,0.016,1,1,1.22,0,0,0
pay_Zom1788191,252,netbanking,none,1,36,5,0.253,0,1,0.45,0,1,1
pay_Zom7401894,2059,card,rupay,0,18,2,0.073,0,2,0.56,0,0,0
pay_Zom7502088,3360,upi,none,1,20,2,0.126,0,1,3.27,0,0,0
pay_Zom7988821,252,upi,none,0,242,26,0.157,0,1,2.85,0,0,0
pay_Zom6245463,2059,upi,none,1,15,2,0.235,1,1,0.4,0,0,0
pay_Zom1902651,252,upi,none,0,58,1,0.059,0,1,1.85,0,0,0
pay_Zom1217520,252,netbanking,none,0,48,7,0.03,1,1,6.74,0,0,0
pay_Zom5216804,252,upi,none,0,240,21,0.269,1,1,2.27,0,1,1
pay_Zom4407238,252,upi,none,1,77,7,0.024,1,1,5.33,0,0,0
pay_Zom8433377,252,upi,none,0,676,27,0.037,1,2,0.17,0,0,0
pay_Zom4784075,252,upi,none,0,160,4,0.183,0,2,2.37,0,0,0
pay_Zom7169672,252,card,visa,1,228,16,0.099,0,1,6.08,0,0,0
pay_Zom4296204,3360,upi,none,0,12,0,0.012,0,1,3.22,0,0,0
pay_Zom4246352,252,upi,none,0,35,3,0.083,0,1,0.42,0,0,0
pay_Zom5935483,252,upi,none,0,17,0,0.02,0,1,7.56,0,0,0
pay_Zom8529864,252,netbanking,none,0,74,3,0.038,0,1,0.72,0,0,0
pay_Zom3976712,2059,upi,none,0,152,24,0.012,0,1,4.36,0,1,1
pay_Zom2249382,252,upi,none,0,22,3,0.046,0,1,0.26,0,0,0
pay_Zom4136946,252,upi,none,1,16,2,0.029,0,1,2.71,0,0,0
pay_Zom3915798,3360,upi,none,0,114,14,0.002,0,1,1.25,0,0,0
pay_Zom9620919,252,upi,none,0,31,4,0.287,0,1,13.12,0,1,1
pay_Zom3002424,252,card,mastercard,0,78,11,0.296,0,1,8.05,0,1,1
pay_Zom7328336,2059,card,rupay,0,6,0,0.119,0,1,2.03,0,0,0
pay_Zom1681729,252,card,visa,0,136,9,0.055,0,1,6.73,0,0,0
pay_Zom8189168,252,upi,none,1,93,4,0.083,0,1,0.96,0,0,0
pay_Zom5682726,252,upi,none,1,125,7,0.043,0,1,2.57,0,0,0
pay_Zom5433204,252,upi,none,1,38,5,0.152,0,1,6.18,0,0,0
pay_Zom3182154,252,upi,none,0,39,5,0.043,0,1,4.04,0,0,0
pay_Zom3699938,252,upi,none,1,193,17,0.028,1,1,2.08,0,0,0
pay_Zom5278461,252,upi,none,1,152,3,0.04,0,1,2.68,0,0,0
pay_Zom1094709,252,card,amex,0,104,6,0.026,0,1,1.2,0,0,0
pay_Zom6545923,2059,card,visa,0,118,16,0.219,0,1,2.9,0,0,0
pay_Zom8823741,252,card,visa,0,11,1,0.344,0,1,0.51,0,1,1
pay_Zom3597208,252,card,visa,0,232,20,0.026,0,1,4.95,0,0,0
pay_Zom1670091,2059,upi,none,1,176,12,0.062,0,1,18.5,0,0,0
pay_Zom3578714,2059,upi,none,0,107,12,0.018,0,1,0.19,0,1,1
pay_Zom6412833,252,upi,none,0,300,52,0.048,2,3,5.5,0,0,0
pay_Zom1853212,3360,upi,none,0,22,3,0.031,1,1,6.41,0,0,0
pay_Zom6052539,252,upi,none,0,139,3,0.206,0,1,0.12,0,0,0
pay_Zom9230079,252,upi,none,0,395,38,0.001,3,1,3.08,0,0,0
pay_Zom7007679,2059,upi,none,1,44,3,0.043,0,1,7.81,0,1,1
pay_Zom2222736,252,card,mastercard,0,1,0,0.282,0,1,2.94,0,1,1
pay_Zom6332789,252,card,amex,1,159,18,0.085,0,1,3.11,0,1,1
pay_Zom9814666,252,upi,none,0,0,0,0.032,0,1,18.93,1,0,1
pay_Zom4690350,252,upi,none,0,247,35,0.022,0,1,7.99,0,0,0
pay_Zom4084811,252,upi,none,0,6,0,0.009,0,1,3.52,0,0,0
pay_Zom9734324,3360,card,amex,1,126,22,0.015,0,1,2.53,0,0,0
pay_Zom2143811,252,upi,none,0,56,1,0.008,0,1,0.75,0,0,0
pay_Zom9474848,2059,card,mastercard,0,27,1,0.338,0,1,6.51,0,0,0
pay_Zom3673793,252,upi,none,0,274,35,0.14,0,1,1.18,0,0,0
pay_Zom7978168,2059,upi,none,1,164,21,0.114,1,1,0.02,0,0,0
pay_Zom7768215,2059,upi,none,0,49,5,0.138,0,1,0.2,0,0,0
pay_Zom2542590,2059,upi,none,0,40,7,0.063,0,1,0.77,0,0,0
pay_Zom6862008,252,upi,none,0,159,13,0.115,1,1,5.88,0,0,0
pay_Zom4711087,252,card,visa,0,217,18,0.179,1,1,12.85,0,0,0
pay_Zom4579482,252,upi,none,1,150,24,0.234,0,1,4.41,0,0,0
pay_Zom6568081,2059,upi,none,1,122,12,0.125,0,1,0.64,0,1,1
pay_Zom6554374,2059,netbanking,none,0,31,2,0.084,1,1,7.01,0,0,0
pay_Zom7053183,252,upi,none,1,229,30,0.007,0,1,5.81,0,0,0
pay_Zom5925360,252,upi,none,1,166,19,0.035,0,1,6.61,0,1,1
pay_Zom4664903,252,upi,none,0,87,6,0.186,0,1,0.7,0,0,0
pay_Zom9900294,2059,card,amex,1,85,5,0.232,0,1,2.54,0,0,0
pay_Zom8966781,252,upi,none,0,101,8,0.092,0,1,3.45,0,0,0
pay_Zom1147701,2059,upi,none,0,211,6,0.036,0,1,3.96,0,0,0
pay_Zom2924714,3360,netbanking,none,0,162,27,0.014,0,1,4.04,1,0,1
pay_Zom6805039,252,card,visa,0,232,11,0.011,0,1,0.05,0,0,0
pay_Zom8477055,252,upi,none,0,84,4,0.088,0,2,11.24,0,0,0
pay_Zom5032368,252,card,amex,1,117,14,0.008,0,1,3.03,0,0,0
pay_Zom5090740,252,upi,none,1,231,31,0.125,0,1,0.76,0,1,1
pay_Zom1669029,252,card,mastercard,1,31,4,0.002,0,1,5.09,0,0,0
pay_Zom6384429,252,upi,none,0,70,5,0.079,0,1,0.19,0,0,0
pay_Zom7398370,2059,card,rupay,1,116,18,0.279,0,1,0.63,0,1,1
pay_Zom2902100,252,upi,none,0,296,31,0.01,0,1,1.77,0,0,0
pay_Zom7473923,252,card,visa,0,1,0,0.055,0,1,2.9,0,0,0
pay_Zom5304875,3360,upi,none,0,28,4,0.024,1,1,1.89,0,0,0
pay_Zom5745083,2059,upi,none,0,32,1,0.05,0,2,1.27,0,0,0
pay_Zom1414493,252,upi,none,0,47,7,0.087,0,1,4.67,0,0,0
pay_Zom9671603,252,netbanking,none,0,39,4,0.166,0,1,0.02,0,0,0
pay_Zom7290752,252,card,amex,1,107,17,0.044,1,1,3.97,0,0,0
pay_Zom9628674,2059,upi,none,1,260,13,0.164,0,3,10.48,0,0,0
pay_Zom9535166,2059,netbanking,none,1,121,20,0.2,0,1,0.57,0,0,0
pay_Zom8475204,2059,upi,none,0,33,4,0.032,0,1,6.78,0,0,0
pay_Zom9167227,252,card,amex,1,239,28,0.021,0,1,0.72,0,0,0
pay_Zom1735708,2059,card,amex,1,119,10,0.01,0,1,1.91,0,1,1
pay_Zom5973336,252,upi,none,0,29,5,0.088,0,1,12.92,0,0,0
pay_Zom4229821,252,netbanking,none,1,53,4,0.114,0,1,5.41,0,0,0
pay_Zom6373956,252,upi,none,0,187,18,0.24,0,6,1.56,0,0,0
pay_Zom9621722,252,upi,none,0,161,23,0.045,1,1,1.5,0,0,0
pay_Zom2381527,252,card,mastercard,0,103,6,0.075,0,1,1.36,0,0,0
pay_Zom2609881,2059,card,mastercard,0,18,1,0.05,0,1,1.58,0,0,0
pay_Zom3808418,3360,upi,none,1,195,28,0.481,0,1,13.04,0,1,1
pay_Zom9945709,252,upi,none,0,44,1,0.037,0,1,1.46,0,0,0
pay_Zom1122986,252,card,rupay,0,177,26,0.01,0,1,2.06,0,0,0
pay_Zom2098434,252,upi,none,1,125,15,0.159,0,6,0.83,0,0,0
pay_Zom4536326,252,netbanking,none,1,36,3,0.11,0,1,3.56,0,0,0
pay_Zom4576485,252,card,mastercard,0,28,1,0.195,0,1,6.26,0,0,0
pay_Zom8117053,3360,upi,none,0,16,2,0.217,0,1,1.18,0,0,0
pay_Zom2743602,252,upi,none,0,33,4,0.139,0,1,0.84,0,0,0
pay_Zom4449052,252,upi,none,0,20,1,0.02,1,1,2.1,0,0,0
pay_Zom8302077,252,upi,none,0,115,9,0.008,0,1,4.04,0,0,0
pay_Zom2209981,2059,card,visa,0,109,6,0.032,0,1,1.83,0,0,0
pay_Zom3579573,2059,netbanking,none,1,105,14,0.009,1,1,0.56,0,0,0
pay_Zom1398508,3360,upi,none,1,123,15,0.019,1,1,0.7,0,1,1
pay_Zom8704520,2059,upi,none,0,202,10,0.162,0,1,1.19,0,0,0
pay_Zom6565260,252,upi,none,0,293,43,0.104,0,2,6.3,0,0,0
pay_Zom1635626,252,card,mastercard,0,31,4,0.424,0,1,2.49,0,1,1
pay_Zom2468357,2059,card,amex,0,106,3,0.003,0,1,3.1,0,0,0
pay_Zom2228898,252,card,visa,0,9,1,0.141,0,1,0.79,0,1,1
pay_Zom1910467,252,upi,none,0,15,2,0.109,0,3,3.72,0,0,0
pay_Zom3986212,252,card,mastercard,0,127,22,0.133,0,1,6.39,0,0,0
pay_Zom5226314,252,upi,none,0,79,4,0.129,0,1,0.78,0,0,0
pay_Zom2181822,252,card,visa,0,170,13,0.176,0,1,0.21,0,0,0
pay_Zom4819259,252,card,visa,0,66,11,0.159,0,1,3.82,0,0,0
pay_Zom5339392,2059,card,mastercard,0,16,0,0.25,0,1,5.92,0,1,1
pay_Zom7838943,252,upi,none,0,246,25,0.173,1,1,4.04,0,0,0
pay_Zom7510106,252,upi,none,0,10,1,0.051,0,1,1.96,0,0,0
pay_Zom8568632,252,upi,none,0,25,2,0.482,0,1,3.71,0,0,0
pay_Zom7785511,252,card,visa,0,38,2,0.01,0,6,20.26,0,0,0
pay_Zom8264954,252,upi,none,0,642,107,0.099,0,1,3.42,0,0,0
pay_Zom6308382,252,upi,none,0,64,4,0.057,0,2,2.63,0,0,0
pay_Zom1283383,252,upi,none,1,83,10,0.1,1,2,2.72,0,0,0
pay_Zom7534756,252,card,amex,0,176,17,0.17,1,1,2.22,0,0,0
pay_Zom2984841,252,upi,none,0,121,7,0.18,1,1,4.07,0,0,0
pay_Zom9973031,252,card,amex,1,220,11,0.25,0,1,6.52,0,1,1
pay_Zom1098967,252,card,mastercard,1,79,13,0.034,0,2,4.47,0,1,1
pay_Zom2060950,252,card,mastercard,0,429,47,0.026,0,2,0.89,0,1,1
pay_Zom1763646,252,upi,none,1,191,22,0.013,0,1,1.6,0,0,0
pay_Zom2217848,2059,card,amex,0,61,8,0.23,0,1,3.13,0,0,0
pay_Zom7001212,252,upi,none,1,57,1,0.305,0,1,17.45,0,1,1
pay_Zom9436204,252,upi,none,0,318,42,0.103,0,1,0.25,0,0,0
pay_Zom2780658,252,upi,none,1,138,6,0.071,0,2,0.73,0,0,0
pay_Zom5862651,2059,upi,none,1,116,16,0.022,1,1,5.22,0,0,0
pay_Zom6055825,2059,upi,none,0,170,7,0.027,0,1,0.75,0,0,0
pay_Zom2451316,2059,upi,none,1,98,15,0.174,1,1,3.91,0,0,0
pay_Zom5723078,2059,upi,none,0,20,2,0.24,0,1,18.11,0,0,0
pay_Zom8342987,252,upi,none,0,46,3,0.022,0,1,3.58,0,0,0
pay_Zom7399057,2059,upi,none,0,97,7,0.111,0,2,2.28,0,0,0
pay_Zom7628900,252,upi,none,1,2,0,0.085,0,1,6.26,0,0,0
pay_Zom1517059,252,netbanking,none,0,69,11,0.065,0,1,5.17,0,0,0
pay_Zom8952193,252,upi,none,0,169,6,0.053,0,1,4.34,1,0,1
pay_Zom3622672,252,upi,none,0,21,2,0.114,0,1,0.44,0,0,0
pay_Zom9950103,3360,upi,none,0,8,0,0.094,0,1,3.5,0,0,0
pay_Zom4688734,252,upi,none,0,216,38,0.325,0,1,0.05,0,1,1
pay_Zom3288101,2059,upi,none,1,115,13,0.21,1,1,0.2,0,0,0
pay_Zom7559766,252,upi,none,1,23,1,0.366,0,1,0.14,0,1,1
pay_Zom5948917,252,netbanking,none,0,196,24,0.082,0,1,0.4,0,0,0
pay_Zom3417186,252,card,mastercard,0,128,22,0.207,1,1,1.98,0,0,0
pay_Zom6000558,252,card,amex,0,48,5,0.122,1,1,10.23,0,0,0
pay_Zom7260091,2059,netbanking,none,0,56,5,0.095,0,1,0.27,0,0,0
pay_Zom1187069,252,netbanking,none,0,20,1,0.053,0,1,4.47,0,0,0
pay_Zom3371859,252,card,visa,0,216,7,0.152,0,1,2.48,0,0,0
pay_Zom3067542,2059,card,mastercard,0,85,4,0.068,0,1,1.13,0,0,0
pay_Zom1700837,252,upi,none,0,97,10,0.214,0,1,1.33,0,0,0
pay_Zom1084386,3360,upi,none,1,257,36,0.05,0,1,0.08,0,0,0
pay_Zom7611593,252,upi,none,1,1,0,0.003,0,1,4.22,0,1,1
pay_Zom2428191,252,upi,none,0,8,1,0.008,0,2,0.37,0,0,0
pay_Zom6111869,252,netbanking,none,0,21,0,0.259,1,1,0.12,0,1,1
pay_Zom4524102,252,upi,none,0,3,0,0.113,0,1,2.21,0,0,0
pay_Zom6768873,252,card,rupay,1,128,14,0.016,0,1,2.27,0,0,0
pay_Zom4552356,2059,upi,none,0,120,11,0.089,0,1,3.72,0,0,0
pay_Zom7923193,2059,upi,none,1,28,3,0.065,0,1,4.29,0,1,1
pay_Zom9599207,2059,upi,none,0,19,0,0.125,0,1,2.49,0,0,0
pay_Zom3390000,252,upi,none,0,18,0,0.025,0,1,4.31,0,0,0
pay_Zom3700366,252,upi,none,0,367,38,0.087,0,1,1.01,0,0,0
pay_Zom4086885,252,upi,none,0,141,6,0.076,0,1,0.54,0,0,0
pay_Zom4704207,252,upi,none,0,105,11,0.087,0,1,9.38,0,0,0
pay_Zom5240303,2059,upi,none,0,46,3,0.035,0,1,1.64,0,0,0
pay_Zom4260252,252,upi,none,1,68,11,0.202,0,2,0.33,0,0,0
pay_Zom2923047,252,upi,none,0,11,1,0.096,0,1,6.14,0,0,0
pay_Zom4042682,252,upi,none,0,755,133,0.18,0,1,3.32,0,0,0
pay_Zom1912484,3360,upi,none,0,168,27,0.164,0,1,3.14,0,0,0
pay_Zom8738745,252,upi,none,0,116,20,0.024,1,2,0.5,0,1,1
pay_Zom2227162,252,upi,none,0,106,14,0.095,0,1,4.96,0,0,0
pay_Zom5876342,252,upi,none,0,84,14,0.32,0,1,0.8,0,1,1
pay_Zom2130159,252,upi,none,0,35,4,0.051,0,1,0.15,0,0,0
pay_Zom5205840,252,card,amex,0,30,4,0.194,0,1,0.61,0,0,0
pay_Zom2647562,252,upi,none,0,95,3,0.011,0,1,4.22,0,0,0
pay_Zom4312117,2059,upi,none,0,8,1,0.08,0,1,5.48,0,0,0
pay_Zom9173698,252,upi,none,1,9,1,0.284,0,3,0.99,0,1,1
pay_Zom6550757,2059,upi,none,0,98,10,0.115,0,1,1.32,0,1,1
pay_Zom6991787,3360,upi,none,1,302,15,0.018,0,1,0.62,0,0,0
pay_Zom3151093,2059,card,amex,0,294,30,0.11,0,2,2.11,0,1,1
pay_Zom4934808,252,card,visa,0,1,0,0.319,0,3,0.87,1,1,1
pay_Zom2678477,252,upi,none,0,13,1,0.069,0,1,14.5,0,0,0
pay_Zom5783807,2059,netbanking,none,0,104,10,0.087,0,1,5.1,0,0,0
pay_Zom2171198,2059,upi,none,0,226,12,0.021,0,1,3.18,0,0,0
pay_Zom4246367,252,upi,none,0,370,62,0.066,1,1,4.47,0,1,1
pay_Zom6331563,2059,card,rupay,0,236,33,0.181,0,1,0.64,0,0,0
pay_Zom9151398,252,card,rupay,0,135,8,0.244,0,1,4.76,0,0,0
pay_Zom8560584,252,upi,none,1,26,3,0.063,0,1,1.49,0,0,0
pay_Zom6508733,252,upi,none,1,9,0,0.078,0,1,2.22,0,0,0
pay_Zom6128383,252,upi,none,0,5,0,0.232,0,1,7.58,0,1,1
pay_Zom3556763,252,upi,none,0,113,17,0.06,1,1,10.1,0,0,0
pay_Zom7115185,2059,upi,none,0,4,0,0.137,0,1,5.12,0,0,0
pay_Zom6307189,252,upi,none,0,161,13,0.081,0,1,5.11,0,0,0
pay_Zom8185805,252,upi,none,1,149,3,0.101,1,1,4.78,0,0,0
pay_Zom3829301,252,card,rupay,0,9,0,0.074,1,1,3.45,0,0,0
pay_Zom1081065,252,upi,none,0,284,46,0.003,1,1,0.76,0,0,0
pay_Zom6254872,252,card,amex,0,88,14,0.129,0,1,3.11,0,0,0
pay_Zom5130133,2059,upi,none,1,281,26,0.073,0,1,0.2,0,0,0
pay_Zom4716584,2059,card,amex,0,278,19,0.034,0,1,0.11,0,0,0
pay_Zom8316947,2059,upi,none,0,26,1,0.065,0,1,6.37,0,0,0
pay_Zom5641917,2059,upi,none,0,57,9,0.017,0,1,2.72,0,0,0
pay_Zom7031174,252,card,rupay,0,17,1,0.192,1,1,0.06,0,0,0
pay_Zom3253277,252,upi,none,0,178,18,0.091,1,6,1.11,0,0,0
pay_Zom6562703,252,upi,none,1,84,11,0.089,0,1,4.02,0,0,0
pay_Zom9052291,252,upi,none,0,317,16,0.004,0,1,9.81,0,0,0
pay_Zom8765307,3360,upi,none,1,28,1,0.214,0,1,6.5,0,0,0
pay_Zom8471866,252,upi,none,0,139,10,0.065,0,2,2.06,0,0,0
pay_Zom7018685,252,upi,none,0,543,67,0.12,0,1,1.18,0,0,0
pay_Zom6124966,2059,card,mastercard,1,131,19,0.032,1,1,1.3,0,0,0
pay_Zom9170024,3360,upi,none,0,8,0,0.043,0,1,4.63,0,0,0
pay_Zom2825908,2059,upi,none,1,106,4,0.25,0,3,5.71,1,1,1
pay_Zom3948933,252,card,rupay,1,23,2,0.064,0,1,1.59,0,0,0
pay_Zom2375290,252,upi,none,0,3,0,0.198,1,1,3.41,0,0,0
pay_Zom5707954,252,upi,none,1,48,1,0.285,0,6,4.79,0,1,1
pay_Zom3348838,252,upi,none,1,37,4,0.038,1,1,6.54,0,0,0
pay_Zom4295580,252,upi,none,0,186,32,0.175,0,1,3.58,0,0,0
pay_Zom5416344,252,upi,none,0,56,8,0.165,0,1,6.99,0,0,0
pay_Zom2282825,3360,upi,none,0,158,22,0.09,0,1,1.16,0,0,0
pay_Zom2265001,252,upi,none,0,1,0,0.084,1,1,4.2,0,0,0
pay_Zom1312564,2059,netbanking,none,0,1,0,0.346,0,1,1.8,0,1,1
pay_Zom9509040,2059,card,visa,0,3,0,0.146,1,1,9.24,0,0,0
pay_Zom1523352,252,upi,none,0,29,3,0.317,1,1,0.86,0,1,1
pay_Zom7797028,2059,card,rupay,0,56,4,0.272,0,1,5.42,0,0,0
pay_Zom4569531,252,upi,none,0,112,4,0.229,0,6,9.39,1,0,1
pay_Zom1614990,252,upi,none,0,511,47,0.235,0,1,4.01,0,0,0
pay_Zom5372416,2059,upi,none,0,52,8,0.21,0,1,5.45,0,0,0
pay_Zom8920589,252,upi,none,1,6,0,0.068,0,1,7.61,0,0,0
pay_Zom3493647,3360,card,rupay,0,26,1,0.269,0,1,1.3,0,0,0
pay_Zom7137418,252,upi,none,0,273,33,0.001,0,1,0.47,0,0,0
pay_Zom7585029,252,upi,none,0,144,13,0.135,0,1,9.65,0,0,0
pay_Zom4746463,252,upi,none,0,187,31,0.049,0,2,0.13,0,0,0
pay_Zom5882155,252,upi,none,0,15,0,0.077,0,1,2.32,0,0,0
pay_Zom3246154,252,upi,none,1,17,2,0.307,1,1,1.36,0,0,0
pay_Zom8796391,2059,card,rupay,0,14,1,0.018,0,6,2.83,0,0,0
pay_Zom9407451,2059,netbanking,none,1,233,41,0.269,0,1,15.89,0,1,1
pay_Zom9563292,2059,upi,none,0,28,3,0.295,0,1,0.16,0,1,1
pay_Zom2519244,252,upi,none,0,123,19,0.145,0,1,5.14,0,0,0
pay_Zom7656950,2059,upi,none,1,87,2,0.019,0,1,0.09,0,0,0
pay_Zom7104651,2059,card,mastercard,1,94,3,0.24,0,1,1.06,0,0,0
pay_Zom9424968,2059,upi,none,0,26,1,0.006,0,3,4.28,1,0,1
pay_Zom1177698,252,upi,none,1,121,14,0.008,0,1,1.12,0,0,0
pay_Zom5007754,2059,card,rupay,0,5,0,0.216,0,1,3.3,0,0,0
pay_Zom3782393,2059,upi,none,1,603,31,0.107,0,2,11.92,0,1,1
pay_Zom9625782,252,upi,none,0,3,0,0.287,1,1,7.27,0,1,1
pay_Zom3355029,2059,upi,none,1,6,0,0.143,0,1,6.33,1,0,1
pay_Zom8486336,252,upi,none,0,47,4,0.025,0,1,0.75,0,0,0
pay_Zom3671308,252,upi,none,0,213,7,0.025,0,1,1.11,0,0,0
pay_Zom4005557,252,upi,none,0,35,5,0.197,0,2,5.42,0,1,1
pay_Zom3452813,252,upi,none,0,76,8,0.306,0,1,4.59,0,0,0
pay_Zom9111841,252,upi,none,0,2,0,0.024,0,1,1.21,0,0,0
pay_Zom7019590,2059,netbanking,none,0,9,1,0.152,0,2,1.96,0,0,0
pay_Zom1678132,252,upi,none,0,112,7,0.124,1,1,3.66,0,0,0
pay_Zom4671175,2059,card,rupay,1,25,2,0.041,1,1,2.61,0,0,0
pay_Zom9181277,2059,upi,none,0,142,10,0.039,0,1,2.13,0,0,0
pay_Zom4888118,252,upi,none,1,184,29,0.042,0,1,0.37,0,0,0
pay_Zom2054635,2059,upi,none,0,227,40,0.02,0,2,2.0,0,0,0
pay_Zom5435176,3360,upi,none,0,17,0,0.071,1,1,16.97,0,0,0
pay_Zom7198093,2059,upi,none,0,72,1,0.045,1,1,1.46,0,0,0
pay_Zom4926181,2059,upi,none,0,352,19,0.273,0,1,4.14,0,1,1
pay_Zom1718206,3360,upi,none,0,177,20,0.084,0,1,2.47,0,0,0
pay_Zom4469093,2059,upi,none,0,14,0,0.106,0,1,5.54,0,0,0
pay_Zom9688672,252,netbanking,none,0,83,12,0.177,1,1,4.83,0,0,0
pay_Zom7060792,2059,upi,none,0,306,26,0.01,0,1,10.11,0,0,0
pay_Zom7511121,2059,upi,none,0,69,8,0.077,0,1,3.68,0,0,0
pay_Zom8879825,252,upi,none,1,217,20,0.109,0,1,10.33,0,0,0
pay_Zom8627651,252,upi,none,1,82,13,0.073,2,1,0.15,0,0,0
pay_Zom1779091,2059,card,amex,1,13,0,0.073,2,1,1.83,0,0,0
pay_Zom1669489,252,upi,none,1,19,2,0.051,0,1,3.94,0,0,0
pay_Zom6437011,3360,upi,none,0,5,0,0.102,2,1,2.29,0,0,0
pay_Zom2731828,252,upi,none,0,26,3,0.041,0,1,9.42,0,0,0
pay_Zom9747185,252,card,rupay,1,268,23,0.06,0,1,0.53,0,1,1
pay_Zom5588489,252,upi,none,0,126,2,0.079,0,2,2.29,0,0,0
pay_Zom5417710,252,upi,none,1,161,20,0.056,1,1,6.79,0,0,0
pay_Zom3916715,2059,upi,none,0,116,17,0.246,0,1,4.96,0,0,0
pay_Zom7319298,3360,upi,none,0,58,1,0.138,0,1,5.48,1,0,1
pay_Zom7350486,2059,upi,none,0,29,2,0.072,0,1,2.17,0,0,0
pay_Zom7128662,252,card,visa,1,311,14,0.044,0,1,1.45,0,0,0
pay_Zom2305896,252,card,amex,1,86,10,0.065,0,1,2.47,0,0,0
pay_Zom9668165,2059,upi,none,1,78,11,0.045,1,1,0.79,0,0,0
pay_Zom5220919,3360,upi,none,0,665,84,0.35,0,3,3.59,0,1,1
pay_Zom7313749,252,upi,none,0,58,4,0.169,0,2,5.4,0,0,0
pay_Zom4739628,252,upi,none,0,231,9,0.407,0,1,0.26,0,1,1
pay_Zom9663280,252,upi,none,1,237,34,0.037,0,1,3.2,0,0,0
pay_Zom7808902,2059,upi,none,0,31,2,0.018,0,1,3.0,0,0,0
pay_Zom6920646,2059,netbanking,none,0,11,0,0.028,0,2,1.07,0,1,1
pay_Zom6788681,252,upi,none,0,445,49,0.17,0,1,18.81,0,0,0
pay_Zom9168181,252,netbanking,none,0,66,3,0.183,0,1,2.42,0,0,0
pay_Zom9088465,2059,upi,none,0,0,0,0.194,0,2,7.66,0,1,1
pay_Zom1110690,252,upi,none,0,82,3,0.109,0,1,0.74,0,0,0
pay_Zom9419427,252,upi,none,0,115,10,0.085,0,1,4.84,0,0,0
pay_Zom3331501,252,card,mastercard,1,179,10,0.07,1,1,0.29,0,1,1
pay_Zom8380275,252,upi,none,0,343,44,0.078,0,1,0.25,0,0,0
pay_Zom3778404,252,card,amex,0,296,31,0.465,0,1,0.75,0,0,0
pay_Zom4858604,2059,card,mastercard,0,337,49,0.132,0,1,4.68,0,0,0
pay_Zom2293325,2059,card,mastercard,1,3,0,0.058,0,1,20.3,0,1,1
pay_Zom9632570,2059,card,visa,0,149,3,0.262,0,1,5.83,0,0,0
pay_Zom5711201,2059,card,rupay,0,30,1,0.024,0,1,1.93,0,0,0
pay_Zom4548668,252,card,visa,0,24,4,0.05,0,1,3.61,0,0,0
pay_Zom3520615,2059,upi,none,0,193,16,0.332,0,1,2.25,0,1,1
pay_Zom4135756,252,card,amex,1,64,7,0.023,0,1,0.99,0,0,0
pay_Zom3640018,2059,card,mastercard,1,298,49,0.119,0,1,3.35,0,0,0
pay_Zom7077092,3360,upi,none,0,5,0,0.044,0,1,2.64,0,0,0
pay_Zom2985251,252,netbanking,none,0,194,24,0.02,1,2,2.7,0,0,0
pay_Zom4864570,252,upi,none,0,17,1,0.025,0,1,0.23,0,0,0
pay_Zom7956063,252,upi,none,0,23,1,0.035,0,1,0.45,0,0,0
pay_Zom6540252,252,upi,none,1,77,4,0.192,2,1,2.42,0,0,0
pay_Zom2901507,252,upi,none,0,60,9,0.303,0,1,1.55,0,0,0
pay_Zom9078508,2059,card,amex,0,79,6,0.075,0,1,1.94,0,0,0
pay_Zom9033176,3360,netbanking,none,1,337,10,0.039,0,1,1.73,0,1,1
pay_Zom9036641,252,card,mastercard,0,128,4,0.133,0,1,4.35,0,0,0
pay_Zom4535025,252,netbanking,none,0,41,1,0.052,1,1,0.69,0,0,0
pay_Zom3705263,252,upi,none,0,22,3,0.186,0,2,9.97,0,0,0
pay_Zom7893744,2059,upi,none,0,65,5,0.366,0,1,2.22,0,1,1
pay_Zom1376582,252,upi,none,1,72,11,0.021,1,1,1.46,0,0,0
pay_Zom5088109,252,card,amex,0,110,16,0.021,1,1,0.07,0,0,0
pay_Zom1723841,252,upi,none,0,37,5,0.294,0,1,1.54,0,0,0
pay_Zom3145556,252,netbanking,none,0,175,11,0.041,0,1,3.44,0,0,0
pay_Zom3703298,252,upi,none,0,12,0,0.028,0,1,5.59,0,0,0
pay_Zom3260294,2059,netbanking,none,1,98,10,0.107,0,1,4.61,0,0,0
pay_Zom9600719,252,upi,none,0,117,10,0.053,0,1,2.98,0,0,0
pay_Zom1657513,2059,upi,none,1,27,2,0.214,0,1,2.0,0,0,0
pay_Zom3463987,252,card,mastercard,1,209,5,0.024,0,1,2.61,0,0,0
pay_Zom1938047,2059,card,visa,1,114,20,0.226,0,1,11.43,0,0,0
pay_Zom3790745,2059,upi,none,1,124,3,0.042,1,2,11.85,0,1,1
pay_Zom5332877,252,netbanking,none,0,82,3,0.105,0,1,5.69,0,0,0
pay_Zom4020528,252,card,mastercard,1,288,37,0.2,0,1,0.64,0,0,0
pay_Zom9667792,252,upi,none,0,142,6,0.01,0,1,9.53,0,0,0
pay_Zom7802428,2059,upi,none,0,57,2,0.042,0,1,3.65,0,0,0
pay_Zom1312392,252,upi,none,0,32,1,0.074,0,1,2.27,0,0,0
pay_Zom5755579,3360,upi,none,0,8,0,0.157,0,1,2.88,0,0,0
pay_Zom2438621,252,card,rupay,0,21,1,0.51,1,2,2.26,0,0,0
pay_Zom4633834,2059,upi,none,0,590,37,0.075,1,2,2.28,0,1,1
pay_Zom8536381,2059,upi,none,0,62,6,0.121,0,2,1.97,0,0,0
pay_Zom8909005,2059,upi,none,0,274,24,0.045,0,2,7.92,0,1,1
pay_Zom9081054,252,upi,none,0,22,2,0.2,1,1,2.13,0,0,0
pay_Zom3861635,252,upi,none,1,66,7,0.041,0,1,0.87,0,0,0
pay_Zom4680314,2059,upi,none,0,387,22,0.021,0,1,0.91,0,0,0
pay_Zom7891524,252,upi,none,0,11,0,0.043,0,1,0.49,0,0,0
pay_Zom3394312,252,upi,none,0,108,17,0.095,0,2,2.83,0,0,0
pay_Zom4051509,252,netbanking,none,0,301,36,0.015,0,1,1.37,0,0,0
pay_Zom9569884,252,upi,none,0,358,10,0.136,2,2,3.01,0,0,0
pay_Zom5437920,252,upi,none,0,224,38,0.172,0,1,9.35,0,0,0
pay_Zom3813903,252,upi,none,0,232,30,0.026,0,1,10.9,0,0,0
pay_Zom6749069,252,upi,none,0,126,5,0.121,0,1,1.28,0,0,0
pay_Zom8607966,2059,upi,none,0,29,5,0.156,0,3,0.87,0,0,0
pay_Zom2154992,2059,card,visa,1,157,12,0.101,0,2,0.2,0,1,1
pay_Zom4855635,2059,upi,none,0,460,81,0.004,0,1,1.12,0,0,0
pay_Zom7345333,3360,netbanking,none,1,89,3,0.033,0,2,2.47,0,1,1
pay_Zom7466977,252,upi,none,1,36,1,0.049,1,1,3.23,0,0,0
pay_Zom3218169,252,card,rupay,0,102,12,0.208,0,1,0.36,0,0,0
pay_Zom2821504,252,card,amex,1,140,3,0.068,0,1,0.99,0,0,0
pay_Zom1277874,252,upi,none,1,28,0,0.22,0,1,0.15,0,0,0
pay_Zom4394845,3360,upi,none,0,152,22,0.1,0,1,5.24,0,0,0
pay_Zom9769641,252,upi,none,0,106,4,0.117,0,1,1.1,0,0,0
pay_Zom9461748,252,upi,none,0,113,18,0.02,0,1,2.95,0,0,0
pay_Zom8042991,252,card,amex,0,43,3,0.101,1,1,2.16,0,0,0
pay_Zom3509220,252,upi,none,0,20,3,0.104,1,1,2.27,0,0,0
pay_Zom2615622,2059,upi,none,1,117,10,0.159,0,2,3.83,0,1,1
pay_Zom3976650,252,card,mastercard,1,105,11,0.123,0,1,1.85,0,0,0
pay_Zom8983760,3360,netbanking,none,0,49,3,0.093,1,1,1.01,1,1,1
pay_Zom1654924,252,upi,none,1,42,5,0.067,0,1,1.84,0,0,0
pay_Zom9915915,252,card,mastercard,1,51,3,0.201,1,1,6.08,0,0,0
pay_Zom9444462,2059,upi,none,0,80,4,0.091,0,2,2.89,0,0,0
pay_Zom2971598,252,card,amex,0,441,14,0.042,0,2,13.15,0,0,0
pay_Zom2563468,3360,card,visa,0,173,5,0.362,0,1,5.38,0,1,1
pay_Zom9090660,3360,card,rupay,1,229,15,0.143,0,1,6.11,0,0,0
pay_Zom3186555,2059,upi,none,1,84,11,0.101,0,1,5.34,0,0,0
pay_Zom1020136,2059,upi,none,0,89,4,0.071,0,1,2.04,0,0,0
pay_Zom8239315,252,upi,none,0,27,1,0.007,0,1,5.7,0,0,0
pay_Zom9758448,3360,upi,none,1,153,25,0.083,0,1,3.49,0,0,0
pay_Zom8057906,252,upi,none,1,65,7,0.006,0,1,0.9,0,0,0
pay_Zom7213902,2059,card,amex,0,162,27,0.14,0,1,0.35,0,0,0
pay_Zom1728773,3360,upi,none,0,63,10,0.505,0,1,2.42,0,1,1
pay_Zom9888846,3360,upi,none,1,13,0,0.09,0,1,3.06,0,0,0
pay_Zom8196691,2059,card,visa,0,22,3,0.063,0,1,1.5,0,0,0
pay_Zom4850140,252,card,rupay,0,200,5,0.344,0,1,3.48,0,1,1
pay_Zom9088689,3360,upi,none,1,35,5,0.093,0,1,0.57,0,0,0
pay_Zom7396087,2059,upi,none,0,36,3,0.048,0,1,5.75,0,0,0
pay_Zom6880713,3360,netbanking,none,1,318,33,0.086,0,2,1.79,0,0,0
pay_Zom2639417,2059,card,mastercard,0,128,17,0.094,0,2,4.53,0,0,0
pay_Zom8138527,252,upi,none,0,14,2,0.01,0,1,6.71,0,1,1
pay_Zom3246185,252,upi,none,0,18,2,0.314,0,3,0.96,0,1,1
pay_Zom5270103,252,upi,none,0,38,3,0.157,0,1,2.76,0,0,0
pay_Zom9005101,2059,card,visa,0,108,4,0.002,0,1,0.47,0,0,0
pay_Zom4900918,252,upi,none,0,167,24,0.023,0,1,0.15,0,0,0
pay_Zom2406225,252,upi,none,0,38,1,0.014,0,1,0.14,0,0,0
pay_Zom5752426,252,upi,none,1,245,33,0.054,0,1,10.5,0,0,0
pay_Zom7855954,2059,card,visa,0,13,1,0.018,1,1,0.16,0,0,0
pay_Zom5325249,252,upi,none,0,27,2,0.042,2,2,3.23,0,0,0
pay_Zom4171246,252,upi,none,0,422,49,0.066,0,2,0.21,0,0,0
pay_Zom1091762,252,netbanking,none,0,17,2,0.35,1,1,4.39,0,1,1
pay_Zom1119354,252,upi,none,0,262,44,0.002,2,1,2.35,0,0,0
pay_Zom9766777,252,upi,none,0,146,9,0.105,0,1,0.82,0,0,0
pay_Zom2976835,252,card,amex,1,9,1,0.1,0,1,3.24,0,1,1
pay_Zom9720156,252,upi,none,0,79,13,0.05,0,1,1.42,0,0,0
pay_Zom1120696,3360,card,rupay,0,87,13,0.111,1,1,0.58,0,0,0
pay_Zom7291957,2059,upi,none,0,322,51,0.185,0,1,4.71,0,0,0
pay_Zom4446353,252,upi,none,0,65,8,0.044,1,1,1.68,0,0,0
pay_Zom6299951,3360,netbanking,none,0,71,1,0.244,0,1,2.22,0,0,0
pay_Zom7859282,252,upi,none,1,14,1,0.089,0,1,0.14,0,0,0
pay_Zom7077878,2059,card,amex,0,122,17,0.006,0,1,2.9,0,0,0
pay_Zom2788169,2059,upi,none,0,28,4,0.078,0,2,2.52,0,0,0
pay_Zom3596753,252,upi,none,0,9,1,0.645,0,1,4.83,0,1,1
pay_Zom8148295,252,card,mastercard,1,693,101,0.109,0,1,2.28,0,0,0
pay_Zom5255251,252,upi,none,0,37,4,0.17,0,1,6.5,0,0,0
pay_Zom5383935,252,upi,none,0,18,1,0.004,0,1,1.5,0,0,0
pay_Zom9994347,2059,upi,none,0,144,6,0.038,1,1,4.81,0,0,0
pay_Zom8106183,252,upi,none,1,206,28,0.016,1,1,0.97,0,0,0
pay_Zom7134489,252,card,mastercard,0,7,0,0.053,0,1,6.96,0,0,0
pay_Zom5623138,252,card,rupay,0,13,0,0.309,0,1,1.52,0,1,1
pay_Zom7668174,252,card,rupay,1,11,1,0.079,0,1,4.67,0,0,0
pay_Zom4417412,252,card,rupay,0,5,0,0.006,1,1,5.71,0,0,0
pay_Zom7932818,252,upi,none,0,129,14,0.008,0,1,0.63,0,0,0
pay_Zom9094465,2059,upi,none,0,106,17,0.15,0,1,5.65,0,0,0
pay_Zom3998417,252,card,amex,1,130,6,0.219,0,1,1.2,0,0,0
pay_Zom7211142,252,upi,none,0,84,5,0.397,0,1,3.17,0,1,1
pay_Zom9116148,2059,upi,none,0,204,24,0.028,0,1,2.58,0,0,0
pay_Zom5257682,252,netbanking,none,1,94,14,0.02,0,1,3.08,0,0,0
pay_Zom6144785,2059,upi,none,0,301,31,0.013,0,1,5.44,0,0,0
pay_Zom6777340,2059,upi,none,0,79,1,0.108,0,1,6.23,0,0,0
pay_Zom7679508,252,upi,none,1,187,23,0.028,0,1,1.01,0,0,0
pay_Zom3316405,252,card,rupay,0,62,9,0.032,0,1,0.73,0,0,0
pay_Zom2997927,252,upi,none,0,68,4,0.058,0,1,0.31,0,0,0
pay_Zom4854922,252,upi,none,0,226,6,0.126,1,1,4.28,0,0,0
pay_Zom8492618,252,netbanking,none,0,13,1,0.034,0,1,2.26,0,0,0
pay_Zom3714471,252,card,rupay,1,99,2,0.147,1,1,0.57,0,0,0
pay_Zom2682396,252,card,amex,0,155,13,0.003,0,1,2.31,0,0,0
pay_Zom4598010,252,upi,none,0,166,3,0.2,0,1,14.6,0,0,0
pay_Zom9528589,2059,upi,none,1,107,5,0.038,0,1,2.86,0,0,0
pay_Zom7720296,252,upi,none,0,71,5,0.117,0,1,7.2,0,0,0
pay_Zom6678044,252,upi,none,0,36,1,0.14,0,1,0.32,0,0,0
pay_Zom1873301,252,upi,none,0,288,11,0.151,0,1,8.13,0,0,0
pay_Zom3696736,2059,upi,none,0,55,8,0.092,0,6,2.86,0,0,0
pay_Zom7528076,252,upi,none,0,192,5,0.116,0,1,2.72,0,0,0
pay_Zom1088762,2059,card,mastercard,0,3,0,0.08,0,1,0.52,0,0,0
pay_Zom2528212,252,card,mastercard,0,31,4,0.002,0,1,2.14,0,0,0
pay_Zom3438206,2059,upi,none,0,50,2,0.055,0,1,2.32,0,1,1
pay_Zom8913286,252,upi,none,0,133,6,0.008,0,1,0.53,0,0,0
pay_Zom8304421,252,upi,none,0,46,5,0.077,0,2,1.43,0,0,0
pay_Zom2478755,252,upi,none,0,5,0,0.059,1,1,7.39,0,0,0
pay_Zom2075091,252,upi,none,0,22,2,0.176,0,1,0.12,0,0,0
pay_Zom5413951,252,upi,none,0,35,5,0.093,0,1,2.6,0,0,0
pay_Zom4720687,252,card,visa,0,23,0,0.092,0,1,5.33,0,0,0
pay_Zom7221581,2059,card,mastercard,0,27,3,0.157,0,1,12.02,0,0,0
pay_Zom2342843,3360,upi,none,0,175,29,0.042,0,1,3.76,0,0,0
pay_Zom1633429,252,card,rupay,0,63,1,0.028,0,1,0.14,0,0,0
pay_Zom7447920,252,card,mastercard,0,62,1,0.056,0,1,4.44,0,1,1
pay_Zom7721705,252,card,amex,0,407,44,0.014,0,1,4.57,0,0,0
pay_Zom9741022,2059,upi,none,1,71,12,0.106,0,1,2.7,0,0,0
pay_Zom5806156,252,upi,none,1,315,17,0.309,0,1,1.66,0,1,1
pay_Zom1964069,3360,card,mastercard,0,42,3,0.129,0,1,2.03,0,0,0
pay_Zom3940561,252,upi,none,0,61,2,0.09,0,1,10.16,0,0,0
pay_Zom9294125,252,card,mastercard,0,60,4,0.133,0,1,7.64,0,0,0
pay_Zom8364728,2059,netbanking,none,1,94,2,0.149,0,1,1.17,0,0,0
pay_Zom1179690,2059,card,visa,1,105,8,0.02,0,2,0.27,0,1,1
pay_Zom4384085,252,upi,none,0,34,3,0.21,1,1,4.78,0,0,0
pay_Zom9693169,252,upi,none,1,189,33,0.106,1,2,2.66,0,1,1
pay_Zom5798393,3360,card,visa,0,82,12,0.061,0,1,3.58,0,0,0
pay_Zom4267304,252,netbanking,none,0,0,0,0.046,0,1,10.08,0,0,0
pay_Zom1563871,2059,upi,none,1,107,6,0.257,0,1,10.02,0,1,1
pay_Zom9565571,252,card,rupay,0,191,6,0.115,0,1,6.21,0,0,0
pay_Zom9653916,2059,card,amex,1,34,3,0.179,1,2,1.08,0,1,1
pay_Zom4886793,2059,upi,none,0,4,0,0.201,0,1,5.66,0,0,0
pay_Zom3843451,252,card,rupay,0,197,20,0.169,0,1,6.57,0,0,0
pay_Zom1605005,2059,upi,none,0,448,16,0.036,1,1,0.0,0,0,0
pay_Zom7035435,252,upi,none,0,9,0,0.454,0,1,1.84,0,1,1
pay_Zom5014060,252,upi,none,0,333,14,0.453,0,1,1.31,0,1,1
pay_Zom1004819,252,card,amex,0,53,4,0.143,0,2,6.5,0,1,1
pay_Zom3641484,252,card,amex,0,340,10,0.148,0,1,0.4,0,1,1
pay_Zom2456980,2059,upi,none,0,125,19,0.049,0,1,3.41,0,0,0
pay_Zom5629452,252,card,visa,1,265,5,0.087,0,1,2.49,0,0,0
pay_Zom7701385,252,card,mastercard,0,184,31,0.02,0,1,9.07,0,0,0
pay_Zom6924499,252,card,mastercard,0,3,0,0.11,1,1,2.25,0,0,0
pay_Zom7629401,252,upi,none,0,8,1,0.015,0,2,0.28,0,0,0
pay_Zom7802338,252,upi,none,0,89,15,0.024,0,1,7.7,0,0,0
pay_Zom4360650,2059,upi,none,0,16,0,0.112,0,1,3.22,0,0,0
pay_Zom9686281,3360,card,visa,0,74,9,0.001,0,1,3.86,0,0,0
pay_Zom1257807,2059,upi,none,0,371,57,0.393,0,1,4.46,0,1,1
pay_Zom2151205,252,netbanking,none,0,41,1,0.15,0,1,6.16,0,0,0
pay_Zom2512732,252,card,rupay,0,80,9,0.215,0,1,4.7,0,0,0
pay_Zom5773013,252,card,mastercard,1,58,4,0.039,0,1,1.04,0,0,0
pay_Zom6840069,252,card,rupay,0,119,10,0.132,0,1,11.1,0,0,0
pay_Zom6829664,252,upi,none,1,25,4,0.278,0,3,0.55,1,1,1
pay_Zom5639031,252,card,mastercard,0,36,3,0.022,0,1,1.87,0,0,0
pay_Zom4796608,252,upi,none,0,234,8,0.073,0,2,2.66,0,0,0
pay_Zom4263591,3360,card,rupay,0,200,33,0.095,0,2,0.19,0,0,0
pay_Zom8629590,252,card,amex,1,186,9,0.081,0,1,0.47,0,1,1
pay_Zom7777264,252,card,amex,0,176,28,0.06,0,2,0.73,0,0,0
pay_Zom1078038,252,card,mastercard,0,73,12,0.283,0,1,7.15,0,1,1
pay_Zom5380657,252,upi,none,0,156,25,0.003,0,1,3.22,0,0,0
pay_Zom3936596,2059,upi,none,0,58,7,0.164,0,1,0.37,0,0,0
pay_Zom7830585,252,card,rupay,1,12,1,0.089,0,1,4.62,0,1,1
pay_Zom9493265,252,upi,none,1,59,7,0.043,0,1,2.13,0,0,0
pay_Zom2786185,252,upi,none,1,20,1,0.127,0,1,0.61,0,0,0
pay_Zom2214435,252,upi,none,0,59,3,0.076,0,2,2.89,0,0,0
pay_Zom9441777,252,upi,none,1,42,2,0.112,0,1,1.7,0,0,0
pay_Zom5936726,2059,upi,none,0,109,14,0.148,0,3,3.66,0,0,0
pay_Zom6703681,2059,card,rupay,0,53,6,0.076,0,6,13.75,0,0,0
pay_Zom2963085,2059,upi,none,1,146,16,0.094,0,1,4.55,0,0,0
pay_Zom9611521,252,upi,none,0,86,10,0.187,0,1,2.51,0,0,0
pay_Zom5323377,2059,netbanking,none,0,302,43,0.223,0,3,3.32,1,1,1
pay_Zom5196677,252,upi,none,0,11,1,0.328,0,1,5.2,0,1,1
pay_Zom8428425,252,upi,none,0,139,5,0.045,0,1,0.91,0,0,0
pay_Zom7326357,2059,card,amex,0,133,10,0.096,1,1,0.51,0,0,0
pay_Zom9113963,252,card,rupay,0,361,22,0.018,0,1,3.0,0,0,0
pay_Zom5081447,252,upi,none,1,55,5,0.1,0,1,4.79,0,0,0
pay_Zom6698561,2059,netbanking,none,1,43,1,0.103,0,1,1.92,0,0,0
pay_Zom8698199,252,netbanking,none,1,22,3,0.094,0,1,0.75,0,0,0
pay_Zom8729606,252,upi,none,0,36,1,0.05,0,1,3.56,0,0,0
pay_Zom1458868,252,upi,none,1,83,5,0.026,2,1,3.95,0,0,0
pay_Zom9086117,2059,card,visa,1,218,31,0.159,0,1,5.44,0,0,0
pay_Zom2950658,3360,upi,none,0,40,1,0.001,0,1,3.09,0,0,0
pay_Zom5325497,2059,upi,none,0,20,2,0.039,0,1,1.59,0,0,0
pay_Zom2133372,252,card,rupay,0,38,6,0.099,0,2,0.87,0,0,0
pay_Zom7420191,252,upi,none,0,12,1,0.127,0,1,0.15,0,0,0
pay_Zom4697401,252,upi,none,0,313,41,0.094,0,1,1.79,0,0,0
pay_Zom4857587,252,upi,none,0,247,36,0.006,1,2,5.15,0,0,0
pay_Zom6297082,252,card,amex,0,44,2,0.03,0,1,4.89,0,0,0
pay_Zom7919359,252,upi,none,0,34,3,0.064,1,2,9.97,0,0,0
pay_Zom6923972,252,upi,none,0,282,19,0.03,0,1,0.06,0,0,0
pay_Zom9665502,3360,upi,none,1,0,0,0.072,0,1,0.68,1,0,1
pay_Zom9986747,252,upi,none,1,110,5,0.061,1,1,3.79,0,0,0
pay_Zom1163128,252,netbanking,none,0,297,33,0.077,0,1,2.73,0,0,0
pay_Zom5418274,252,netbanking,none,0,85,12,0.231,0,6,4.43,0,1,1
pay_Zom5165071,3360,upi,none,0,0,0,0.103,0,1,1.72,1,0,1
pay_Zom5819919,2059,card,visa,0,29,2,0.007,0,1,1.52,0,0,0
pay_Zom2560439,2059,card,visa,0,306,24,0.103,0,1,4.2,0,0,0
pay_Zom7692945,3360,card,rupay,1,2,0,0.041,0,1,1.84,0,1,1
pay_Zom6737688,252,upi,none,0,60,8,0.156,0,1,1.05,0,0,0
pay_Zom2275551,252,upi,none,1,187,11,0.16,0,1,1.26,0,0,0
pay_Zom3994493,252,card,amex,1,218,14,0.078,0,1,0.87,0,0,0
pay_Zom8995273,252,upi,none,0,77,8,0.026,0,1,0.04,0,0,0
pay_Zom6265911,252,upi,none,0,31,2,0.08,0,1,4.12,0,0,0
pay_Zom6931382,252,upi,none,0,109,14,0.038,1,1,4.65,0,0,0
pay_Zom4666931,3360,netbanking,none,0,36,3,0.163,0,1,5.49,0,0,0
pay_Zom5514342,3360,upi,none,0,35,1,0.006,0,1,0.69,0,0,0
pay_Zom4066614,2059,upi,none,1,197,9,0.153,0,1,8.59,0,0,0
pay_Zom4190481,2059,upi,none,1,20,3,0.158,0,1,1.41,0,0,0
pay_Zom9371819,2059,card,amex,1,0,0,0.184,1,1,7.87,0,0,0
pay_Zom4349848,252,upi,none,0,49,1,0.138,0,1,1.11,0,0,0
pay_Zom4940319,252,upi,none,0,81,11,0.041,0,1,0.15,0,0,0
pay_Zom5061034,2059,upi,none,0,146,18,0.061,0,1,2.56,0,0,0
pay_Zom5452763,2059,upi,none,0,182,21,0.008,0,1,2.64,0,0,0
pay_Zom4469169,252,upi,none,0,130,13,0.137,1,1,8.09,0,0,0
pay_Zom4845464,3360,upi,none,0,118,20,0.243,0,1,3.88,0,0,0
pay_Zom4401858,252,card,amex,0,131,5,0.062,1,1,6.13,0,0,0
pay_Zom5189194,252,upi,none,1,38,3,0.157,0,1,6.71,0,0,0
pay_Zom6973148,2059,card,visa,1,57,6,0.003,0,1,2.34,0,0,0
pay_Zom3617171,252,upi,none,0,114,2,0.025,0,2,8.36,0,0,0
pay_Zom2789949,252,upi,none,1,8,0,0.258,0,1,4.5,0,0,0
pay_Zom3011227,252,upi,none,0,42,6,0.006,0,2,0.41,0,1,1
pay_Zom2316802,2059,upi,none,0,62,5,0.349,0,1,1.0,0,1,1
pay_Zom9265544,252,upi,none,1,91,14,0.29,0,1,0.38,0,1,1
pay_Zom1111126,2059,upi,none,0,79,9,0.151,0,1,3.07,0,0,0
pay_Zom1709057,252,card,amex,1,151,21,0.193,0,2,0.88,0,1,1
pay_Zom9091518,252,upi,none,0,76,11,0.501,0,1,9.98,0,1,1
pay_Zom7227644,3360,upi,none,1,281,36,0.018,0,1,7.83,0,0,0
pay_Zom6291817,252,upi,none,1,57,7,0.136,0,2,5.55,0,0,0
pay_Zom9260100,3360,upi,none,0,89,11,0.179,0,1,7.35,0,0,0
pay_Zom5609255,252,upi,none,0,0,0,0.204,0,1,6.47,0,0,0
pay_Zom9234347,3360,upi,none,0,44,4,0.084,0,1,0.67,0,0,0
pay_Zom4068080,252,upi,none,0,241,12,0.059,0,1,0.33,0,0,0
pay_Zom9575399,252,upi,none,0,48,7,0.007,1,1,4.19,0,0,0
pay_Zom5702093,252,upi,none,1,35,2,0.204,0,1,1.47,0,0,0
pay_Zom7675310,252,upi,none,0,94,9,0.053,0,1,3.44,0,0,0
pay_Zom4726098,2059,upi,none,1,9,0,0.113,0,1,3.52,0,0,0
pay_Zom3151610,252,upi,none,1,91,11,0.016,0,1,6.83,0,0,0
pay_Zom1908455,252,upi,none,0,43,7,0.074,0,1,0.62,0,0,0
pay_Zom9820377,252,upi,none,0,57,8,0.073,0,1,7.57,0,0,0
pay_Zom8099712,252,upi,none,0,188,22,0.018,0,1,1.37,0,0,0
pay_Zom9024879,2059,upi,none,0,130,14,0.026,0,1,7.75,0,0,0
pay_Zom1546310,252,upi,none,0,70,6,0.054,0,1,0.8,0,0,0
pay_Zom9430135,2059,upi,none,0,103,5,0.101,0,1,0.61,0,0,0
pay_Zom6826541,2059,upi,none,0,174,13,0.068,0,1,3.35,0,0,0
pay_Zom7605473,2059,upi,none,0,164,13,0.059,0,3,8.2,0,0,0
pay_Zom3932663,252,upi,none,1,24,4,0.007,0,2,2.33,0,1,1
pay_Zom8670476,2059,card,visa,1,42,3,0.178,0,1,0.3,0,0,0
pay_Zom3019442,3360,card,visa,0,51,5,0.451,0,1,7.15,1,1,1
pay_Zom9694039,2059,upi,none,0,24,4,0.017,1,1,2.41,0,0,0
pay_Zom8718703,252,card,mastercard,1,1,0,0.109,0,1,2.46,0,1,1
pay_Zom6295749,2059,upi,none,1,22,1,0.07,1,1,0.85,0,0,0
pay_Zom1141240,2059,upi,none,0,198,16,0.201,1,1,0.77,0,0,0
pay_Zom1198306,2059,netbanking,none,0,94,7,0.079,0,1,3.29,0,0,0
pay_Zom4535838,252,card,rupay,0,50,6,0.197,0,1,1.97,0,0,0
pay_Zom7365745,252,netbanking,none,0,112,7,0.18,0,1,0.56,0,1,1
pay_Zom2690268,2059,upi,none,0,161,22,0.009,0,1,13.24,0,0,0
pay_Zom6459913,252,upi,none,0,52,8,0.015,0,1,0.17,0,0,0
pay_Zom7066680,2059,upi,none,0,75,5,0.002,0,1,0.16,0,0,0
pay_Zom5357055,252,upi,none,0,7,0,0.193,0,1,13.46,0,0,0
pay_Zom4139896,252,upi,none,0,109,13,0.08,1,1,0.88,0,0,0
pay_Zom5409875,252,card,amex,0,52,4,0.061,0,1,0.05,0,0,0
pay_Zom4978534,252,upi,none,1,68,7,0.094,0,3,1.77,0,1,1
pay_Zom5519920,3360,upi,none,0,65,7,0.071,0,1,0.86,0,0,0
pay_Zom8907862,2059,upi,none,1,120,10,0.007,0,1,5.74,0,0,0
pay_Zom6756203,2059,upi,none,0,101,16,0.049,0,2,1.02,0,0,0
pay_Zom7139188,252,upi,none,0,65,5,0.192,0,1,5.95,0,0,0
pay_Zom4085559,2059,netbanking,none,0,2,0,0.0,0,1,2.65,0,0,0
pay_Zom9367972,2059,upi,none,0,116,18,0.003,0,1,5.72,0,0,0
pay_Zom8112581,252,upi,none,0,254,10,0.076,0,1,3.33,0,0,0
pay_Zom4532148,252,card,visa,0,176,7,0.063,0,1,4.93,0,0,0
pay_Zom8031212,2059,netbanking,none,1,479,81,0.016,0,1,2.15,0,0,0
pay_Zom7246319,2059,card,rupay,1,17,0,0.213,0,1,1.91,0,0,0
pay_Zom7124992,3360,card,visa,0,30,1,0.139,1,1,2.12,0,0,0
pay_Zom7720828,252,upi,none,1,92,9,0.032,0,1,4.76,0,0,0
pay_Zom5691405,2059,netbanking,none,0,32,0,0.016,0,1,2.04,0,0,0
pay_Zom8561977,252,upi,none,0,4,0,0.159,0,1,1.21,0,0,0
pay_Zom4018040,252,card,rupay,0,61,5,0.008,0,2,5.82,0,0,0
pay_Zom3200150,252,card,visa,0,40,4,0.031,0,1,1.88,0,0,0
pay_Zom4834713,252,upi,none,0,36,2,0.132,0,1,2.07,0,0,0
pay_Zom2675536,252,upi,none,0,367,60,0.181,1,1,0.3,0,0,0
pay_Zom5528994,252,upi,none,0,32,2,0.173,0,1,1.6,0,0,0
pay_Zom4956154,2059,card,amex,0,16,1,0.161,0,1,6.05,0,0,0
pay_Zom8251427,2059,upi,none,0,16,2,0.12,0,1,3.86,0,0,0
pay_Zom7390162,252,card,mastercard,0,196,16,0.262,0,1,0.49,0,0,0
pay_Zom4289394,3360,upi,none,0,150,6,0.112,1,1,2.22,0,0,0
pay_Zom3446851,252,upi,none,0,16,0,0.109,0,1,9.09,0,0,0
pay_Zom3509000,252,card,mastercard,1,29,5,0.431,0,2,0.92,0,1,1
pay_Zom8935405,2059,upi,none,0,165,23,0.015,0,1,6.1,0,0,0
pay_Zom1163448,252,upi,none,0,38,6,0.011,0,1,2.91,0,0,0
pay_Zom3962978,252,upi,none,0,479,63,0.108,1,1,1.54,0,0,0
pay_Zom8071943,252,card,mastercard,1,93,6,0.221,0,1,12.46,0,0,0
pay_Zom9381860,252,netbanking,none,0,25,0,0.081,0,2,4.47,0,0,0
pay_Zom3256060,2059,netbanking,none,0,234,39,0.041,0,1,1.34,0,0,0
pay_Zom9673937,252,card,visa,0,46,4,0.226,0,1,0.76,0,0,0
pay_Zom9958741,252,upi,none,1,40,3,0.069,0,2,7.37,0,1,1
pay_Zom6297024,252,upi,none,0,47,5,0.105,0,1,3.13,0,0,0
pay_Zom9164132,2059,upi,none,0,175,6,0.062,0,3,0.13,1,1,1
pay_Zom6033738,252,upi,none,0,22,1,0.107,0,1,1.95,0,0,0
pay_Zom5210645,2059,upi,none,0,57,6,0.103,0,2,2.05,0,0,0
pay_Zom1800429,252,upi,none,0,3,0,0.243,1,1,5.23,0,0,0
pay_Zom7684074,252,upi,none,1,210,8,0.017,0,6,0.95,1,1,1
pay_Zom2660521,252,upi,none,0,49,4,0.077,0,1,2.14,0,0,0
pay_Zom3740422,252,card,rupay,0,34,4,0.026,0,1,0.29,0,0,0
pay_Zom2007243,252,netbanking,none,0,104,5,0.005,1,1,0.46,0,0,0
pay_Zom4614941,252,upi,none,0,146,3,0.121,1,2,5.53,0,0,0
pay_Zom5266272,3360,card,amex,0,201,34,0.021,1,1,2.6,0,0,0
pay_Zom8995004,252,card,amex,0,51,1,0.058,1,1,1.71,0,0,0
pay_Zom2615677,2059,upi,none,0,200,4,0.047,0,1,1.08,0,1,1
pay_Zom8547311,252,upi,none,0,75,5,0.035,0,2,11.6,0,1,1
pay_Zom6614605,252,upi,none,0,12,0,0.012,0,1,2.21,0,0,0
pay_Zom5358202,252,upi,none,1,224,25,0.002,0,2,2.9,0,1,1
pay_Zom7055937,3360,card,visa,0,95,15,0.12,0,1,14.56,0,0,0
pay_Zom7044941,252,netbanking,none,1,110,10,0.189,0,3,4.89,0,1,1
pay_Zom5323737,252,netbanking,none,0,332,47,0.11,0,1,1.66,0,0,0
pay_Zom6773715,252,upi,none,0,98,16,0.161,0,1,2.85,0,0,0
pay_Zom1332781,252,netbanking,none,0,0,0,0.201,0,1,1.76,0,0,0
pay_Zom7908201,252,upi,none,0,245,24,0.216,0,1,2.82,0,0,0
pay_Zom3034027,252,card,mastercard,0,40,4,0.012,0,1,3.64,0,0,0
pay_Zom6890320,252,upi,none,1,83,6,0.152,0,1,12.96,0,0,0
pay_Zom4337963,252,upi,none,1,27,3,0.001,0,1,4.6,0,0,0
pay_Zom3928275,2059,upi,none,0,42,5,0.051,0,1,4.18,0,0,0
pay_Zom5774942,252,card,visa,1,139,12,0.029,0,1,0.36,0,0,0
pay_Zom6957741,252,upi,none,0,67,2,0.4,0,2,1.35,0,1,1
pay_Zom6454109,252,upi,none,1,118,2,0.006,0,1,1.15,0,0,0
pay_Zom9563838,2059,netbanking,none,0,208,16,0.235,0,1,0.37,0,0,0
pay_Zom9178787,252,netbanking,none,1,50,1,0.112,0,1,7.19,0,0,0
pay_Zom8498243,252,upi,none,0,100,14,0.077,0,1,5.87,0,0,0
pay_Zom2315459,252,card,rupay,1,180,13,0.23,0,2,5.47,0,0,0
pay_Zom7393310,252,upi,none,0,150,18,0.028,0,2,0.68,0,1,1
pay_Zom5807067,252,upi,none,0,93,7,0.241,1,2,3.2,0,0,0
pay_Zom8780468,2059,upi,none,0,58,8,0.135,0,1,2.62,0,1,1
pay_Zom3430151,2059,upi,none,1,62,10,0.025,0,1,3.32,0,0,0
pay_Zom3811450,2059,upi,none,0,68,10,0.031,0,1,5.42,0,0,0
pay_Zom6660436,252,upi,none,0,51,4,0.048,0,2,0.35,0,0,0
pay_Zom8076906,252,upi,none,0,144,4,0.097,0,1,0.74,0,0,0
pay_Zom7790959,252,card,mastercard,1,16,1,0.233,0,1,1.16,0,0,0
pay_Zom2196955,252,card,visa,0,411,36,0.026,0,1,2.23,0,0,0
pay_Zom2327277,252,upi,none,0,181,31,0.109,0,1,3.08,0,0,0
pay_Zom3717900,2059,upi,none,1,42,4,0.024,0,1,1.27,0,0,0
pay_Zom6765079,252,upi,none,0,5,0,0.064,0,1,0.41,0,0,0
pay_Zom4828861,252,card,rupay,0,149,21,0.06,0,1,2.48,0,1,1
pay_Zom6259356,252,upi,none,0,159,17,0.163,0,1,0.21,1,0,1
pay_Zom6316334,252,upi,none,1,397,45,0.023,1,1,1.58,0,0,0
pay_Zom5888148,252,upi,none,0,35,2,0.009,0,2,0.16,0,0,0
pay_Zom5487442,2059,upi,none,0,10,0,0.17,2,1,0.86,0,0,0
pay_Zom7634639,252,upi,none,1,296,40,0.038,0,1,0.41,0,0,0
pay_Zom5550787,2059,netbanking,none,0,35,5,0.141,0,1,2.07,0,0,0
pay_Zom8464156,2059,card,mastercard,1,153,13,0.086,0,1,0.94,0,0,0
pay_Zom7092894,2059,upi,none,0,7,0,0.179,0,1,0.2,0,0,0
pay_Zom9739850,252,upi,none,0,171,11,0.017,0,1,1.24,0,0,0
pay_Zom8554590,252,card,amex,0,16,1,0.018,0,1,7.81,0,0,0
pay_Zom7945583,252,upi,none,0,142,7,0.024,0,2,6.47,0,0,0
pay_Zom3807132,2059,upi,none,0,91,12,0.044,1,1,7.5,0,0,0
pay_Zom4085098,252,card,rupay,0,373,36,0.068,0,1,1.74,0,0,0
pay_Zom1387572,2059,card,amex,1,4,0,0.126,0,1,7.39,0,1,1
pay_Zom3097821,252,upi,none,0,41,1,0.21,0,2,10.59,0,0,0
pay_Zom4936391,252,upi,none,1,8,0,0.348,0,1,11.1,0,1,1
pay_Zom5221936,252,netbanking,none,0,253,13,0.244,0,1,0.46,0,0,0
pay_Zom2343263,252,netbanking,none,0,108,8,0.128,1,1,6.07,0,0,0
pay_Zom4532803,252,card,rupay,1,91,7,0.042,0,2,1.44,0,0,0
pay_Zom3800292,2059,netbanking,none,0,16,1,0.087,0,1,2.09,0,0,0
pay_Zom7661319,2059,upi,none,1,80,4,0.233,0,1,3.73,0,0,0
pay_Zom2728209,2059,upi,none,0,61,9,0.011,0,1,4.96,0,0,0
pay_Zom2603125,2059,upi,none,0,45,3,0.099,0,2,8.05,0,0,0
pay_Zom2070258,2059,upi,none,0,177,20,0.337,0,1,11.08,0,0,0
pay_Zom8938740,252,upi,none,0,7,0,0.066,0,1,5.14,0,0,0
pay_Zom1903041,2059,upi,none,0,124,14,0.155,0,1,0.96,0,0,0
pay_Zom1442329,252,card,mastercard,1,207,22,0.12,0,6,2.49,0,0,0
pay_Zom7660764,252,card,visa,0,285,43,0.336,0,1,1.48,0,1,1
pay_Zom9790972,2059,upi,none,0,164,24,0.464,1,1,7.01,0,1,1
pay_Zom2396723,252,upi,none,1,39,3,0.122,1,3,2.39,0,1,1
pay_Zom2743629,252,upi,none,1,110,13,0.047,0,1,6.8,0,0,0
pay_Zom5403218,252,upi,none,0,18,0,0.03,0,1,12.81,0,0,0
pay_Zom3605071,252,card,visa,0,14,0,0.063,1,1,1.19,0,0,0
pay_Zom2414508,3360,upi,none,0,122,11,0.021,0,1,0.1,0,0,0
pay_Zom7540534,252,upi,none,0,228,37,0.066,0,1,0.84,0,0,0
pay_Zom6190378,252,upi,none,0,8,0,0.187,0,1,3.57,0,0,0
pay_Zom4847954,252,card,visa,1,13,1,0.242,1,1,5.8,0,0,0
pay_Zom5150624,252,card,visa,0,100,4,0.187,0,1,4.83,0,0,0
pay_Zom5767670,3360,card,rupay,0,29,2,0.122,1,1,5.69,0,0,0
pay_Zom8434998,252,upi,none,1,113,9,0.015,0,1,9.05,0,1,1
pay_Zom3120836,252,upi,none,0,28,4,0.156,1,1,0.89,0,0,0
pay_Zom3202464,2059,upi,none,1,14,0,0.012,0,1,0.18,0,0,0
pay_Zom9837269,3360,upi,none,0,94,9,0.155,1,1,1.39,0,0,0
pay_Zom3862327,2059,upi,none,0,237,39,0.168,0,1,6.73,0,0,0
pay_Zom1479346,2059,upi,none,1,138,22,0.042,0,1,4.55,0,0,0
pay_Zom1589802,252,upi,none,0,204,31,0.054,0,1,0.12,0,0,0
pay_Zom6986802,252,upi,none,1,37,2,0.013,0,1,0.59,0,0,0
pay_Zom6455972,252,upi,none,0,260,44,0.154,0,1,9.29,0,0,0
pay_Zom8988550,2059,upi,none,1,56,8,0.088,0,1,2.4,0,0,0
pay_Zom8838205,252,netbanking,none,0,229,35,0.149,0,1,3.58,0,0,0
pay_Zom5570355,252,card,visa,0,76,12,0.007,0,1,0.35,0,0,0
pay_Zom8463259,252,upi,none,0,37,6,0.05,0,1,3.01,0,0,0
pay_Zom3266851,252,upi,none,0,36,2,0.016,0,1,6.55,0,0,0
pay_Zom3970181,252,card,visa,0,100,4,0.074,0,1,8.15,0,0,0
pay_Zom8659527,3360,upi,none,0,9,1,0.155,0,1,2.1,0,0,0
pay_Zom8297709,252,card,rupay,0,319,35,0.135,1,1,3.09,0,0,0
pay_Zom9782198,2059,upi,none,0,38,2,0.186,0,1,4.58,0,0,0
pay_Zom9955411,2059,netbanking,none,1,49,6,0.039,0,1,1.78,0,0,0
pay_Zom6195254,252,card,rupay,0,31,0,0.008,0,1,1.21,0,0,0
pay_Zom6824517,252,card,mastercard,0,0,0,0.196,2,1,0.33,0,0,0
pay_Zom9080774,252,card,rupay,0,141,10,0.14,1,1,0.76,0,0,0
pay_Zom4810582,252,upi,none,0,107,5,0.039,0,1,14.2,0,0,0
pay_Zom2502467,2059,upi,none,1,199,26,0.084,0,1,7.17,0,0,0
pay_Zom8413185,252,upi,none,0,5,0,0.023,0,1,1.49,0,0,0
pay_Zom6165171,252,upi,none,0,316,39,0.064,0,1,6.21,0,0,0
pay_Zom7136825,252,upi,none,0,48,5,0.142,0,1,5.07,0,0,0
pay_Zom7915632,3360,upi,none,1,293,6,0.196,0,2,11.99,0,0,0
pay_Zom5358838,2059,card,amex,0,13,1,0.067,1,1,0.14,0,0,0
pay_Zom3612506,2059,upi,none,1,163,24,0.156,0,1,3.03,0,0,0
pay_Zom6093108,2059,upi,none,0,103,12,0.055,0,1,4.22,0,0,0
pay_Zom1177097,252,upi,none,1,53,2,0.115,1,1,6.19,0,0,0
pay_Zom1001549,2059,upi,none,0,9,1,0.144,0,1,5.68,0,1,1
pay_Zom9779789,252,upi,none,1,111,19,0.018,0,1,1.13,0,0,0
pay_Zom3286742,2059,netbanking,none,0,3,0,0.012,0,1,4.26,0,0,0
pay_Zom6769431,2059,upi,none,0,83,4,0.156,0,3,5.81,1,0,1
pay_Zom5811072,252,upi,none,1,111,8,0.055,0,1,2.54,0,0,0
pay_Zom8871835,2059,upi,none,0,158,4,0.131,0,1,2.43,0,0,0
pay_Zom9977469,3360,upi,none,0,569,90,0.244,0,1,2.04,0,0,0
pay_Zom1139537,252,card,mastercard,1,36,6,0.107,0,1,0.82,0,0,0
pay_Zom9253243,2059,upi,none,0,46,5,0.078,0,1,6.27,0,0,0
pay_Zom9003857,252,upi,none,0,50,7,0.059,0,1,2.44,0,0,0
pay_Zom6026630,252,upi,none,0,157,19,0.205,0,1,0.51,0,0,0
pay_Zom1153219,252,netbanking,none,0,322,25,0.374,0,1,8.6,0,1,1
pay_Zom8221506,252,upi,none,1,439,53,0.108,0,1,6.52,0,0,0
pay_Zom5914425,3360,card,mastercard,0,349,53,0.24,0,1,1.92,0,0,0
pay_Zom4879150,2059,upi,none,0,253,37,0.207,0,1,5.33,0,0,0
pay_Zom1121097,2059,upi,none,0,564,18,0.036,0,1,0.64,0,0,0
pay_Zom7268704,252,card,visa,0,56,5,0.017,1,1,12.5,0,0,0
pay_Zom4163696,3360,upi,none,1,355,29,0.008,0,1,0.31,0,0,0
pay_Zom7907781,252,upi,none,1,171,23,0.237,0,1,7.47,0,1,1
pay_Zom8333427,2059,upi,none,0,22,2,0.121,0,1,21.58,0,0,0
pay_Zom7622840,252,upi,none,0,5,0,0.169,0,1,1.2,0,0,0
pay_Zom5192561,252,card,visa,1,28,3,0.218,1,1,5.85,0,0,0
pay_Zom3739207,2059,upi,none,0,181,17,0.024,0,1,8.58,0,0,0
pay_Zom7538471,252,card,amex,0,119,7,0.147,0,1,10.67,0,0,0
pay_Zom7347794,252,upi,none,0,30,4,0.009,1,1,4.46,0,0,0
pay_Zom4700926,252,upi,none,0,162,6,0.215,0,1,3.39,0,0,0
pay_Zom5412076,252,card,visa,1,18,0,0.03,0,1,0.39,0,0,0
pay_Zom2328918,252,upi,none,0,207,8,0.027,0,1,2.22,0,0,0
pay_Zom8084001,252,upi,none,1,189,8,0.278,0,1,1.75,0,1,1
pay_Zom5019180,252,upi,none,0,431,45,0.005,1,1,0.08,0,0,0
pay_Zom9667278,252,upi,none,0,19,2,0.05,0,2,1.18,0,0,0
pay_Zom5561139,2059,card,rupay,1,284,26,0.024,0,1,4.76,0,0,0
pay_Zom5776085,252,upi,none,1,50,2,0.031,0,1,1.27,0,0,0
pay_Zom9924543,3360,upi,none,1,64,2,0.101,0,1,0.12,0,0,0
pay_Zom5510085,2059,card,rupay,0,75,7,0.108,0,1,5.15,0,0,0
pay_Zom7927377,252,upi,none,1,118,13,0.246,0,1,5.78,0,0,0
pay_Zom4154127,2059,upi,none,0,630,43,0.13,0,1,0.1,0,0,0
pay_Zom2148634,2059,upi,none,0,109,6,0.078,0,1,6.33,0,0,0
pay_Zom4060284,3360,card,visa,0,313,10,0.1,0,3,5.58,1,0,1
pay_Zom3292170,252,netbanking,none,0,35,0,0.107,0,1,3.4,0,0,0
pay_Zom5858602,252,card,visa,1,60,2,0.273,1,1,0.16,0,0,0
pay_Zom2851472,2059,upi,none,0,84,11,0.027,0,2,10.09,0,0,0
pay_Zom8639388,2059,upi,none,0,46,3,0.018,0,3,0.37,0,0,0
pay_Zom8596173,2059,upi,none,0,451,10,0.179,0,1,4.45,0,0,0
pay_Zom5565653,252,upi,none,0,155,15,0.133,0,1,5.05,0,0,0
pay_Zom9254323,2059,netbanking,none,0,78,8,0.003,1,6,10.29,1,0,1
pay_Zom4150584,3360,upi,none,0,166,14,0.117,1,1,10.32,1,0,1
pay_Zom6379509,252,upi,none,0,75,2,0.034,0,1,1.14,0,0,0
pay_Zom1325400,252,card,rupay,0,2,0,0.032,1,1,0.92,0,0,0
pay_Zom3552641,252,card,mastercard,1,94,12,0.088,0,1,1.85,0,0,0
pay_Zom1832687,2059,upi,none,0,117,9,0.102,0,1,9.59,0,0,0
pay_Zom9975319,2059,upi,none,0,476,38,0.001,0,1,4.51,0,0,0
pay_Zom1371294,2059,upi,none,1,4,0,0.144,1,1,8.51,0,0,0
pay_Zom4119515,252,upi,none,0,86,12,0.049,0,1,0.86,0,0,0
pay_Zom2715864,252,upi,none,1,12,1,0.015,0,1,0.25,0,0,0
pay_Zom5733096,252,upi,none,0,19,0,0.086,0,1,0.09,0,0,0
pay_Zom5516344,252,netbanking,none,1,113,9,0.042,0,3,0.26,0,1,1
pay_Zom3097809,2059,upi,none,0,31,5,0.047,1,1,6.44,0,0,0
pay_Zom8355410,3360,upi,none,0,165,15,0.06,0,1,7.2,0,0,0
pay_Zom1137641,3360,upi,none,0,86,6,0.317,0,1,8.72,0,1,1
pay_Zom4905912,3360,upi,none,0,29,3,0.074,1,1,1.84,0,0,0
pay_Zom2513254,252,upi,none,1,81,4,0.045,0,1,2.2,0,0,0
pay_Zom3528052,252,netbanking,none,0,0,0,0.122,0,1,0.74,0,0,0
pay_Zom1247041,2059,card,amex,0,238,30,0.004,0,1,2.04,0,0,0
pay_Zom9280890,3360,upi,none,0,1,0,0.029,0,1,0.59,1,0,1
pay_Zom4643811,252,card,amex,1,0,0,0.165,0,1,3.37,0,0,0
pay_Zom6736345,252,upi,none,1,113,9,0.027,0,1,0.06,0,0,0
pay_Zom8050508,252,upi,none,0,435,62,0.16,0,3,1.96,0,0,0
pay_Zom6227389,2059,upi,none,0,232,37,0.087,0,1,14.64,0,0,0
pay_Zom9361693,252,card,mastercard,0,34,3,0.067,0,1,18.17,0,0,0
pay_Zom7231009,252,upi,none,0,26,0,0.077,0,1,5.2,0,0,0
pay_Zom8779334,252,upi,none,0,118,18,0.174,0,6,1.24,0,0,0
pay_Zom1532460,252,card,amex,0,207,9,0.223,1,1,0.78,0,0,0
pay_Zom6540652,2059,upi,none,1,53,2,0.217,0,1,0.13,0,0,0
pay_Zom2345920,252,upi,none,1,67,4,0.055,0,1,1.9,0,0,0
pay_Zom3450947,2059,upi,none,0,14,1,0.453,0,1,2.16,0,1,1
pay_Zom1940167,2059,card,visa,0,19,2,0.038,0,1,0.29,0,0,0
pay_Zom5471188,2059,upi,none,1,100,8,0.017,0,1,7.08,0,0,0
pay_Zom7583744,252,upi,none,0,12,0,0.04,0,1,3.68,0,0,0
pay_Zom2197636,3360,netbanking,none,0,27,3,0.017,0,1,1.67,0,0,0
pay_Zom8887754,252,upi,none,1,32,4,0.007,0,1,6.76,0,0,0
pay_Zom4046805,3360,upi,none,0,70,10,0.008,0,1,1.86,0,0,0
pay_Zom4224451,3360,card,visa,0,5,0,0.12,0,1,6.6,0,0,0
pay_Zom5195637,252,card,visa,0,83,2,0.154,1,1,2.4,0,0,0
pay_Zom7401806,252,netbanking,none,0,316,34,0.129,0,1,3.53,0,0,0
pay_Zom1211652,252,upi,none,0,2,0,0.098,0,1,0.4,0,0,0
pay_Zom3046175,252,upi,none,0,119,2,0.054,1,1,1.04,0,0,0
pay_Zom5176895,252,card,amex,0,216,31,0.154,2,1,3.7,0,0,0
pay_Zom7455837,252,card,mastercard,1,44,3,0.05,1,2,1.85,0,0,0
pay_Zom8431651,252,upi,none,0,16,1,0.094,0,1,0.5,0,0,0
pay_Zom5146693,252,upi,none,0,5,0,0.025,1,1,0.59,0,0,0
pay_Zom1562209,252,upi,none,0,123,10,0.083,0,1,4.31,0,0,0
pay_Zom4341683,252,upi,none,0,96,2,0.005,0,1,4.04,0,0,0
pay_Zom8731522,252,netbanking,none,1,31,1,0.052,0,1,4.47,0,0,0
pay_Zom2576392,252,upi,none,0,213,10,0.206,0,1,4.47,0,0,0
pay_Zom9743263,252,upi,none,0,159,28,0.038,0,1,11.37,0,0,0
pay_Zom4497162,252,upi,none,0,38,5,0.168,0,1,12.34,0,0,0
pay_Zom8932696,2059,upi,none,0,167,15,0.091,0,1,1.99,0,0,0
pay_Zom7528399,252,upi,none,0,33,0,0.007,0,2,5.25,0,0,0
pay_Zom6236326,252,card,visa,0,134,5,0.094,0,1,4.68,0,0,0
pay_Zom6420100,252,upi,none,0,15,2,0.016,1,1,0.67,0,0,0
pay_Zom3661058,2059,upi,none,1,141,24,0.152,0,1,5.32,0,0,0
pay_Zom1707762,2059,upi,none,1,32,0,0.07,0,6,6.49,0,1,1
pay_Zom9739692,2059,card,mastercard,1,101,16,0.228,0,1,0.13,0,0,0
pay_Zom3049194,2059,netbanking,none,1,22,1,0.026,0,1,2.6,0,0,0
pay_Zom5249882,252,upi,none,1,155,8,0.067,0,1,1.0,0,0,0
pay_Zom9073692,252,card,rupay,1,7,0,0.007,1,1,9.48,0,1,1
pay_Zom6013251,252,upi,none,0,21,3,0.188,0,1,0.31,0,0,0
pay_Zom4334029,3360,upi,none,0,24,2,0.23,0,1,3.76,0,0,0
pay_Zom7046955,2059,netbanking,none,1,5,0,0.011,0,1,3.66,0,0,0
pay_Zom1873883,2059,upi,none,0,163,9,0.064,1,1,0.45,0,0,0
pay_Zom4653880,252,upi,none,0,475,61,0.106,0,1,5.07,0,0,0
pay_Zom2894625,2059,netbanking,none,0,180,7,0.027,0,1,1.11,0,0,0
pay_Zom4958849,252,card,rupay,0,236,8,0.159,0,2,4.13,0,1,1
pay_Zom8284023,252,upi,none,0,0,0,0.052,0,1,1.01,0,0,0
pay_Zom6444432,252,netbanking,none,0,15,2,0.147,0,1,1.74,0,0,0
pay_Zom1252794,252,upi,none,0,98,12,0.002,0,1,1.4,0,0,0
pay_Zom3807840,252,upi,none,1,457,21,0.004,0,2,3.24,0,1,1
pay_Zom5632190,2059,upi,none,1,129,10,0.05,0,1,3.41,0,0,0
pay_Zom3007387,252,upi,none,1,56,7,0.119,0,1,2.58,0,0,0
pay_Zom7640561,252,card,rupay,1,18,1,0.102,1,1,0.57,0,1,1
pay_Zom5078362,252,upi,none,0,19,3,0.269,0,1,3.63,0,1,1
pay_Zom1149818,252,upi,none,0,54,8,0.001,2,1,0.96,0,0,0
pay_Zom1704531,2059,upi,none,0,150,16,0.047,0,1,1.95,0,0,0
pay_Zom8973718,2059,upi,none,1,3,0,0.016,0,1,14.69,0,0,0
pay_Zom3600333,2059,upi,none,0,229,28,0.033,0,1,6.54,0,0,0
pay_Zom7231035,2059,netbanking,none,1,340,20,0.413,0,1,1.13,0,1,1
pay_Zom2501223,2059,upi,none,0,263,20,0.013,0,1,0.86,0,0,0
pay_Zom5172867,252,upi,none,1,293,12,0.05,0,1,2.94,0,0,0
pay_Zom3645741,2059,upi,none,0,1,0,0.117,2,6,0.32,1,1,1
pay_Zom9387252,252,card,amex,1,456,61,0.022,0,1,2.29,0,1,1
pay_Zom2533463,252,upi,none,0,54,1,0.066,0,1,2.13,0,0,0
pay_Zom6677780,252,upi,none,0,244,26,0.112,1,1,17.95,0,0,0
pay_Zom2007511,2059,upi,none,0,24,1,0.101,1,1,0.11,0,0,0
pay_Zom2002860,2059,upi,none,1,70,10,0.076,0,1,7.31,0,0,0
pay_Zom6964596,252,upi,none,0,5,0,0.015,0,1,9.53,0,0,0
pay_Zom3582322,2059,card,amex,1,4,0,0.008,1,1,3.65,0,0,0
pay_Zom9998515,3360,netbanking,none,1,344,16,0.072,0,1,2.72,0,0,0
pay_Zom2801733,252,upi,none,1,199,21,0.011,0,1,0.54,0,0,0
pay_Zom3111034,252,card,visa,0,90,6,0.083,1,2,4.02,0,1,1
pay_Zom9184645,2059,netbanking,none,0,89,4,0.187,0,1,4.78,0,0,0
pay_Zom4903632,252,netbanking,none,0,165,19,0.053,1,1,4.1,0,0,0
pay_Zom6314007,2059,netbanking,none,1,50,6,0.11,2,6,0.29,0,1,1
pay_Zom6827024,252,card,rupay,1,172,30,0.288,0,1,5.4,0,1,1
pay_Zom8360481,252,upi,none,1,79,10,0.058,1,1,0.91,0,0,0
pay_Zom4237420,2059,upi,none,0,121,12,0.123,0,1,1.07,0,0,0
pay_Zom1358241,2059,upi,none,0,401,66,0.096,0,1,1.74,0,0,0
pay_Zom7337911,2059,card,mastercard,1,76,11,0.077,0,1,3.8,0,1,1
pay_Zom7009053,2059,upi,none,0,65,7,0.186,0,2,2.92,0,0,0
pay_Zom3260430,2059,upi,none,1,283,28,0.044,0,1,4.26,0,0,0
pay_Zom5205984,2059,upi,none,0,279,47,0.013,0,1,3.76,0,0,0
pay_Zom1662507,252,card,amex,0,585,69,0.053,1,1,4.23,0,1,1
pay_Zom9142018,252,card,mastercard,1,96,12,0.034,0,2,1.24,0,0,0
pay_Zom8340032,252,upi,none,0,50,1,0.111,0,1,4.04,0,0,0
pay_Zom5944490,2059,upi,none,0,32,4,0.075,0,1,5.57,0,0,0
pay_Zom9222379,252,card,mastercard,1,4,0,0.107,0,3,0.2,1,0,1
pay_Zom4183910,252,upi,none,0,155,5,0.109,0,1,9.93,0,0,0
pay_Zom4131076,252,upi,none,1,31,4,0.096,0,1,0.17,0,0,0
pay_Zom6832845,2059,upi,none,1,111,14,0.054,1,1,4.92,0,0,0
pay_Zom6430463,2059,netbanking,none,0,298,25,0.142,0,1,3.63,0,0,0
pay_Zom8858359,252,upi,none,0,360,32,0.246,0,1,1.34,0,0,0
pay_Zom5619177,2059,upi,none,0,0,0,0.003,1,1,2.28,0,0,0
pay_Zom3690116,252,card,visa,0,45,0,0.15,0,1,8.75,0,0,0
pay_Zom2155557,252,upi,none,0,217,16,0.418,0,1,6.73,0,1,1
pay_Zom9911007,2059,upi,none,1,92,4,0.032,0,1,1.59,0,1,1
pay_Zom3600895,252,upi,none,0,197,17,0.065,0,2,1.72,0,0,0
pay_Zom8539415,3360,netbanking,none,0,230,35,0.177,0,1,0.85,0,0,0
pay_Zom5960564,252,upi,none,0,70,2,0.015,0,1,1.92,0,0,0
pay_Zom5418267,252,card,visa,0,53,1,0.046,0,1,3.73,0,0,0
pay_Zom7159129,3360,netbanking,none,0,72,11,0.012,0,1,2.1,0,0,0
pay_Zom8618181,252,card,mastercard,1,126,17,0.119,1,1,4.52,0,0,0
pay_Zom1012076,3360,card,mastercard,0,54,1,0.041,0,3,5.76,1,0,1
pay_Zom9488562,3360,card,mastercard,0,178,5,0.044,0,1,1.35,0,0,0
pay_Zom7359295,252,netbanking,none,0,281,36,0.345,0,1,3.76,0,0,0
pay_Zom4112748,252,netbanking,none,0,39,3,0.026,1,1,2.74,0,0,0
pay_Zom1314067,252,netbanking,none,0,402,54,0.137,0,1,0.38,0,0,0
pay_Zom7108168,252,upi,none,1,116,9,0.235,0,1,1.2,0,0,0
pay_Zom5006173,252,upi,none,0,252,44,0.048,0,1,0.46,0,0,0
pay_Zom6380354,252,upi,none,0,13,1,0.141,0,1,5.7,0,1,1
pay_Zom2062698,252,upi,none,0,34,0,0.393,0,1,4.21,0,1,1
pay_Zom7501017,252,netbanking,none,0,46,3,0.067,0,1,5.69,0,0,0
pay_Zom4185480,3360,card,mastercard,0,43,4,0.12,0,1,3.59,0,0,0
pay_Zom9792431,2059,upi,none,0,22,0,0.284,0,1,2.56,0,1,1
pay_Zom9347489,2059,upi,none,0,243,4,0.148,0,1,2.26,0,0,0
pay_Zom3585897,252,upi,none,0,65,2,0.053,0,1,1.43,0,0,0
pay_Zom5750117,2059,upi,none,0,396,41,0.036,0,1,7.3,0,0,0
pay_Zom6412330,252,card,rupay,0,105,12,0.007,0,2,2.2,0,0,0
pay_Zom7875379,2059,upi,none,0,17,0,0.07,0,1,0.84,0,0,0
pay_Zom6402667,3360,upi,none,1,94,11,0.13,1,1,4.81,1,0,1
pay_Zom2853280,252,upi,none,0,605,71,0.008,1,2,1.44,0,0,0
pay_Zom2614912,2059,upi,none,1,99,16,0.09,0,1,0.89,0,0,0
pay_Zom9777848,2059,netbanking,none,0,0,0,0.191,0,1,5.48,0,0,0
pay_Zom2118702,3360,upi,none,0,324,55,0.008,0,1,2.08,0,0,0
pay_Zom1734460,2059,netbanking,none,0,32,5,0.008,0,3,0.79,0,0,0
pay_Zom3177250,252,upi,none,1,139,12,0.183,0,1,3.91,0,0,0
pay_Zom3997061,252,upi,none,0,86,8,0.223,0,1,5.94,0,0,0
pay_Zom1524686,252,upi,none,0,47,3,0.077,1,1,1.79,0,0,0
pay_Zom4390323,2059,card,mastercard,0,39,3,0.092,0,3,0.93,0,0,0
pay_Zom2796087,252,upi,none,0,317,13,0.19,0,1,0.09,0,0,0
pay_Zom9143162,2059,upi,none,0,291,37,0.046,0,1,7.09,0,0,0
pay_Zom4214793,252,upi,none,0,86,2,0.21,0,1,2.08,0,0,0
pay_Zom2656810,252,upi,none,0,35,2,0.045,0,1,7.66,0,0,0
pay_Zom1533803,252,upi,none,0,12,0,0.211,1,1,4.27,0,0,0
pay_Zom7519606,2059,upi,none,0,20,3,0.064,0,1,2.39,0,0,0
pay_Zom9219319,252,card,amex,0,88,3,0.03,0,3,4.2,1,0,1
pay_Zom9821818,252,upi,none,0,44,7,0.177,0,1,1.3,0,0,0
pay_Zom5293936,252,upi,none,0,5,0,0.214,0,3,0.77,0,0,0
pay_Zom1823520,252,upi,none,0,72,8,0.081,0,1,0.57,0,0,0
pay_Zom7146400,252,netbanking,none,0,164,11,0.023,0,1,8.72,0,0,0
pay_Zom4703113,2059,upi,none,0,266,18,0.226,0,1,4.77,0,0,0
pay_Zom2189067,252,netbanking,none,0,105,18,0.155,1,1,9.63,0,0,0
pay_Zom1219548,252,upi,none,0,154,8,0.158,0,1,5.05,0,0,0
pay_Zom4502044,2059,card,visa,0,54,2,0.206,1,1,1.71,0,0,0
pay_Zom9244416,3360,upi,none,0,82,9,0.01,0,1,9.73,0,0,0
pay_Zom2341452,2059,upi,none,0,156,21,0.029,0,1,3.1,0,0,0
pay_Zom8852729,252,card,amex,0,156,27,0.026,0,1,9.57,0,0,0
pay_Zom2018380,2059,card,visa,0,66,8,0.097,1,1,0.83,0,0,0
pay_Zom7055334,3360,card,visa,1,94,10,0.073,0,1,1.63,0,0,0
pay_Zom7978536,2059,card,visa,0,309,26,0.24,1,1,1.65,0,0,0
pay_Zom7191944,252,upi,none,0,119,13,0.0,0,1,0.02,0,0,0
pay_Zom1978112,252,upi,none,0,123,14,0.12,0,1,4.12,0,0,0
pay_Zom5459646,2059,upi,none,0,184,10,0.236,0,1,7.99,0,0,0
pay_Zom9875496,252,card,amex,1,14,1,0.018,0,1,8.76,0,0,0
pay_Zom1682046,252,upi,none,1,88,4,0.146,0,1,5.58,0,0,0
pay_Zom2180916,2059,netbanking,none,1,384,37,0.054,0,1,1.03,0,1,1
pay_Zom6098672,2059,upi,none,1,53,3,0.03,1,2,1.7,0,0,0
pay_Zom2307538,252,card,visa,0,41,2,0.057,0,2,1.41,0,0,0
pay_Zom4622201,2059,upi,none,0,110,13,0.042,0,1,2.09,0,0,0
pay_Zom9715516,252,upi,none,1,29,0,0.034,1,3,2.13,0,0,0
pay_Zom2629390,252,card,mastercard,0,97,2,0.027,0,2,7.74,0,0,0
pay_Zom2698275,2059,upi,none,1,20,0,0.036,0,1,0.39,0,0,0
pay_Zom4875838,252,netbanking,none,0,104,4,0.048,0,1,4.96,0,0,0
pay_Zom9919792,252,card,mastercard,0,110,5,0.327,0,1,2.99,0,0,0
pay_Zom7464782,3360,upi,none,1,65,9,0.161,1,1,4.07,0,1,1
pay_Zom4178618,252,card,rupay,0,57,5,0.006,0,1,7.84,0,0,0
pay_Zom4240006,252,card,rupay,1,33,3,0.221,0,1,9.92,0,0,0
pay_Zom9828037,3360,upi,none,0,48,5,0.155,0,1,0.04,0,0,0
pay_Zom5173551,2059,upi,none,0,82,11,0.14,1,1,6.73,0,0,0
pay_Zom4001408,2059,upi,none,1,34,0,0.289,0,1,0.7,0,1,1
pay_Zom7965641,2059,card,rupay,0,183,28,0.25,0,3,0.59,1,0,1
pay_Zom2770234,252,card,mastercard,0,148,26,0.037,0,1,8.38,0,0,0
pay_Zom7005628,2059,upi,none,0,37,1,0.045,0,1,9.91,0,0,0
pay_Zom8696054,252,upi,none,1,12,1,0.071,0,1,1.76,0,0,0
pay_Zom8165129,2059,upi,none,1,0,0,0.005,0,1,0.22,0,0,0
pay_Zom2746548,252,upi,none,0,108,3,0.161,1,1,5.89,0,0,0
pay_Zom3798595,2059,card,amex,0,28,1,0.169,0,6,6.55,0,1,1
pay_Zom4026551,252,card,rupay,1,1,0,0.106,1,1,0.82,0,0,0
pay_Zom7737011,252,upi,none,1,53,6,0.077,0,1,14.21,0,0,0
pay_Zom9467339,2059,card,mastercard,0,392,35,0.016,0,2,5.39,0,1,1
pay_Zom6662526,2059,upi,none,0,140,12,0.226,1,1,2.07,0,0,0
pay_Zom3653760,2059,upi,none,1,234,22,0.035,0,1,2.11,0,1,1
pay_Zom9957363,252,upi,none,0,18,1,0.022,1,1,1.45,0,0,0
pay_Zom8432510,252,upi,none,1,9,1,0.029,0,1,4.76,0,0,0
pay_Zom6911017,2059,card,visa,0,1,0,0.046,1,1,3.38,0,0,0
pay_Zom6287423,2059,upi,none,0,373,36,0.233,0,1,5.31,0,0,0
pay_Zom6446792,2059,upi,none,0,42,3,0.137,0,1,2.69,0,0,0
pay_Zom7236418,3360,upi,none,1,73,12,0.17,0,6,0.19,0,0,0
pay_Zom7917972,2059,upi,none,0,60,8,0.192,0,3,7.3,0,0,0
pay_Zom8224069,252,upi,none,0,157,6,0.03,0,1,2.11,0,0,0
pay_Zom6426605,2059,upi,none,0,44,3,0.001,1,1,4.56,0,0,0
pay_Zom5038654,3360,netbanking,none,1,92,6,0.11,0,1,1.01,0,0,0
pay_Zom4589118,2059,card,amex,0,650,115,0.005,0,1,1.04,0,0,0
pay_Zom7292514,2059,upi,none,0,70,6,0.174,0,1,1.59,0,0,0
pay_Zom5262908,2059,card,amex,0,96,2,0.071,0,1,1.47,0,0,0
pay_Zom7039941,252,upi,none,0,83,7,0.107,0,1,1.15,0,0,0
pay_Zom8590070,252,upi,none,0,195,13,0.019,0,2,1.35,0,1,1
pay_Zom8507800,252,upi,none,0,37,4,0.012,0,1,0.53,0,0,0
pay_Zom7662074,3360,upi,none,0,22,1,0.038,0,1,0.05,0,0,0
pay_Zom1003282,2059,card,mastercard,1,168,4,0.045,1,1,13.1,0,0,0
pay_Zom1581546,252,upi,none,1,64,2,0.111,0,1,0.27,0,0,0
pay_Zom5772818,3360,card,mastercard,1,294,19,0.071,1,1,1.53,1,0,1
pay_Zom1273509,252,upi,none,0,123,9,0.138,0,1,6.31,0,0,0
pay_Zom9684044,252,upi,none,1,99,15,0.001,1,1,0.01,0,0,0
pay_Zom3266362,2059,card,visa,0,8,0,0.124,0,3,5.3,0,0,0
pay_Zom6064062,2059,upi,none,0,157,3,0.22,0,1,1.91,0,0,0
pay_Zom1110206,252,upi,none,0,139,20,0.063,0,1,0.84,0,0,0
pay_Zom6038767,252,upi,none,0,122,19,0.008,0,3,0.57,0,0,0
pay_Zom4722641,252,upi,none,0,37,3,0.069,0,1,6.3,0,0,0
pay_Zom4604128,252,netbanking,none,0,351,23,0.11,0,1,1.19,0,0,0
pay_Zom6283223,252,upi,none,0,46,6,0.026,0,1,2.25,0,0,0
pay_Zom1364088,252,upi,none,0,19,0,0.015,0,1,1.55,0,0,0
pay_Zom5629792,252,card,visa,0,523,87,0.074,1,1,7.08,0,0,0
pay_Zom9577712,252,upi,none,0,164,25,0.003,1,1,0.54,0,0,0
pay_Zom3595683,252,upi,none,0,64,6,0.065,0,1,14.42,0,0,0
pay_Zom2581875,252,upi,none,0,329,21,0.011,0,2,0.07,0,0,0
pay_Zom1633110,2059,upi,none,0,11,0,0.017,0,1,0.78,0,0,0
pay_Zom8723723,2059,upi,none,0,11,1,0.11,1,1,2.24,0,0,0
pay_Zom6966913,252,upi,none,0,137,19,0.006,1,1,0.67,0,0,0
pay_Zom3619042,252,card,visa,1,23,1,0.088,1,1,1.0,0,0,0
pay_Zom3322104,252,upi,none,0,298,6,0.075,0,6,15.27,0,0,0
pay_Zom5445763,252,upi,none,0,220,26,0.156,2,1,3.32,0,0,0
pay_Zom7158628,252,upi,none,1,43,7,0.281,0,1,0.16,0,1,1
pay_Zom5191903,252,upi,none,0,263,35,0.015,0,1,2.26,0,0,0
pay_Zom4908993,252,netbanking,none,0,5,0,0.329,0,1,3.05,0,1,1
pay_Zom5299058,2059,upi,none,0,95,8,0.48,0,2,1.4,0,1,1
pay_Zom6038238,252,upi,none,0,329,12,0.096,0,1,7.65,0,0,0
pay_Zom2541912,252,upi,none,0,232,38,0.072,0,1,5.81,0,0,0
pay_Zom7707501,2059,upi,none,1,52,3,0.04,0,1,1.81,0,0,0
pay_Zom4647992,252,card,amex,0,24,3,0.016,0,1,4.96,0,0,0
pay_Zom2295227,252,upi,none,0,28,0,0.041,0,1,2.64,0,0,0
pay_Zom6447428,252,upi,none,0,86,3,0.126,0,1,5.87,0,0,0
pay_Zom9095563,252,upi,none,1,108,13,0.046,0,1,2.34,0,1,1
pay_Zom3900822,2059,upi,none,1,4,0,0.178,0,1,0.41,0,0,0
pay_Zom9191918,252,upi,none,0,64,3,0.289,0,1,1.3,0,1,1
pay_Zom2599943,252,upi,none,0,212,18,0.181,0,2,3.42,0,1,1
pay_Zom6039762,252,netbanking,none,0,70,8,0.144,0,1,11.14,0,0,0
pay_Zom1626991,252,upi,none,0,22,3,0.071,0,1,7.47,0,0,0
pay_Zom7401281,2059,netbanking,none,0,371,44,0.053,0,1,6.4,0,0,0
pay_Zom2316632,2059,upi,none,0,37,1,0.215,0,1,2.77,0,0,0
pay_Zom1938227,252,card,amex,1,192,20,0.067,0,1,0.72,0,1,1
pay_Zom6610127,252,upi,none,0,25,4,0.002,1,1,0.06,0,0,0
pay_Zom6837300,252,card,rupay,0,66,10,0.205,1,1,1.52,0,0,0
pay_Zom8286418,2059,upi,none,0,80,9,0.124,0,2,5.11,0,0,0
pay_Zom7988074,252,upi,none,0,83,14,0.106,0,1,1.01,0,0,0
pay_Zom3022334,252,card,rupay,0,87,3,0.174,0,1,1.21,0,0,0
pay_Zom4803691,252,upi,none,1,30,2,0.005,0,1,0.45,0,0,0
pay_Zom1191837,252,upi,none,0,87,12,0.153,1,1,4.32,0,0,0
pay_Zom7417066,252,upi,none,1,78,3,0.396,0,2,1.18,0,1,1
pay_Zom1908116,252,upi,none,0,28,4,0.029,0,1,3.47,0,0,0
pay_Zom6113416,252,upi,none,0,532,40,0.122,0,2,2.6,0,0,0
pay_Zom9797692,252,upi,none,0,240,18,0.087,1,2,17.2,0,0,0
pay_Zom1690923,252,upi,none,0,262,14,0.261,1,1,10.24,0,1,1
pay_Zom6357242,2059,upi,none,0,138,9,0.01,0,1,1.75,0,0,0
pay_Zom3509536,252,upi,none,0,20,2,0.2,0,1,5.67,0,0,0
pay_Zom6483324,252,upi,none,0,100,8,0.012,1,1,1.83,0,0,0
pay_Zom9428900,2059,upi,none,1,206,10,0.115,0,1,1.1,0,0,0
pay_Zom4704361,252,netbanking,none,0,4,0,0.106,0,1,0.05,0,0,0
pay_Zom3570227,2059,upi,none,0,82,2,0.269,1,1,4.44,0,1,1
pay_Zom1847581,2059,netbanking,none,0,60,9,0.09,0,2,1.15,0,0,0
pay_Zom7591477,252,card,rupay,0,28,1,0.292,1,1,2.29,0,0,0
pay_Zom8476199,3360,netbanking,none,0,57,5,0.015,0,1,0.63,0,0,0
pay_Zom9467953,252,card,amex,0,492,39,0.015,0,1,0.24,0,0,0
pay_Zom2511341,252,card,visa,0,154,17,0.128,0,6,4.82,0,1,1
pay_Zom4725978,252,upi,none,0,42,6,0.166,0,2,1.21,0,0,0
pay_Zom8246678,252,upi,none,1,111,19,0.092,0,1,1.03,0,0,0
pay_Zom5861752,2059,upi,none,1,33,2,0.354,0,1,1.05,0,1,1
pay_Zom7615632,2059,netbanking,none,0,113,12,0.361,0,1,0.39,0,0,0
pay_Zom3483236,2059,netbanking,none,0,271,25,0.096,1,1,0.11,0,0,0
pay_Zom3217764,3360,card,rupay,1,97,17,0.17,0,1,0.72,0,0,0
pay_Zom6639966,2059,card,visa,0,158,23,0.075,0,1,5.64,0,0,0
pay_Zom2384877,2059,netbanking,none,0,72,6,0.38,1,1,13.85,0,1,1
pay_Zom8983516,252,upi,none,1,89,8,0.028,1,1,2.53,0,0,0
pay_Zom1827302,252,upi,none,0,142,8,0.156,0,1,5.73,0,0,0
pay_Zom7697318,252,upi,none,1,200,28,0.255,0,1,1.03,0,1,1
pay_Zom5404991,2059,upi,none,0,129,20,0.282,1,1,4.03,0,0,0
pay_Zom2427388,252,upi,none,0,455,79,0.103,0,2,7.76,0,0,0
pay_Zom7686174,252,upi,none,0,205,22,0.121,0,2,3.36,0,1,1
pay_Zom9419194,252,card,visa,1,180,22,0.118,0,1,4.23,0,0,0
pay_Zom8289551,252,upi,none,0,223,20,0.177,0,1,0.37,0,0,0
pay_Zom3187332,252,card,visa,0,39,4,0.011,0,1,1.55,0,0,0
pay_Zom3262755,252,upi,none,1,67,5,0.084,0,1,0.11,0,0,0
pay_Zom9068540,2059,upi,none,1,99,13,0.038,0,1,0.64,0,1,1
pay_Zom4323709,252,card,rupay,1,74,1,0.103,1,1,1.24,0,0,0
pay_Zom9184951,2059,card,rupay,0,225,5,0.274,0,1,10.72,0,1,1
pay_Zom7632348,252,upi,none,1,3,0,0.044,0,1,0.14,0,0,0
pay_Zom4290000,252,upi,none,0,28,4,0.198,0,2,2.1,0,1,1
pay_Zom9795418,252,upi,none,0,256,31,0.155,0,1,5.17,0,0,0
pay_Zom5131319,252,netbanking,none,1,7,0,0.082,0,1,2.48,0,0,0
pay_Zom5065372,252,upi,none,0,30,4,0.156,0,1,3.09,0,0,0
pay_Zom2201986,252,upi,none,0,51,3,0.004,0,1,9.49,0,0,0
pay_Zom5467052,252,upi,none,0,166,6,0.186,0,1,3.69,0,0,0
pay_Zom8215305,252,card,visa,1,98,16,0.156,0,1,4.96,0,0,0
pay_Zom6425946,252,card,rupay,0,371,63,0.233,0,1,0.14,0,0,0
pay_Zom2503148,2059,card,mastercard,0,31,2,0.291,0,1,5.56,0,1,1
pay_Zom2887937,2059,upi,none,0,246,13,0.107,1,1,1.92,0,0,0
pay_Zom7938755,252,card,rupay,0,39,6,0.033,0,1,0.07,0,0,0
pay_Zom8105832,3360,card,visa,1,33,4,0.02,0,1,6.63,0,0,0
pay_Zom7128174,252,card,visa,0,82,1,0.102,0,1,10.98,0,0,0
pay_Zom6843636,2059,upi,none,0,8,0,0.041,0,3,3.24,0,0,0
pay_Zom4195887,2059,card,amex,1,58,10,0.056,0,1,7.69,0,0,0
pay_Zom6381096,2059,upi,none,0,52,1,0.062,0,1,0.76,0,0,0
pay_Zom6780168,252,card,amex,0,20,1,0.243,0,1,3.24,0,0,0
pay_Zom1406123,252,upi,none,0,236,25,0.256,0,1,2.09,0,1,1
pay_Zom6114011,252,upi,none,1,58,2,0.068,0,1,0.13,0,0,0
pay_Zom3839632,252,upi,none,0,481,27,0.062,0,1,3.46,0,0,0
pay_Zom6867267,252,upi,none,0,275,21,0.221,0,3,3.01,0,0,0
pay_Zom8419054,252,upi,none,0,26,1,0.266,0,1,0.16,0,1,1
pay_Zom3446428,252,upi,none,0,84,12,0.063,0,1,0.82,0,0,0
pay_Zom8389750,252,upi,none,1,110,11,0.061,0,1,1.2,0,0,0
pay_Zom1752920,2059,card,visa,1,205,13,0.052,0,2,0.76,0,1,1
pay_Zom4917305,2059,upi,none,0,260,18,0.006,0,1,3.68,0,0,0
pay_Zom4350161,3360,upi,none,0,117,3,0.099,0,1,2.65,0,0,0
pay_Zom7271672,252,card,mastercard,1,4,0,0.128,0,1,1.6,0,0,0
pay_Zom3617098,2059,upi,none,0,78,10,0.114,0,1,1.98,0,0,0
pay_Zom2439727,2059,upi,none,0,259,9,0.065,0,1,11.86,0,0,0
pay_Zom2885284,252,upi,none,1,150,14,0.062,0,1,0.42,0,1,1
pay_Zom1914996,252,upi,none,0,244,37,0.113,0,1,0.73,0,0,0
pay_Zom5077673,3360,upi,none,0,134,10,0.064,0,1,2.7,0,0,0
pay_Zom3477610,252,upi,none,0,5,0,0.231,0,1,13.31,0,0,0
pay_Zom5826554,252,netbanking,none,1,413,65,0.056,1,1,4.7,0,0,0
pay_Zom1230406,252,upi,none,0,300,47,0.226,0,1,6.01,0,1,1
pay_Zom6759137,252,upi,none,1,16,2,0.149,0,6,4.62,0,0,0
pay_Zom2866934,2059,card,amex,1,14,1,0.04,0,1,0.29,0,0,0
pay_Zom6119031,2059,upi,none,1,92,15,0.187,0,1,1.22,0,0,0
pay_Zom8550780,252,upi,none,1,169,25,0.423,0,1,2.72,0,1,1
pay_Zom8905261,252,card,visa,0,57,4,0.195,2,1,0.22,0,1,1
pay_Zom1381650,252,upi,none,1,17,2,0.033,0,1,1.78,0,0,0
pay_Zom6567967,252,netbanking,none,0,85,3,0.153,0,1,0.83,0,0,0
pay_Zom4506598,252,upi,none,1,49,5,0.09,0,2,3.69,0,0,0
pay_Zom4554677,2059,card,amex,0,52,3,0.209,0,1,0.36,0,0,0
pay_Zom4419219,252,upi,none,0,124,8,0.047,0,1,5.4,0,0,0
pay_Zom9778944,252,upi,none,0,260,10,0.289,0,1,2.96,0,0,0
pay_Zom5339561,2059,card,amex,1,98,7,0.115,0,1,1.63,0,1,1
pay_Zom9103837,252,netbanking,none,0,139,13,0.008,0,1,0.53,0,0,0
pay_Zom3371416,2059,card,visa,0,129,14,0.098,0,1,3.9,0,0,0
pay_Zom1308508,2059,upi,none,1,96,6,0.015,0,1,6.39,0,0,0
pay_Zom7318411,2059,netbanking,none,0,44,6,0.044,0,1,6.6,0,0,0
pay_Zom9838222,252,upi,none,0,56,5,0.28,0,2,0.48,0,1,1
pay_Zom1729507,252,upi,none,0,45,5,0.091,0,1,13.74,0,0,0
pay_Zom5285846,252,upi,none,0,299,19,0.043,0,1,1.35,0,0,0
pay_Zom3857489,252,card,rupay,0,210,31,0.054,0,1,0.97,0,0,0
pay_Zom2008479,2059,card,mastercard,1,103,12,0.111,1,1,1.62,0,0,0
pay_Zom5764956,2059,upi,none,0,291,45,0.161,0,1,1.95,0,0,0
pay_Zom4367121,2059,netbanking,none,0,261,11,0.058,0,2,3.08,0,0,0
pay_Zom5551347,3360,card,rupay,0,315,25,0.131,0,1,2.79,0,0,0
pay_Zom1890622,2059,upi,none,1,30,1,0.078,0,1,0.64,0,0,0
pay_Zom8800748,252,upi,none,0,151,8,0.09,0,3,1.15,0,0,0
pay_Zom1139824,252,netbanking,none,0,112,9,0.008,0,2,4.74,0,0,0
pay_Zom2117325,2059,upi,none,0,158,25,0.1,1,1,0.84,0,0,0
pay_Zom7520383,252,upi,none,1,36,3,0.034,1,1,4.14,0,1,1
pay_Zom5551832,252,upi,none,1,142,10,0.04,0,1,4.95,0,0,0
pay_Zom7043474,252,upi,none,0,63,8,0.092,0,1,4.9,0,0,0
pay_Zom2810117,2059,upi,none,0,215,4,0.002,0,1,4.72,0,0,0
pay_Zom1320081,252,upi,none,0,190,15,0.186,1,1,1.05,0,0,0
pay_Zom5907261,2059,netbanking,none,0,28,3,0.033,0,1,1.92,0,0,0
pay_Zom7484783,2059,upi,none,0,24,2,0.071,0,1,2.22,0,0,0
pay_Zom4878365,252,card,visa,0,151,17,0.273,0,1,10.32,0,1,1
pay_Zom7387106,252,card,visa,0,95,5,0.17,0,1,1.4,0,0,0
pay_Zom9531890,252,card,mastercard,1,97,7,0.064,0,1,9.74,0,0,0
pay_Zom2671072,2059,netbanking,none,0,167,28,0.027,1,1,7.24,0,0,0
pay_Zom6292472,2059,upi,none,0,231,40,0.048,0,1,5.07,0,0,0
pay_Zom9131281,2059,upi,none,0,32,2,0.02,0,1,4.07,0,0,0
pay_Zom9918107,252,upi,none,0,97,11,0.099,0,1,2.4,0,0,0
pay_Zom2476741,252,card,visa,0,211,12,0.005,0,1,0.44,0,1,1
pay_Zom4127564,252,netbanking,none,0,247,19,0.086,1,2,2.33,0,0,0
pay_Zom4336572,2059,upi,none,1,40,5,0.093,0,1,0.08,0,0,0
pay_Zom9399526,252,card,amex,1,13,1,0.352,0,1,2.35,0,1,1
pay_Zom8683734,252,upi,none,1,31,4,0.081,0,1,3.49,0,0,0
pay_Zom1360516,252,upi,none,0,349,42,0.099,1,1,1.8,0,0,0
pay_Zom1666934,252,card,mastercard,1,74,8,0.12,0,1,0.47,0,0,0
pay_Zom5150551,252,upi,none,0,65,1,0.001,0,1,4.17,0,0,0
pay_Zom9882115,252,upi,none,0,1,0,0.054,0,1,6.46,0,0,0
pay_Zom6115834,252,card,rupay,0,6,1,0.197,0,1,3.59,0,0,0
pay_Zom6596369,252,card,mastercard,0,132,12,0.112,0,1,3.03,0,1,1
pay_Zom9219709,2059,upi,none,1,106,4,0.019,0,1,1.93,0,0,0
pay_Zom7600153,2059,upi,none,0,102,17,0.031,0,1,3.9,0,0,0
pay_Zom3634111,252,upi,none,0,14,0,0.132,0,1,1.32,0,0,0
pay_Zom1308234,2059,upi,none,0,52,4,0.049,0,1,3.03,0,0,0
pay_Zom6818001,252,card,rupay,1,200,6,0.096,0,1,1.42,0,0,0
pay_Zom6904121,252,upi,none,1,23,0,0.292,0,1,3.36,0,0,0
pay_Zom6962255,2059,upi,none,0,257,14,0.25,1,1,2.2,0,0,0
pay_Zom6072192,2059,upi,none,0,15,1,0.289,0,2,0.91,0,1,1
pay_Zom4962858,2059,card,visa,1,22,2,0.081,0,1,1.1,0,0,0
pay_Zom9409604,252,upi,none,0,77,9,0.008,0,1,4.55,0,0,0
pay_Zom5628469,252,upi,none,0,348,39,0.001,0,1,0.65,0,0,0
pay_Zom2040350,2059,upi,none,0,47,4,0.032,0,1,1.2,0,0,0
pay_Zom5323142,252,upi,none,0,128,18,0.028,0,2,4.5,0,0,0
pay_Zom7495644,252,upi,none,0,106,17,0.117,0,6,0.1,0,0,0
pay_Zom1494355,2059,upi,none,0,19,1,0.088,0,6,0.01,1,0,1
pay_Zom5700872,2059,card,rupay,0,34,1,0.0,0,1,1.76,0,0,0
pay_Zom4784649,2059,card,rupay,1,319,28,0.111,0,1,10.43,0,0,0
pay_Zom3545240,252,card,rupay,0,24,0,0.027,0,1,0.17,0,0,0
pay_Zom6734220,2059,upi,none,0,142,22,0.017,0,1,7.96,0,0,0
pay_Zom7590872,252,upi,none,0,401,23,0.008,0,1,2.9,0,0,0
pay_Zom3302852,252,upi,none,0,15,1,0.004,0,1,0.36,0,0,0
pay_Zom2472955,2059,upi,none,0,61,2,0.063,0,1,6.21,0,0,0
pay_Zom7412371,252,upi,none,1,30,3,0.102,0,1,0.17,0,0,0
pay_Zom9736195,252,card,mastercard,0,30,0,0.105,1,1,2.52,0,0,0
pay_Zom4815608,2059,upi,none,0,15,2,0.196,0,1,3.37,0,0,0
pay_Zom8001691,252,upi,none,0,125,21,0.092,0,1,3.97,0,0,0
pay_Zom5032585,252,upi,none,0,164,11,0.071,0,1,0.94,0,0,0
pay_Zom3562705,252,upi,none,1,135,8,0.03,0,2,1.09,0,1,1
pay_Zom8154895,252,netbanking,none,0,310,28,0.003,0,1,6.61,0,0,0
pay_Zom6240913,252,upi,none,1,18,2,0.07,0,1,1.54,0,0,0
pay_Zom6524481,2059,card,amex,1,46,2,0.162,0,3,2.62,0,0,0
pay_Zom8535808,2059,upi,none,0,50,7,0.182,2,3,2.07,1,0,1
pay_Zom3210769,252,card,rupay,0,31,1,0.236,0,1,0.7,0,0,0
pay_Zom4468811,2059,upi,none,0,18,0,0.245,0,1,1.83,0,0,0
pay_Zom3324928,252,netbanking,none,1,80,8,0.065,0,1,0.16,0,0,0
pay_Zom4394202,252,upi,none,0,215,8,0.095,0,1,0.57,0,0,0
pay_Zom3317095,2059,upi,none,0,370,48,0.203,0,1,6.26,0,0,0
pay_Zom6184132,252,upi,none,0,16,0,0.121,1,1,9.06,0,0,0
pay_Zom9787997,3360,upi,none,0,207,31,0.4,0,1,0.08,0,1,1
pay_Zom3269160,252,upi,none,1,208,19,0.021,0,1,1.36,0,1,1
pay_Zom8215281,2059,upi,none,0,59,6,0.221,0,1,9.6,0,0,0
pay_Zom3435253,252,upi,none,0,13,0,0.077,0,1,4.45,0,0,0
pay_Zom3651604,252,upi,none,0,552,23,0.082,0,1,0.04,0,0,0
pay_Zom6326702,252,card,mastercard,0,127,15,0.011,0,1,0.4,0,1,1
pay_Zom2137730,2059,upi,none,0,483,29,0.132,0,1,4.68,0,0,0
pay_Zom9941610,252,upi,none,0,79,6,0.216,0,2,3.99,0,0,0
pay_Zom2986209,3360,netbanking,none,0,60,5,0.258,0,1,7.3,0,1,1
pay_Zom4089276,252,netbanking,none,0,34,1,0.094,0,2,4.95,0,0,0
pay_Zom6328403,252,card,mastercard,0,493,72,0.07,1,1,10.16,0,0,0
pay_Zom3441467,252,card,amex,0,35,5,0.234,0,1,2.74,0,0,0
pay_Zom1494648,2059,upi,none,1,2,0,0.054,0,1,1.07,0,0,0
pay_Zom6346688,2059,netbanking,none,1,86,14,0.196,1,6,0.49,0,0,0
pay_Zom7946441,252,upi,none,0,56,9,0.072,0,2,0.02,0,0,0
pay_Zom7899659,2059,upi,none,0,36,1,0.047,0,1,0.47,0,0,0
pay_Zom6089336,252,card,mastercard,1,120,5,0.04,0,1,3.2,0,0,0
pay_Zom8432381,2059,upi,none,0,54,5,0.353,1,1,1.82,0,1,1
pay_Zom5593537,2059,upi,none,1,61,6,0.151,0,1,5.5,0,0,0
pay_Zom3549416,252,upi,none,1,2,0,0.361,0,1,1.39,0,1,1
pay_Zom4153002,252,upi,none,0,106,7,0.032,0,1,1.54,0,0,0
pay_Zom2791327,3360,upi,none,0,15,1,0.036,1,1,3.36,0,0,0
pay_Zom3206973,2059,upi,none,0,28,3,0.176,0,2,9.7,0,0,0
pay_Zom4099531,252,upi,none,0,151,5,0.055,0,2,3.13,0,0,0
pay_Zom1439533,252,upi,none,1,45,6,0.2,0,1,0.92,0,0,0
pay_Zom5477211,252,upi,none,1,21,3,0.029,0,1,1.74,0,0,0
pay_Zom4874049,252,upi,none,0,103,14,0.037,0,1,8.97,0,0,0
pay_Zom4895376,2059,netbanking,none,0,29,1,0.021,0,1,5.68,0,0,0
pay_Zom4874066,2059,upi,none,0,37,1,0.069,0,1,0.12,0,0,0
pay_Zom1437625,252,card,visa,0,116,11,0.131,1,1,1.03,0,0,0
pay_Zom7027405,252,upi,none,0,161,27,0.0,0,1,3.24,0,0,0
pay_Zom2333376,252,upi,none,1,161,24,0.15,1,1,4.69,0,0,0
pay_Zom8996058,252,upi,none,0,78,8,0.108,0,1,0.45,0,0,0
pay_Zom3249600,252,upi,none,0,72,3,0.063,1,1,2.53,0,0,0
pay_Zom9427608,252,upi,none,0,185,24,0.059,0,1,2.89,0,0,0
pay_Zom8864546,252,upi,none,0,25,3,0.106,0,1,0.45,0,0,0
pay_Zom7273997,252,upi,none,0,19,3,0.065,0,1,2.03,0,0,0
pay_Zom4086613,252,upi,none,0,131,15,0.098,0,1,0.01,0,0,0
pay_Zom7500504,252,upi,none,0,63,6,0.023,0,1,4.21,0,1,1
pay_Zom9245088,252,netbanking,none,1,148,17,0.165,0,1,0.28,0,0,0
pay_Zom8949832,252,upi,none,0,35,5,0.272,0,2,0.55,0,1,1
pay_Zom3307080,252,card,visa,0,47,5,0.085,0,1,5.5,0,0,0
pay_Zom3747879,252,card,visa,1,272,16,0.077,0,1,1.87,0,0,0
pay_Zom4242361,252,upi,none,1,65,7,0.025,0,1,4.14,0,0,0
pay_Zom4796232,2059,card,amex,0,107,17,0.056,0,1,3.72,0,0,0
pay_Zom1540722,3360,netbanking,none,0,13,1,0.061,0,1,0.57,0,0,0
pay_Zom7854988,2059,upi,none,1,23,2,0.435,1,1,0.65,0,1,1
pay_Zom1251897,252,card,mastercard,0,4,0,0.031,0,2,3.77,0,1,1
pay_Zom5527477,2059,card,visa,0,66,8,0.116,0,1,0.95,0,0,0
pay_Zom7929728,2059,upi,none,0,540,15,0.068,0,2,2.04,0,0,0
pay_Zom4733840,252,upi,none,0,248,33,0.15,0,1,6.03,0,0,0
pay_Zom4402982,252,netbanking,none,0,120,10,0.061,0,1,1.12,0,0,0
pay_Zom4431982,2059,card,rupay,0,236,40,0.022,0,1,1.47,0,0,0
pay_Zom2109583,252,upi,none,1,108,18,0.118,0,1,1.32,0,0,0
pay_Zom3970879,252,upi,none,1,55,5,0.014,0,1,4.8,0,0,0
pay_Zom8369982,2059,netbanking,none,1,22,3,0.016,0,1,1.36,0,0,0
pay_Zom9219877,2059,upi,none,0,127,8,0.08,0,1,1.69,0,0,0
pay_Zom6450844,252,card,mastercard,0,25,3,0.075,1,1,2.84,0,0,0
pay_Zom8676330,252,upi,none,1,64,2,0.138,0,1,2.5,0,0,0
pay_Zom5140345,252,upi,none,0,209,9,0.123,0,1,1.13,0,0,0
pay_Zom8173194,2059,upi,none,0,16,2,0.07,0,1,3.29,0,0,0
pay_Zom7792537,252,upi,none,0,16,2,0.426,0,1,1.53,0,1,1
pay_Zom1701728,252,upi,none,0,30,3,0.073,0,1,2.14,0,0,0
pay_Zom7381619,2059,upi,none,0,96,7,0.085,0,1,1.66,0,0,0
pay_Zom6249548,252,upi,none,0,34,3,0.008,0,1,5.37,0,0,0
pay_Zom7612751,2059,upi,none,1,83,13,0.39,0,1,2.72,0,1,1
pay_Zom9995261,252,card,visa,0,43,2,0.054,0,1,15.36,0,0,0
pay_Zom9811906,252,upi,none,1,84,5,0.018,0,1,2.38,0,0,0
pay_Zom1646123,2059,upi,none,1,39,5,0.024,0,1,7.75,0,0,0
pay_Zom9735042,252,upi,none,0,469,79,0.192,0,1,2.98,0,0,0
pay_Zom2834023,252,upi,none,1,81,2,0.201,0,1,7.83,0,0,0
pay_Zom8576751,252,netbanking,none,0,163,24,0.002,0,1,3.82,0,0,0
pay_Zom8665517,2059,card,mastercard,0,144,17,0.169,0,1,0.45,0,0,0
pay_Zom1711620,3360,upi,none,0,80,4,0.11,0,1,0.35,0,0,0
pay_Zom5122525,3360,card,visa,0,32,4,0.059,0,1,5.06,0,0,0
pay_Zom9702386,252,upi,none,0,85,11,0.196,0,1,4.03,0,0,0
pay_Zom7637254,252,upi,none,0,137,5,0.022,0,1,2.1,0,0,0
pay_Zom1658532,252,upi,none,0,73,7,0.074,0,2,1.96,0,0,0
pay_Zom7499457,2059,card,rupay,0,10,1,0.219,1,1,3.78,0,0,0
pay_Zom9659168,252,upi,none,0,2,0,0.085,0,1,2.84,0,0,0
pay_Zom1827040,3360,card,mastercard,0,47,4,0.097,0,2,0.79,0,1,1
pay_Zom4185160,252,upi,none,0,19,0,0.051,1,1,7.29,0,0,0
pay_Zom5885179,3360,upi,none,1,283,19,0.059,2,1,4.25,0,0,0
pay_Zom8374490,2059,netbanking,none,0,23,1,0.154,0,1,3.69,0,0,0
pay_Zom7678001,2059,upi,none,1,60,6,0.197,0,1,2.26,0,0,0
pay_Zom6109570,252,card,visa,0,149,6,0.039,0,1,10.19,0,1,1
pay_Zom5796850,252,card,visa,0,202,16,0.037,0,1,0.04,0,0,0
pay_Zom8740121,252,netbanking,none,0,77,4,0.12,0,2,4.2,0,0,0
pay_Zom3793181,252,upi,none,0,23,3,0.066,0,1,14.19,0,0,0
pay_Zom8087739,252,upi,none,1,37,4,0.037,0,2,3.13,0,1,1
pay_Zom5939543,252,card,rupay,0,65,2,0.011,0,1,3.15,0,0,0
pay_Zom1915141,252,upi,none,0,54,9,0.17,0,1,5.53,0,0,0
pay_Zom9673311,2059,upi,none,0,51,7,0.141,0,1,0.08,0,0,0
pay_Zom3386384,2059,upi,none,0,16,1,0.202,1,1,0.43,0,0,0
pay_Zom8777564,252,upi,none,1,293,28,0.091,1,1,6.54,0,0,0
pay_Zom8578236,3360,upi,none,0,3,0,0.124,0,1,3.74,0,0,0
pay_Zom2517344,252,upi,none,1,69,12,0.175,0,1,14.19,0,0,0
pay_Zom9399643,252,upi,none,0,471,10,0.001,0,1,1.83,0,1,1
pay_Zom2898704,252,upi,none,0,129,16,0.44,0,1,2.07,0,0,0
pay_Zom4016063,2059,upi,none,0,52,5,0.041,1,1,3.82,0,0,0
pay_Zom3270069,252,card,rupay,0,18,2,0.169,0,1,0.7,0,0,0
pay_Zom7594565,252,card,visa,1,398,32,0.255,0,1,1.19,0,1,1
pay_Zom7938373,2059,upi,none,0,1,0,0.073,0,1,6.89,0,0,0
pay_Zom6426773,252,upi,none,0,137,19,0.221,0,1,5.69,0,0,0
pay_Zom8564609,2059,upi,none,1,254,7,0.081,0,1,2.96,0,1,1
pay_Zom1417955,3360,upi,none,0,3,0,0.146,0,1,1.55,0,1,1
pay_Zom4001084,3360,card,visa,0,154,8,0.017,0,1,3.54,0,0,0
pay_Zom8611499,252,card,amex,0,810,35,0.003,0,1,0.66,0,0,0
pay_Zom4387856,252,card,amex,0,122,2,0.215,0,1,1.99,0,0,0
pay_Zom8628318,252,upi,none,0,64,7,0.047,0,1,2.45,0,0,0
pay_Zom2512963,252,upi,none,0,248,36,0.046,0,1,2.17,0,0,0
pay_Zom5195684,252,upi,none,1,96,16,0.016,0,1,1.9,0,0,0
pay_Zom6437072,252,upi,none,0,166,15,0.065,0,1,1.65,0,0,0
pay_Zom3751363,3360,upi,none,1,106,6,0.496,0,1,3.02,0,1,1
pay_Zom3072728,3360,upi,none,0,4,0,0.007,0,1,1.55,0,0,0
pay_Zom2529935,252,upi,none,0,28,4,0.307,0,1,3.12,0,1,1
pay_Zom2915369,252,upi,none,1,9,1,0.032,0,1,2.57,0,1,1
pay_Zom8539654,252,upi,none,1,13,0,0.272,1,2,1.53,0,1,1
pay_Zom7089179,252,upi,none,0,1,0,0.019,0,1,5.38,0,0,0
pay_Zom2431206,2059,netbanking,none,0,65,3,0.188,0,1,0.15,0,0,0
pay_Zom9788196,2059,upi,none,1,23,0,0.115,0,1,1.1,0,0,0
pay_Zom7443916,2059,upi,none,1,232,34,0.095,0,1,2.39,0,0,0
pay_Zom9584338,2059,upi,none,1,166,18,0.088,0,1,8.54,0,0,0
pay_Zom3682671,252,netbanking,none,0,102,6,0.335,0,3,0.26,0,1,1
pay_Zom7353173,2059,upi,none,0,80,10,0.265,0,1,3.07,0,1,1
pay_Zom7385526,252,card,mastercard,0,35,4,0.223,0,1,0.65,0,0,0
pay_Zom1736621,252,upi,none,1,77,11,0.136,0,2,0.04,0,1,1
pay_Zom3866974,252,card,mastercard,0,123,8,0.091,1,1,7.05,0,0,0
pay_Zom6623607,252,upi,none,0,182,4,0.039,0,1,7.32,0,0,0
pay_Zom3518087,252,upi,none,1,10,1,0.252,0,1,1.12,0,1,1
pay_Zom3719990,252,upi,none,0,147,23,0.024,1,2,6.9,0,1,1
pay_Zom3426109,3360,upi,none,1,162,8,0.054,0,1,1.66,0,0,0
pay_Zom4000886,252,card,amex,0,98,8,0.031,0,1,0.17,0,0,0
pay_Zom1860847,252,upi,none,0,28,1,0.174,1,1,0.89,0,0,0
pay_Zom8039412,252,upi,none,0,92,2,0.111,1,2,3.68,0,0,0
pay_Zom6168426,2059,netbanking,none,0,83,13,0.293,0,1,0.81,0,1,1
pay_Zom6192855,252,upi,none,0,77,3,0.291,1,1,3.01,0,1,1
pay_Zom8486970,3360,netbanking,none,0,74,10,0.23,0,1,0.71,0,0,0
pay_Zom5844933,2059,upi,none,0,14,1,0.025,0,2,0.82,0,0,0
pay_Zom4031576,252,netbanking,none,1,24,1,0.09,1,3,3.94,1,0,1
pay_Zom2972228,2059,upi,none,0,12,2,0.153,0,1,7.14,0,0,0
pay_Zom3207395,252,upi,none,0,33,4,0.034,0,1,4.83,0,0,0
pay_Zom4403286,252,upi,none,0,36,4,0.06,1,1,0.21,0,0,0
pay_Zom1059272,2059,upi,none,0,33,4,0.453,0,2,8.98,0,1,1
pay_Zom5246497,252,upi,none,1,28,2,0.194,0,1,0.61,0,0,0
pay_Zom1204812,252,upi,none,0,159,17,0.027,0,1,4.55,0,0,0
pay_Zom8694746,252,netbanking,none,0,204,12,0.033,0,1,4.56,0,0,0
pay_Zom9348805,252,netbanking,none,1,47,7,0.352,0,1,2.1,0,1,1
pay_Zom9365828,3360,netbanking,none,0,43,4,0.452,0,1,2.91,0,1,1
pay_Zom1096478,252,netbanking,none,0,222,13,0.062,0,1,0.35,0,0,0
pay_Zom9278999,2059,card,visa,1,117,19,0.035,0,1,12.62,0,0,0
pay_Zom4990936,252,netbanking,none,1,41,4,0.119,0,1,0.23,0,0,0
pay_Zom4638539,2059,card,rupay,0,150,14,0.082,0,1,8.43,0,0,0
pay_Zom8981122,252,upi,none,0,50,1,0.157,3,1,1.0,0,0,0
pay_Zom8612468,252,card,mastercard,1,105,17,0.001,1,1,1.74,0,0,0
pay_Zom7881198,2059,netbanking,none,0,589,101,0.047,0,1,4.96,0,0,0
pay_Zom8413438,252,card,visa,1,43,4,0.132,0,2,7.4,0,0,0
pay_Zom2332193,252,upi,none,1,320,29,0.063,0,2,4.16,0,0,0
pay_Zom1110277,252,upi,none,0,46,3,0.257,0,1,0.45,0,1,1
pay_Zom5105605,2059,card,rupay,0,93,5,0.097,0,1,1.52,0,0,0
pay_Zom5665960,252,netbanking,none,0,73,8,0.06,0,2,3.3,0,0,0
pay_Zom4483580,3360,upi,none,0,183,7,0.135,0,1,15.03,0,0,0
pay_Zom1820721,252,upi,none,0,7,1,0.058,0,1,1.82,0,0,0
pay_Zom4101100,252,upi,none,1,118,5,0.102,0,1,1.26,0,0,0
pay_Zom3487325,2059,upi,none,0,171,23,0.146,0,1,1.15,0,0,0
pay_Zom1923819,2059,upi,none,0,76,5,0.006,1,1,6.73,0,0,0
pay_Zom6855581,2059,upi,none,1,13,0,0.154,0,1,0.65,0,0,0
pay_Zom1616077,3360,netbanking,none,0,33,3,0.11,0,1,3.62,0,0,0
pay_Zom3438977,252,card,rupay,0,136,19,0.031,0,1,6.6,0,0,0
pay_Zom1544120,252,upi,none,0,270,36,0.131,0,1,6.72,0,0,0
pay_Zom6007018,252,netbanking,none,0,65,3,0.074,0,1,0.49,0,0,0
pay_Zom6555122,2059,upi,none,1,98,7,0.156,0,1,5.52,0,0,0
pay_Zom2471406,2059,upi,none,0,31,4,0.176,0,3,8.82,0,1,1
pay_Zom1822609,252,upi,none,0,63,8,0.066,0,1,5.34,0,0,0
pay_Zom2826831,252,card,visa,0,49,6,0.134,0,1,4.23,0,0,0
pay_Zom7995376,252,card,visa,1,127,8,0.039,0,1,2.55,0,0,0
pay_Zom3990511,2059,netbanking,none,1,501,73,0.195,0,1,5.11,0,1,1
pay_Zom3706755,252,upi,none,0,201,15,0.257,0,1,3.01,0,1,1
pay_Zom5771113,252,upi,none,1,25,2,0.17,0,2,1.83,0,0,0
pay_Zom3976601,252,upi,none,0,103,6,0.046,1,1,2.38,0,0,0
pay_Zom8639301,2059,card,mastercard,0,8,0,0.338,0,1,3.72,0,1,1
pay_Zom7042962,2059,card,amex,1,34,2,0.13,0,1,2.87,0,0,0
pay_Zom1601296,2059,upi,none,0,22,0,0.119,0,1,3.87,0,0,0
pay_Zom2562399,252,upi,none,0,49,4,0.292,0,1,14.0,0,0,0
pay_Zom6021328,252,netbanking,none,0,136,18,0.101,0,1,1.06,0,0,0
pay_Zom6416051,2059,netbanking,none,0,83,14,0.017,0,1,19.11,0,0,0
pay_Zom7183568,3360,upi,none,0,324,10,0.105,0,1,0.19,0,0,0
pay_Zom7357547,252,card,visa,0,28,1,0.019,0,1,3.28,0,0,0
pay_Zom2135258,252,upi,none,0,54,5,0.014,0,1,9.51,0,0,0
pay_Zom8169304,252,upi,none,0,48,2,0.026,0,1,0.38,0,0,0
pay_Zom2089275,252,upi,none,0,32,1,0.18,0,1,16.19,0,0,0
pay_Zom5912917,2059,upi,none,0,598,55,0.014,0,1,8.78,0,0,0
pay_Zom8898995,252,upi,none,1,58,6,0.183,0,1,6.74,0,0,0
pay_Zom3257303,252,upi,none,0,338,51,0.046,0,1,2.62,0,0,0
pay_Zom3047210,252,upi,none,1,59,10,0.086,1,1,0.84,0,0,0
pay_Zom5603979,252,upi,none,1,27,3,0.076,0,1,0.33,0,0,0
pay_Zom6523202,252,upi,none,0,15,0,0.079,0,1,0.23,0,0,0
pay_Zom9842477,252,upi,none,0,232,32,0.079,0,1,3.1,0,0,0
pay_Zom7941705,252,card,amex,0,3,0,0.079,0,2,4.24,0,1,1
pay_Zom9802102,2059,upi,none,0,400,36,0.17,0,1,0.87,0,0,0
pay_Zom4520621,252,upi,none,0,64,10,0.025,0,1,2.35,0,0,0
pay_Zom4507293,252,netbanking,none,0,34,4,0.034,0,1,2.63,0,0,0
pay_Zom1976175,3360,upi,none,0,115,14,0.082,0,1,7.95,1,0,1
pay_Zom2833787,2059,upi,none,1,17,0,0.116,0,1,0.47,0,0,0
pay_Zom9874251,2059,upi,none,1,8,1,0.197,0,1,5.59,0,1,1
pay_Zom2470854,252,card,mastercard,0,211,31,0.167,0,1,5.16,0,0,0
pay_Zom9114518,252,card,amex,0,66,4,0.084,0,1,4.0,0,0,0
pay_Zom5818203,252,upi,none,0,87,5,0.27,0,1,1.0,0,1,1
pay_Zom8164770,252,card,amex,0,23,0,0.139,0,2,0.18,0,0,0
pay_Zom6309796,252,upi,none,1,7,0,0.027,0,1,5.34,0,0,0
pay_Zom5356372,3360,netbanking,none,1,55,6,0.065,0,1,2.87,0,1,1
pay_Zom9814602,252,upi,none,0,84,4,0.083,1,1,3.46,0,0,0
pay_Zom6936673,252,card,rupay,0,174,29,0.111,0,1,6.69,0,0,0
pay_Zom3176225,252,upi,none,0,83,12,0.036,0,1,0.5,0,0,0
pay_Zom9328158,252,upi,none,1,183,13,0.235,0,2,0.81,0,0,0
pay_Zom9719216,2059,netbanking,none,0,14,1,0.02,0,1,1.91,0,0,0
pay_Zom9350710,252,card,mastercard,0,7,0,0.363,0,2,1.53,0,1,1
pay_Zom9262853,2059,upi,none,1,20,0,0.033,0,1,10.48,0,0,0
pay_Zom4018342,3360,upi,none,1,177,4,0.002,0,1,1.34,0,0,0
pay_Zom4904421,252,upi,none,1,170,15,0.115,2,1,8.04,0,0,0
pay_Zom5873580,252,upi,none,0,18,3,0.005,0,2,2.66,0,1,1
pay_Zom4247321,3360,upi,none,0,3,0,0.022,0,1,0.35,0,0,0
pay_Zom1026523,2059,upi,none,0,138,20,0.176,0,3,3.91,1,0,1
pay_Zom2983186,252,upi,none,1,231,27,0.098,0,1,4.82,0,0,0
pay_Zom1402431,3360,upi,none,1,168,26,0.104,0,1,0.62,0,0,0
pay_Zom8799486,252,upi,none,1,27,2,0.114,1,1,1.9,0,0,0
pay_Zom2978465,3360,upi,none,0,105,5,0.137,0,1,0.56,0,0,0
pay_Zom4478434,252,upi,none,1,169,21,0.14,0,1,0.68,0,0,0
pay_Zom7956372,252,card,visa,0,35,5,0.131,0,1,4.07,0,0,0
pay_Zom7946457,2059,upi,none,0,90,2,0.026,0,1,2.39,0,0,0
pay_Zom1763232,252,upi,none,0,45,2,0.498,1,2,0.11,0,1,1
pay_Zom6600104,252,upi,none,0,30,1,0.001,0,1,9.55,0,0,0
pay_Zom6866154,252,upi,none,0,419,15,0.074,0,1,4.11,0,0,0
pay_Zom4562439,3360,card,amex,1,292,16,0.129,0,1,0.19,0,0,0
pay_Zom1189536,2059,upi,none,1,70,5,0.123,0,1,4.46,0,0,0
pay_Zom4375360,2059,upi,none,0,17,2,0.053,0,1,6.36,0,0,0
pay_Zom5724912,252,card,mastercard,0,156,24,0.087,1,1,1.82,0,0,0
pay_Zom5268417,2059,netbanking,none,0,35,5,0.015,0,1,4.92,0,0,0
pay_Zom2138100,252,upi,none,0,22,0,0.111,0,1,1.2,0,0,0
pay_Zom6163566,252,upi,none,0,57,1,0.068,1,1,0.45,0,0,0
pay_Zom6037929,2059,upi,none,1,90,3,0.025,0,1,12.34,0,0,0
pay_Zom9500841,252,upi,none,0,12,1,0.216,0,6,0.02,0,0,0
pay_Zom6434540,252,upi,none,1,101,4,0.019,0,1,2.59,0,0,0
pay_Zom1102865,252,upi,none,1,1,0,0.092,0,1,0.36,0,0,0
pay_Zom2909863,252,upi,none,0,266,15,0.159,0,1,3.18,0,0,0
pay_Zom6591559,2059,netbanking,none,0,304,7,0.083,0,1,0.02,0,0,0
pay_Zom6727097,252,upi,none,1,158,5,0.288,0,1,0.23,0,1,1
pay_Zom7644605,2059,upi,none,0,75,10,0.001,2,1,4.28,0,0,0
pay_Zom1488508,252,card,rupay,1,35,1,0.152,0,1,5.81,0,0,0
pay_Zom3946567,252,upi,none,1,163,9,0.063,1,1,5.53,0,1,1
pay_Zom4255041,252,upi,none,0,322,25,0.113,1,1,0.67,0,0,0
pay_Zom6545118,2059,upi,none,1,20,2,0.175,0,1,0.02,0,0,0
pay_Zom6669639,2059,upi,none,0,75,7,0.116,0,1,4.84,0,0,0
pay_Zom9038102,3360,upi,none,1,45,7,0.009,0,2,0.71,0,1,1
pay_Zom8960796,2059,upi,none,0,52,4,0.104,0,1,1.34,0,0,0
pay_Zom1596568,252,upi,none,1,62,3,0.157,0,2,1.12,0,0,0
pay_Zom3277572,2059,upi,none,0,363,38,0.086,0,1,9.39,0,0,0
pay_Zom9078154,3360,netbanking,none,1,35,3,0.051,0,2,7.34,0,1,1
pay_Zom3606949,2059,upi,none,0,81,11,0.026,0,1,2.12,0,0,0
pay_Zom8727886,252,upi,none,0,363,61,0.245,0,1,5.5,0,0,0
pay_Zom6622207,252,netbanking,none,0,77,11,0.067,0,1,4.79,0,0,0
pay_Zom8758960,2059,upi,none,1,239,19,0.005,0,1,2.22,0,0,0
pay_Zom7944979,2059,upi,none,0,7,0,0.08,0,1,0.35,0,0,0
pay_Zom1939897,252,upi,none,0,366,60,0.013,0,1,5.2,0,0,0
pay_Zom9742158,2059,card,rupay,1,24,1,0.058,0,1,3.96,0,1,1
pay_Zom6022154,3360,upi,none,1,469,67,0.044,0,1,0.6,0,0,0
pay_Zom6293259,252,card,amex,0,23,4,0.265,0,2,2.33,0,1,1
pay_Zom9990666,2059,netbanking,none,1,70,7,0.233,0,1,5.55,0,0,0
pay_Zom1314043,252,upi,none,0,44,4,0.112,0,1,5.12,0,0,0
pay_Zom4494064,252,upi,none,1,68,8,0.012,0,2,12.42,0,1,1
pay_Zom6565326,252,upi,none,1,34,1,0.053,1,1,2.18,0,0,0
pay_Zom6932348,252,upi,none,0,403,39,0.002,0,1,6.13,0,0,0
pay_Zom2110870,2059,upi,none,0,43,3,0.224,1,1,0.03,0,0,0
pay_Zom3504920,252,upi,none,0,127,5,0.051,0,1,3.6,0,0,0
pay_Zom5705338,252,card,amex,0,17,1,0.014,0,1,1.14,0,0,0
pay_Zom1522998,252,upi,none,1,208,23,0.17,1,1,0.59,0,0,0
pay_Zom6690033,252,netbanking,none,0,93,13,0.138,0,1,4.69,1,0,1
pay_Zom7295495,252,card,visa,1,466,74,0.002,0,1,1.62,0,0,0
pay_Zom9963616,2059,upi,none,0,66,3,0.141,0,1,3.33,0,0,0
pay_Zom3784505,252,card,mastercard,1,26,3,0.158,1,3,6.21,1,0,1
pay_Zom7535837,2059,upi,none,1,50,3,0.198,0,1,2.7,0,0,0
pay_Zom4143696,2059,card,visa,1,160,19,0.032,0,1,2.03,0,0,0
pay_Zom2960327,252,upi,none,0,129,20,0.045,0,1,3.4,0,0,0
pay_Zom6172103,2059,upi,none,0,180,10,0.095,0,1,19.39,0,0,0
pay_Zom6276424,252,card,visa,0,9,1,0.065,0,1,0.47,0,0,0
pay_Zom1530633,252,upi,none,0,104,10,0.042,0,1,1.11,0,0,0
pay_Zom5554970,252,card,rupay,0,322,47,0.094,0,1,9.53,0,0,0
pay_Zom7943579,252,upi,none,1,13,1,0.07,0,2,18.42,0,0,0
pay_Zom2456225,252,upi,none,0,11,1,0.209,0,2,2.86,0,1,1
pay_Zom9339189,2059,upi,none,0,151,9,0.029,0,1,0.06,0,0,0
pay_Zom4986975,252,netbanking,none,0,45,5,0.329,0,1,6.21,0,0,0
pay_Zom7234137,2059,upi,none,0,128,14,0.156,0,2,3.49,0,0,0
pay_Zom8581730,252,card,mastercard,0,94,8,0.16,2,1,2.61,0,0,0
pay_Zom6077267,2059,card,visa,1,512,41,0.264,1,1,11.78,0,1,1
pay_Zom4626225,252,netbanking,none,0,263,19,0.022,0,1,0.5,0,0,0
pay_Zom9809723,252,card,rupay,1,136,2,0.018,1,2,1.48,0,1,1
pay_Zom6072059,252,upi,none,0,36,1,0.147,0,1,3.45,0,0,0
pay_Zom3936226,252,netbanking,none,1,36,1,0.084,0,1,0.02,0,0,0
pay_Zom2882928,252,card,amex,0,256,39,0.048,0,1,7.02,0,0,0
pay_Zom7278297,2059,card,visa,1,105,16,0.111,3,1,5.03,0,0,0
pay_Zom1627384,252,upi,none,0,186,28,0.149,0,1,0.94,0,0,0
pay_Zom4390648,2059,upi,none,0,71,10,0.129,1,1,1.29,0,0,0
pay_Zom2553639,2059,upi,none,0,13,0,0.127,0,1,1.28,0,0,0
pay_Zom8445293,2059,upi,none,1,48,4,0.019,0,2,6.91,0,0,0
pay_Zom9489182,252,upi,none,1,21,3,0.246,1,1,1.36,0,0,0
pay_Zom1418336,252,upi,none,0,182,25,0.062,0,1,1.15,0,1,1
pay_Zom9097744,3360,upi,none,0,144,2,0.204,0,1,4.71,0,0,0
pay_Zom9389519,2059,upi,none,0,11,1,0.096,0,1,3.03,0,0,0
pay_Zom3584996,252,upi,none,0,116,2,0.018,0,1,1.56,0,0,0
pay_Zom4191222,252,upi,none,0,248,16,0.197,0,3,3.0,0,0,0
pay_Zom6706197,252,card,amex,0,143,12,0.002,0,1,8.82,0,0,0
pay_Zom9111313,252,upi,none,1,85,13,0.003,0,1,2.1,0,0,0
pay_Zom9785019,2059,upi,none,1,44,5,0.179,0,1,0.02,0,1,1
pay_Zom6206955,252,upi,none,0,261,20,0.094,0,1,4.63,0,0,0
pay_Zom6491819,252,upi,none,0,65,6,0.052,1,1,22.21,0,0,0
pay_Zom3404091,252,card,mastercard,0,232,34,0.025,0,1,0.19,0,0,0
pay_Zom2648387,252,card,visa,0,183,12,0.008,0,1,3.31,0,0,0
pay_Zom9659503,2059,upi,none,0,203,24,0.011,0,2,1.78,0,0,0
pay_Zom3226624,2059,upi,none,0,550,34,0.008,0,1,2.91,0,0,0
pay_Zom4442468,252,card,amex,1,165,15,0.061,1,1,1.29,0,0,0
pay_Zom1613249,2059,upi,none,1,4,0,0.362,0,1,4.9,0,1,1
pay_Zom8706923,252,upi,none,0,27,4,0.12,0,6,0.34,0,0,0
pay_Zom7502651,252,upi,none,0,4,0,0.262,0,1,0.33,0,1,1
pay_Zom9763492,252,upi,none,1,25,1,0.021,1,1,2.72,0,1,1
pay_Zom2943405,252,upi,none,1,7,0,0.066,1,1,1.35,0,1,1
pay_Zom1068952,252,upi,none,0,83,9,0.235,0,1,8.98,0,0,0
pay_Zom6217400,252,upi,none,1,3,0,0.001,0,1,0.75,0,0,0
pay_Zom1738700,2059,upi,none,0,76,2,0.044,0,1,5.23,0,0,0
pay_Zom2460891,252,upi,none,0,274,7,0.283,0,1,12.86,0,1,1
pay_Zom6591674,2059,upi,none,0,165,24,0.114,1,1,1.38,0,0,0
pay_Zom8832877,252,upi,none,1,345,46,0.062,0,1,8.73,0,0,0
pay_Zom1774096,3360,upi,none,0,30,4,0.121,0,1,1.33,0,0,0
pay_Zom2729778,2059,upi,none,0,90,11,0.06,0,1,2.83,0,0,0
pay_Zom9733844,252,card,amex,1,46,6,0.078,2,1,0.0,0,0,0
pay_Zom6242557,2059,upi,none,1,81,6,0.15,1,1,1.07,0,0,0
pay_Zom1377156,252,upi,none,1,97,11,0.054,1,1,0.19,0,0,0
pay_Zom6236888,2059,upi,none,0,4,0,0.162,0,1,0.11,0,0,0
pay_Zom4520626,252,upi,none,1,31,1,0.011,0,6,19.03,0,0,0
pay_Zom6383479,2059,upi,none,0,146,12,0.046,1,1,5.07,0,1,1
pay_Zom4364763,2059,upi,none,0,177,24,0.035,1,1,1.44,0,0,0
pay_Zom4230379,252,card,mastercard,0,101,10,0.048,0,1,4.0,0,0,0
pay_Zom5807802,252,netbanking,none,0,37,4,0.172,0,1,2.62,0,0,0
pay_Zom5641409,2059,upi,none,0,62,4,0.043,0,1,8.75,0,0,0
pay_Zom9930106,252,upi,none,1,12,0,0.087,0,2,1.0,0,1,1
pay_Zom6354444,252,card,rupay,0,367,9,0.042,0,1,2.51,0,0,0
pay_Zom8400692,252,upi,none,0,243,41,0.08,0,1,0.02,0,0,0
pay_Zom2973853,252,card,rupay,0,8,1,0.165,0,1,4.55,0,0,0
pay_Zom5574378,3360,upi,none,0,21,1,0.2,0,1,3.02,0,0,0
pay_Zom3505186,252,upi,none,0,104,4,0.005,0,1,3.42,0,1,1
pay_Zom3642344,252,upi,none,1,31,0,0.004,1,1,4.53,0,0,0
pay_Zom5590865,2059,netbanking,none,1,326,18,0.025,0,1,1.68,0,0,0
pay_Zom2920326,2059,card,visa,1,169,12,0.06,0,3,0.6,0,1,1
pay_Zom1255965,252,upi,none,0,38,2,0.272,1,1,0.71,0,1,1
pay_Zom9624506,252,card,amex,0,0,0,0.051,0,1,4.61,0,0,0
pay_Zom2717572,3360,upi,none,0,192,26,0.064,0,1,18.0,0,0,0
pay_Zom4465793,2059,card,rupay,1,66,2,0.088,1,1,2.09,0,0,0
pay_Zom6877363,252,card,visa,0,123,16,0.09,2,1,0.66,0,0,0
pay_Zom6343290,252,upi,none,0,40,4,0.143,0,1,0.25,0,0,0
pay_Zom5547499,252,upi,none,0,18,0,0.142,0,1,2.3,0,0,0
pay_Zom3374929,252,netbanking,none,0,134,18,0.079,0,1,4.41,0,0,0
pay_Zom5752443,252,netbanking,none,0,71,2,0.35,0,1,3.23,0,1,1
pay_Zom5107483,2059,upi,none,0,32,1,0.033,0,1,1.21,0,0,0
pay_Zom3873517,252,upi,none,1,17,0,0.064,0,1,3.16,0,0,0
pay_Zom2195257,2059,netbanking,none,1,104,17,0.013,1,1,2.74,0,0,0
pay_Zom6224048,252,upi,none,0,155,20,0.008,0,1,0.86,0,0,0
pay_Zom6683095,2059,upi,none,0,40,3,0.028,0,1,1.84,0,0,0
pay_Zom8443172,2059,upi,none,1,159,24,0.018,0,1,7.29,0,0,0
pay_Zom1851044,252,card,amex,0,24,1,0.057,0,1,4.89,0,0,0
pay_Zom3182279,252,upi,none,0,49,8,0.068,1,1,9.29,0,0,0
pay_Zom1486416,252,upi,none,1,163,21,0.059,1,1,7.79,0,0,0
pay_Zom8897632,2059,upi,none,0,129,14,0.076,0,1,0.99,0,0,0
pay_Zom1846511,2059,netbanking,none,0,37,5,0.153,0,1,6.94,0,0,0
pay_Zom2777158,252,card,visa,0,15,1,0.013,0,1,3.34,0,0,0
pay_Zom7435734,252,card,mastercard,0,5,0,0.071,1,1,11.46,0,0,0
pay_Zom1902612,252,upi,none,0,218,33,0.083,0,1,0.76,0,0,0
pay_Zom2444846,2059,netbanking,none,0,9,0,0.31,0,2,1.47,0,1,1
pay_Zom8154907,252,card,visa,0,14,0,0.057,0,3,1.79,1,1,1
pay_Zom7575272,252,card,mastercard,0,32,0,0.406,0,1,0.08,0,1,1
pay_Zom4002836,252,netbanking,none,0,70,3,0.189,0,1,2.29,0,0,0
pay_Zom8479891,252,upi,none,0,187,14,0.03,0,1,10.08,0,0,0
pay_Zom6966385,2059,upi,none,0,34,0,0.071,0,1,5.91,0,0,0
pay_Zom6241884,252,netbanking,none,0,94,6,0.035,0,1,0.78,0,0,0
pay_Zom6575607,2059,card,amex,0,11,1,0.065,0,1,1.16,0,0,0
pay_Zom4324357,252,upi,none,0,74,11,0.015,0,2,13.08,0,0,0
pay_Zom9950391,252,upi,none,0,23,0,0.057,0,1,0.22,0,0,0
pay_Zom2317776,2059,card,amex,0,28,0,0.001,0,1,2.12,0,0,0
pay_Zom8813071,3360,upi,none,0,54,2,0.068,2,1,7.63,1,0,1
pay_Zom3211157,2059,upi,none,0,171,27,0.305,0,1,4.18,0,1,1
pay_Zom2558874,252,card,amex,1,163,15,0.181,0,1,14.13,0,0,0
pay_Zom8856366,252,upi,none,0,64,11,0.231,0,1,12.93,0,0,0
pay_Zom2631802,2059,upi,none,0,15,2,0.032,1,1,4.88,0,0,0
pay_Zom8643434,252,card,visa,0,39,6,0.089,0,2,2.33,0,0,0
pay_Zom6207508,252,upi,none,1,84,3,0.005,0,2,3.42,0,1,1
pay_Zom8808058,2059,upi,none,0,244,23,0.218,0,1,5.53,0,0,0
pay_Zom8894449,2059,upi,none,0,414,74,0.03,0,1,1.21,0,0,0
pay_Zom4887183,3360,upi,none,0,121,5,0.012,0,1,2.15,0,0,0
pay_Zom4754647,3360,upi,none,0,51,5,0.093,0,1,3.85,0,0,0
pay_Zom3411249,2059,upi,none,1,141,10,0.059,0,3,1.11,0,1,1
pay_Zom5329406,252,upi,none,1,49,4,0.103,0,2,3.75,0,1,1
pay_Zom7097668,252,upi,none,0,117,19,0.02,0,1,0.55,0,0,0
pay_Zom7577959,252,upi,none,0,33,3,0.059,0,1,1.9,0,0,0
pay_Zom4076154,252,netbanking,none,1,37,5,0.135,0,1,0.38,0,0,0
pay_Zom6541983,252,upi,none,0,9,1,0.112,0,1,6.49,0,0,0
pay_Zom6448586,252,card,amex,0,65,6,0.162,0,1,1.26,0,0,0
pay_Zom8604827,252,upi,none,1,115,16,0.037,1,2,9.12,0,0,0
pay_Zom9179005,252,card,amex,0,186,32,0.407,0,1,5.43,0,0,0
pay_Zom1507747,252,upi,none,1,199,34,0.046,1,1,1.33,0,0,0
pay_Zom2096646,252,upi,none,0,586,85,0.004,0,1,3.24,0,0,0
pay_Zom8974787,252,upi,none,0,11,1,0.186,0,1,2.03,0,0,0
pay_Zom2893930,2059,upi,none,0,81,3,0.057,0,2,5.74,0,0,0
pay_Zom6896198,252,upi,none,1,88,2,0.32,0,1,4.06,0,1,1
pay_Zom9030449,252,upi,none,0,195,11,0.077,1,1,3.71,0,0,0
pay_Zom8738351,2059,card,mastercard,0,37,2,0.004,0,1,4.54,0,0,0
pay_Zom3865574,252,upi,none,1,8,0,0.09,2,1,1.91,0,0,0
pay_Zom5735492,252,upi,none,0,45,2,0.162,0,1,1.87,0,0,0
pay_Zom6848796,252,upi,none,0,495,16,0.058,0,3,1.51,0,0,0
pay_Zom3137316,252,card,amex,0,275,28,0.233,0,1,0.61,0,0,0
pay_Zom9521981,3360,upi,none,0,60,2,0.036,1,1,1.58,0,0,0
pay_Zom2726915,252,upi,none,0,250,34,0.008,0,1,3.5,0,0,0
pay_Zom7806281,2059,upi,none,0,3,0,0.139,0,1,1.32,0,0,0
pay_Zom2794848,252,upi,none,1,45,5,0.231,0,1,0.75,0,0,0
pay_Zom6467186,252,card,amex,0,155,24,0.106,0,1,11.04,0,0,0
pay_Zom2189907,252,card,amex,1,30,1,0.351,0,1,3.05,0,1,1
pay_Zom6068701,252,upi,none,0,26,4,0.032,1,1,0.11,0,0,0
pay_Zom9937987,252,upi,none,1,237,29,0.055,1,1,5.32,0,1,1
pay_Zom8733874,252,upi,none,0,114,3,0.003,1,2,3.93,0,0,0
pay_Zom7724584,252,upi,none,0,541,38,0.242,0,1,1.72,0,0,0
pay_Zom7936404,2059,card,rupay,0,17,2,0.005,0,1,4.18,0,0,0
pay_Zom5002629,252,upi,none,0,52,6,0.259,0,1,8.6,0,0,0
pay_Zom5088457,2059,upi,none,0,44,2,0.073,0,1,0.85,0,0,0
pay_Zom3667917,2059,card,amex,0,254,43,0.056,1,2,2.63,0,0,0
pay_Zom9092903,252,upi,none,0,35,5,0.178,0,1,5.17,0,0,0
pay_Zom7439371,252,netbanking,none,0,52,7,0.291,1,1,0.3,0,0,0
pay_Zom2108301,252,card,visa,0,18,2,0.492,0,1,4.88,0,0,0
pay_Zom6716235,2059,card,mastercard,1,179,25,0.196,0,1,5.05,0,0,0
pay_Zom4493656,252,upi,none,1,32,2,0.286,0,1,2.82,0,1,1
pay_Zom8233471,2059,netbanking,none,0,8,0,0.198,0,1,5.38,0,0,0
pay_Zom8304023,252,card,amex,0,68,10,0.063,0,1,3.88,0,0,0
pay_Zom6741177,2059,upi,none,0,59,2,0.072,0,1,1.37,0,0,0
pay_Zom4962012,252,upi,none,1,23,1,0.157,0,1,0.55,0,0,0
pay_Zom3903892,2059,upi,none,1,17,0,0.02,0,1,11.47,0,0,0
pay_Zom2306851,252,netbanking,none,0,272,13,0.023,1,1,3.0,0,0,0
pay_Zom9164301,252,card,visa,0,8,0,0.114,0,1,4.36,0,0,0
pay_Zom2918019,252,netbanking,none,0,12,1,0.063,0,1,2.72,0,0,0
pay_Zom8766314,252,card,mastercard,0,33,4,0.06,0,1,4.76,0,0,0
pay_Zom6458938,3360,upi,none,0,366,16,0.012,0,2,0.58,1,0,1
pay_Zom2638360,252,upi,none,0,10,1,0.209,0,2,0.88,0,1,1
pay_Zom8469488,252,upi,none,0,203,24,0.04,0,1,6.73,0,0,0
pay_Zom3955709,252,upi,none,0,267,17,0.207,0,1,0.2,0,0,0
pay_Zom6167981,252,upi,none,1,56,3,0.048,0,1,2.13,0,0,0
pay_Zom7808088,252,netbanking,none,0,41,2,0.237,0,1,0.74,0,0,0
pay_Zom2167822,2059,netbanking,none,0,135,18,0.041,0,3,2.95,1,0,1
pay_Zom2824432,252,upi,none,0,145,10,0.109,0,2,2.19,0,0,0
pay_Zom7357071,3360,card,mastercard,0,181,11,0.133,0,2,4.69,0,0,0
pay_Zom6492998,252,upi,none,1,213,5,0.275,0,1,1.29,0,1,1
pay_Zom9292896,252,upi,none,0,37,6,0.116,0,1,1.91,0,0,0
pay_Zom2031500,2059,card,visa,0,139,19,0.055,0,1,0.93,0,0,0
pay_Zom2518891,2059,upi,none,0,17,1,0.151,1,1,0.38,0,0,0
pay_Zom4650919,252,netbanking,none,0,85,14,0.102,0,1,0.9,0,0,0
pay_Zom3330636,2059,card,visa,1,113,7,0.17,1,1,8.0,0,0,0
pay_Zom1003092,252,card,rupay,0,21,2,0.244,2,2,2.31,0,0,0
pay_Zom3461642,252,upi,none,0,9,0,0.182,0,1,2.7,0,0,0
pay_Zom3503436,2059,upi,none,0,25,1,0.071,0,1,4.73,0,0,0
pay_Zom8599649,252,upi,none,0,65,10,0.189,0,2,6.99,0,0,0
pay_Zom9912993,252,card,rupay,0,262,38,0.061,0,1,0.08,0,0,0
pay_Zom5890613,2059,netbanking,none,0,91,6,0.147,0,3,0.47,0,0,0
pay_Zom7542823,3360,upi,none,0,165,5,0.025,0,1,1.95,0,0,0
pay_Zom8502096,252,card,amex,1,22,1,0.052,0,1,0.78,0,0,0
pay_Zom4282741,252,upi,none,0,13,1,0.149,0,1,2.25,0,0,0
pay_Zom4450430,252,upi,none,0,32,1,0.107,0,1,3.34,0,0,0
pay_Zom6311628,3360,card,rupay,0,45,5,0.016,0,1,2.36,0,0,0
pay_Zom6028724,2059,card,visa,0,95,15,0.192,0,1,3.98,0,0,0
pay_Zom6109503,252,upi,none,0,255,12,0.028,0,1,0.07,0,0,0
pay_Zom8293509,252,upi,none,0,66,10,0.123,0,1,2.73,0,0,0
pay_Zom6775801,252,upi,none,0,87,2,0.017,0,2,4.45,0,0,0
pay_Zom2497994,2059,upi,none,1,0,0,0.093,0,1,19.94,0,0,0
pay_Zom1136218,2059,netbanking,none,0,4,0,0.059,0,1,0.39,0,0,0
pay_Zom9563491,2059,upi,none,1,10,0,0.272,0,2,0.04,0,1,1
pay_Zom7781307,3360,upi,none,1,144,7,0.246,0,1,1.2,1,0,1
pay_Zom3140029,252,upi,none,1,79,13,0.276,0,1,1.4,0,1,1
pay_Zom5935599,252,netbanking,none,0,25,0,0.074,0,1,5.78,0,0,0
pay_Zom2047075,252,card,rupay,1,107,11,0.079,0,1,1.01,0,0,0
pay_Zom7194532,252,card,mastercard,1,94,7,0.048,0,1,0.99,0,0,0
pay_Zom1891328,252,upi,none,0,11,1,0.091,0,1,7.15,0,0,0
pay_Zom1014148,252,card,visa,0,122,12,0.114,0,1,1.96,0,0,0
pay_Zom7027124,2059,upi,none,0,174,18,0.234,2,2,3.75,0,0,0
pay_Zom2840432,2059,card,amex,0,40,2,0.125,1,1,0.82,0,0,0
pay_Zom5734685,252,netbanking,none,0,139,17,0.194,0,1,3.23,0,0,0
pay_Zom1523193,252,upi,none,0,26,0,0.14,0,1,7.87,0,0,0
pay_Zom4946691,252,upi,none,1,169,3,0.044,0,1,4.6,0,0,0
pay_Zom8242984,2059,upi,none,0,291,28,0.058,0,1,0.53,0,0,0
pay_Zom7614724,2059,upi,none,1,69,7,0.056,0,1,0.49,0,0,0
pay_Zom6337290,252,upi,none,0,33,2,0.075,1,3,0.38,0,0,0
pay_Zom7422144,252,netbanking,none,0,61,6,0.055,0,1,8.8,0,0,0
pay_Zom7812097,252,upi,none,0,34,3,0.136,0,1,3.29,0,0,0
pay_Zom7401599,252,upi,none,0,0,0,0.203,0,2,0.06,0,0,0
pay_Zom8301277,252,card,mastercard,1,126,15,0.022,1,1,6.38,0,0,0
pay_Zom4543617,2059,netbanking,none,0,5,0,0.341,0,1,1.38,0,1,1
pay_Zom3909338,2059,upi,none,0,28,2,0.092,1,1,3.95,0,0,0
pay_Zom8967020,252,upi,none,1,153,22,0.144,0,1,6.68,0,0,0
pay_Zom3333188,2059,upi,none,0,131,7,0.173,1,1,4.91,0,0,0
pay_Zom4157922,3360,upi,none,1,9,1,0.349,0,2,6.03,0,1,1
pay_Zom7452434,252,upi,none,0,129,15,0.066,0,1,5.71,0,0,0
pay_Zom7044627,252,upi,none,0,320,39,0.477,0,1,0.57,0,1,1
pay_Zom8000050,3360,upi,none,0,9,1,0.294,0,1,1.72,0,1,1
pay_Zom3588175,252,upi,none,1,64,3,0.01,0,1,8.6,0,0,0
pay_Zom5839738,3360,upi,none,0,156,12,0.058,0,1,0.34,1,0,1
pay_Zom3106365,3360,upi,none,1,132,4,0.124,0,1,13.12,0,0,0
pay_Zom3252801,2059,upi,none,1,30,4,0.061,0,1,0.9,0,0,0
pay_Zom1194661,2059,upi,none,0,21,3,0.001,0,1,3.37,0,0,0
pay_Zom2203698,2059,upi,none,0,184,15,0.268,0,2,1.39,0,0,0
pay_Zom1263533,2059,card,mastercard,1,375,28,0.269,1,1,14.21,0,1,1
pay_Zom3415850,252,upi,none,0,175,21,0.073,0,1,2.6,0,0,0
pay_Zom9165493,252,card,mastercard,0,396,12,0.082,0,2,0.57,0,0,0
pay_Zom8327199,252,upi,none,0,111,7,0.264,0,1,6.57,0,1,1
pay_Zom3277939,2059,upi,none,1,317,24,0.134,0,1,1.8,0,0,0
pay_Zom2420416,252,upi,none,1,140,14,0.038,0,1,6.69,0,1,1
pay_Zom3302174,252,upi,none,0,287,27,0.043,0,1,2.05,0,0,0
pay_Zom7976896,252,card,visa,0,21,1,0.094,0,1,9.46,0,0,0
pay_Zom8650891,2059,upi,none,1,202,21,0.021,0,1,0.2,0,0,0
pay_Zom8142130,3360,upi,none,0,26,4,0.037,0,1,14.35,0,0,0
pay_Zom4016499,3360,upi,none,1,3,0,0.223,0,1,2.18,0,1,1
pay_Zom8623472,252,netbanking,none,0,87,11,0.04,0,1,1.61,0,0,0
pay_Zom9546564,2059,card,visa,1,45,5,0.137,0,3,0.15,0,1,1
pay_Zom8115631,2059,card,amex,1,5,0,0.018,0,1,0.91,0,1,1
pay_Zom8550515,252,upi,none,0,471,58,0.004,0,2,1.31,0,1,1
pay_Zom7454441,252,netbanking,none,0,131,15,0.058,0,1,4.56,0,0,0
pay_Zom6961066,252,netbanking,none,0,278,39,0.362,0,1,4.18,0,1,1
pay_Zom4787304,3360,upi,none,0,839,52,0.365,1,1,7.58,0,1,1
pay_Zom4117056,252,upi,none,0,59,6,0.284,1,1,9.83,0,1,1
pay_Zom8126489,252,upi,none,0,35,3,0.033,1,2,4.54,0,0,0
pay_Zom1124654,2059,upi,none,0,24,2,0.073,2,1,4.1,0,0,0
pay_Zom9357686,252,upi,none,0,86,2,0.215,1,2,8.04,0,0,0
pay_Zom4972005,252,upi,none,1,111,7,0.042,0,1,0.49,0,0,0
pay_Zom9417612,2059,netbanking,none,0,76,4,0.129,0,1,0.28,0,0,0
pay_Zom5517272,252,upi,none,0,58,7,0.008,0,1,4.3,0,0,0
pay_Zom7892714,2059,card,rupay,0,22,3,0.075,0,1,1.3,0,0,0
pay_Zom7156735,252,upi,none,1,69,3,0.008,0,1,1.93,0,0,0
pay_Zom1561397,2059,card,rupay,0,10,0,0.048,0,1,3.28,0,0,0
pay_Zom1635269,2059,upi,none,0,240,43,0.22,0,1,10.54,0,0,0
pay_Zom9107893,252,upi,none,0,5,0,0.027,0,1,7.23,0,0,0
pay_Zom7183722,252,upi,none,1,57,9,0.09,0,1,4.63,0,0,0
pay_Zom2898583,2059,upi,none,1,12,0,0.141,0,1,1.97,0,0,0
pay_Zom9078781,2059,card,rupay,0,178,26,0.09,0,1,5.51,0,0,0
pay_Zom2343236,2059,upi,none,0,45,6,0.074,0,1,0.69,0,0,0
pay_Zom3383832,2059,upi,none,0,14,0,0.085,0,1,5.77,0,0,0
pay_Zom9831661,252,upi,none,1,90,4,0.072,1,2,2.26,0,1,1
pay_Zom5687895,252,card,rupay,0,297,19,0.012,1,1,1.06,0,0,0
pay_Zom8800337,3360,upi,none,0,287,15,0.027,0,1,2.18,0,0,0
pay_Zom9672974,252,upi,none,0,34,5,0.178,0,1,5.44,0,0,0
pay_Zom2312558,252,upi,none,1,152,11,0.246,0,2,3.75,0,0,0
pay_Zom9780469,252,upi,none,0,3,0,0.212,0,1,0.52,0,0,0
pay_Zom2483883,252,card,mastercard,0,16,2,0.188,0,1,4.12,0,0,0
pay_Zom5114298,252,upi,none,0,83,6,0.049,0,1,6.27,0,0,0
pay_Zom8926422,3360,card,visa,0,31,4,0.072,0,1,0.57,0,0,0
pay_Zom2309997,252,upi,none,0,192,7,0.087,0,2,0.22,0,1,1
pay_Zom6242875,252,upi,none,0,320,26,0.016,0,2,0.2,0,1,1
pay_Zom1885405,3360,upi,none,0,0,0,0.142,0,6,0.08,1,0,1
pay_Zom6763748,3360,upi,none,0,31,1,0.179,1,1,0.06,0,0,0
pay_Zom9976368,252,upi,none,0,69,5,0.117,0,1,5.72,0,0,0
pay_Zom1180915,252,upi,none,0,99,14,0.076,0,2,4.7,0,0,0
pay_Zom8866313,2059,upi,none,0,297,37,0.216,0,1,9.94,0,0,0
pay_Zom8617439,2059,upi,none,0,266,32,0.074,0,1,1.54,0,0,0
pay_Zom9601059,2059,upi,none,0,121,18,0.138,0,1,4.32,0,0,0
pay_Zom8872413,2059,card,rupay,0,35,0,0.008,0,1,1.85,0,0,0
pay_Zom6561881,2059,card,mastercard,0,183,26,0.115,0,1,2.88,0,0,0
pay_Zom8063478,252,upi,none,0,27,4,0.0,0,1,2.02,0,0,0
pay_Zom6920923,2059,upi,none,0,402,9,0.186,1,1,1.88,0,0,0
pay_Zom5942868,252,upi,none,1,0,0,0.269,1,1,0.99,0,1,1
pay_Zom5852112,2059,netbanking,none,0,101,7,0.025,2,2,3.04,0,0,0
pay_Zom3810320,2059,card,visa,0,11,0,0.099,1,1,1.06,0,0,0
pay_Zom1592675,252,upi,none,0,62,5,0.238,0,1,0.53,0,0,0
pay_Zom6101462,252,upi,none,0,120,14,0.024,0,1,4.85,0,0,0
pay_Zom5369510,252,upi,none,0,140,23,0.106,0,1,3.63,0,0,0
pay_Zom2030419,252,upi,none,1,184,21,0.331,1,1,1.21,0,1,1
pay_Zom8938316,2059,card,visa,0,107,16,0.182,0,1,3.48,0,0,0
pay_Zom3836678,252,upi,none,0,34,1,0.05,1,1,0.09,0,0,0
pay_Zom1866037,2059,card,visa,1,264,14,0.181,1,2,15.59,0,1,1
pay_Zom5894806,252,upi,none,0,199,34,0.112,0,1,0.67,0,0,0
pay_Zom1457985,2059,upi,none,0,20,3,0.11,0,1,9.94,0,0,0
pay_Zom5811968,2059,upi,none,0,210,12,0.088,0,1,0.25,0,0,0
pay_Zom9132926,2059,upi,none,0,431,51,0.247,1,1,4.31,0,0,0
pay_Zom2384290,252,netbanking,none,0,121,9,0.032,0,1,0.88,0,0,0
pay_Zom3127708,3360,upi,none,0,39,3,0.143,0,1,11.76,0,0,0
pay_Zom9482495,252,upi,none,0,111,17,0.024,0,1,1.33,0,0,0
pay_Zom2289534,252,card,mastercard,1,50,6,0.01,0,1,0.14,0,1,1
pay_Zom5661529,252,upi,none,1,135,7,0.014,0,1,0.12,0,0,0
pay_Zom5228713,252,upi,none,1,94,6,0.019,0,1,6.77,0,0,0
pay_Zom3223631,3360,netbanking,none,1,318,21,0.034,0,1,0.25,0,0,0
pay_Zom5713926,252,upi,none,0,115,16,0.069,0,1,6.16,0,0,0
pay_Zom5617376,2059,upi,none,0,28,2,0.31,0,1,0.57,0,1,1
pay_Zom5311001,2059,card,rupay,0,154,26,0.053,0,1,1.13,0,0,0
pay_Zom1238286,252,upi,none,1,42,6,0.029,0,2,13.91,0,0,0
pay_Zom2871488,2059,upi,none,0,38,2,0.089,0,2,4.52,0,0,0
pay_Zom3929534,252,upi,none,0,59,8,0.05,0,2,0.55,0,0,0
pay_Zom3535634,252,upi,none,1,1,0,0.102,0,2,1.1,0,1,1
pay_Zom8493596,252,netbanking,none,1,417,25,0.018,0,1,2.26,0,0,0
pay_Zom7203657,3360,upi,none,1,91,7,0.211,0,1,7.57,0,1,1
pay_Zom3942713,3360,upi,none,0,178,31,0.01,1,1,4.34,0,0,0
pay_Zom5383091,252,upi,none,0,35,3,0.13,0,1,4.16,0,0,0
pay_Zom4962709,252,upi,none,0,164,22,0.107,0,1,1.56,0,0,0
pay_Zom9135582,2059,upi,none,0,100,9,0.054,0,1,3.72,0,0,0
pay_Zom4033474,252,upi,none,0,66,5,0.056,0,1,0.66,0,0,0
pay_Zom9848116,2059,card,visa,0,423,62,0.032,0,1,2.95,0,0,0
pay_Zom1555166,252,upi,none,0,81,12,0.06,1,1,2.88,0,0,0
pay_Zom6752034,252,card,mastercard,0,128,4,0.021,0,2,4.07,0,0,0
pay_Zom2416021,2059,upi,none,1,1,0,0.039,1,1,0.97,0,1,1
pay_Zom3433874,252,upi,none,1,43,4,0.023,0,1,0.43,0,0,0
pay_Zom3586212,3360,upi,none,0,263,18,0.036,0,2,11.97,0,0,0
pay_Zom9320631,3360,upi,none,0,170,24,0.122,1,6,0.58,1,0,1
pay_Zom7928115,252,upi,none,0,92,3,0.29,0,1,1.44,0,1,1
pay_Zom7428475,252,upi,none,0,276,40,0.057,0,2,7.17,0,0,0
pay_Zom4992095,3360,upi,none,1,79,9,0.349,0,1,3.16,0,1,1
pay_Zom8385078,3360,card,visa,1,100,6,0.031,0,1,0.85,0,0,0
pay_Zom3806547,252,upi,none,1,57,4,0.152,0,1,2.29,0,1,1
pay_Zom4537589,2059,netbanking,none,0,116,5,0.268,0,1,6.43,0,0,0
pay_Zom6789409,252,upi,none,1,46,2,0.019,2,1,15.86,0,0,0
pay_Zom1911435,252,netbanking,none,0,58,7,0.1,0,1,3.61,0,0,0
pay_Zom5435820,2059,upi,none,0,406,32,0.06,0,1,1.02,0,0,0
pay_Zom2946062,252,netbanking,none,0,14,1,0.006,1,1,5.86,0,1,1
pay_Zom1881193,3360,upi,none,1,13,1,0.024,0,1,5.79,0,0,0
pay_Zom3811868,252,upi,none,0,5,0,0.083,1,1,7.7,0,0,0
pay_Zom8784878,2059,netbanking,none,0,46,4,0.026,0,1,0.51,0,0,0
pay_Zom7689827,252,upi,none,0,60,8,0.033,1,1,1.59,0,0,0
pay_Zom8989846,252,upi,none,0,11,0,0.241,0,1,0.93,0,0,0
pay_Zom6056101,2059,card,amex,0,95,11,0.034,0,2,0.85,0,0,0
pay_Zom8990421,252,upi,none,0,105,5,0.026,0,1,1.59,0,0,0
pay_Zom9934217,252,upi,none,0,166,6,0.284,0,1,0.17,0,0,0
pay_Zom4920186,252,upi,none,0,447,34,0.075,0,1,6.59,0,0,0
pay_Zom7371999,252,card,amex,0,115,9,0.004,0,1,6.68,0,0,0
pay_Zom7544296,2059,upi,none,0,14,1,0.092,0,1,10.05,0,0,0
pay_Zom8962291,252,netbanking,none,0,11,1,0.113,0,1,0.26,0,0,0
pay_Zom5406118,252,card,mastercard,1,180,5,0.022,0,1,2.96,0,0,0
pay_Zom3435210,252,card,rupay,0,126,15,0.007,0,1,0.02,0,0,0
pay_Zom9899342,252,upi,none,0,21,1,0.249,0,1,3.12,0,0,0
pay_Zom8293631,252,card,rupay,0,35,2,0.124,0,2,0.36,0,0,0
pay_Zom1199028,252,upi,none,0,166,24,0.322,0,1,1.71,0,1,1
pay_Zom5845129,252,card,visa,1,100,4,0.074,0,1,1.37,0,0,0
pay_Zom8529960,2059,upi,none,0,105,17,0.028,0,1,1.41,0,0,0
pay_Zom7408965,2059,card,rupay,0,28,2,0.194,0,1,0.75,0,0,0
pay_Zom6296376,252,upi,none,0,119,11,0.005,0,1,0.39,0,0,0
pay_Zom9896176,252,upi,none,0,176,29,0.136,0,1,0.06,0,0,0
pay_Zom1688161,252,upi,none,0,259,36,0.371,0,1,4.87,0,1,1
pay_Zom2633502,252,upi,none,1,160,5,0.01,0,3,8.67,0,0,0
pay_Zom9913623,252,upi,none,1,103,11,0.051,0,1,7.88,0,1,1
pay_Zom6936250,252,upi,none,0,134,9,0.175,0,1,3.51,0,0,0
pay_Zom8244164,252,upi,none,0,79,8,0.281,0,1,0.45,0,1,1
pay_Zom5573311,252,upi,none,1,30,4,0.193,0,1,2.94,0,0,0
pay_Zom6619820,252,upi,none,0,256,25,0.497,0,1,0.36,0,0,0
pay_Zom5535319,252,upi,none,0,91,2,0.102,0,1,2.52,0,0,0
pay_Zom5480989,252,card,rupay,0,108,11,0.18,0,1,6.82,0,0,0
pay_Zom2648810,252,netbanking,none,0,553,13,0.002,0,1,0.78,0,0,0
pay_Zom5283960,252,upi,none,1,504,38,0.026,0,3,9.46,1,0,1
pay_Zom7562471,252,upi,none,1,105,10,0.189,0,1,1.71,0,0,0
pay_Zom8736118,252,upi,none,1,4,0,0.15,0,1,0.86,0,0,0
pay_Zom5056679,252,card,amex,0,60,6,0.069,0,1,2.44,0,0,0
pay_Zom4270310,252,card,mastercard,1,332,14,0.232,0,1,7.12,0,0,0
pay_Zom9723352,252,upi,none,0,40,6,0.024,0,1,1.1,0,1,1
pay_Zom6660743,252,upi,none,0,866,107,0.197,0,1,0.66,0,0,0
pay_Zom4018500,252,card,amex,0,10,0,0.019,0,2,3.57,0,0,0
pay_Zom6255795,2059,upi,none,0,100,17,0.011,0,1,4.12,0,0,0
pay_Zom1177469,252,upi,none,0,86,13,0.05,0,1,0.26,0,0,0
pay_Zom1142206,252,upi,none,1,35,1,0.0,0,1,1.02,0,0,0
pay_Zom2140044,2059,upi,none,0,356,44,0.11,0,1,0.45,0,0,0
pay_Zom1200679,252,upi,none,0,115,12,0.026,1,2,4.34,0,0,0
pay_Zom7899609,252,card,mastercard,1,31,1,0.046,0,1,2.63,0,0,0
pay_Zom2639113,2059,netbanking,none,1,58,3,0.067,0,2,7.89,0,1,1
pay_Zom9812472,2059,upi,none,0,153,16,0.134,1,1,3.95,0,0,0
pay_Zom2743274,252,netbanking,none,0,42,2,0.202,0,1,1.12,0,0,0
pay_Zom8481668,252,card,visa,1,254,39,0.159,0,1,1.44,0,1,1
pay_Zom6897466,252,upi,none,1,21,0,0.082,1,1,1.9,0,0,0
pay_Zom4681195,252,card,amex,0,36,5,0.048,0,1,0.36,0,0,0
pay_Zom5752935,252,card,mastercard,0,18,2,0.244,0,1,8.9,0,0,0
pay_Zom5226115,252,upi,none,0,13,1,0.307,0,1,4.2,0,1,1
pay_Zom4239337,252,card,rupay,1,42,2,0.039,0,1,4.52,0,1,1
pay_Zom1571126,3360,card,mastercard,0,852,114,0.005,0,1,3.77,0,0,0
pay_Zom1397627,3360,card,rupay,0,11,0,0.065,0,1,2.05,0,0,0
pay_Zom2542518,252,card,visa,1,28,3,0.35,0,1,1.67,0,1,1
pay_Zom1954320,2059,upi,none,0,38,2,0.023,0,1,2.79,0,0,0
pay_Zom4637715,252,card,rupay,1,115,17,0.191,0,1,4.68,0,0,0
pay_Zom3043299,2059,card,mastercard,0,164,4,0.145,0,1,1.54,0,0,0
pay_Zom3012881,252,upi,none,0,167,21,0.052,0,1,2.38,0,0,0
pay_Zom2449322,252,upi,none,0,1,0,0.113,0,1,3.7,0,0,0
pay_Zom3179482,252,card,amex,1,126,15,0.22,0,1,1.13,0,0,0
pay_Zom7307535,252,upi,none,1,119,6,0.061,0,1,6.27,0,0,0
pay_Zom4099902,252,card,mastercard,1,87,5,0.059,0,2,0.84,0,0,0
pay_Zom2859671,2059,netbanking,none,0,57,5,0.096,0,1,6.95,0,0,0
pay_Zom4091420,2059,upi,none,0,191,13,0.215,0,1,0.02,0,0,0
pay_Zom5250268,252,upi,none,0,50,1,0.008,1,1,3.61,0,0,0
pay_Zom5942041,252,upi,none,0,31,0,0.035,0,1,2.25,0,0,0
pay_Zom8834214,252,upi,none,0,44,6,0.023,0,2,0.99,0,0,0
pay_Zom2270273,2059,netbanking,none,1,69,2,0.176,0,1,10.39,0,0,0
pay_Zom8607523,3360,upi,none,0,28,4,0.01,0,2,0.84,0,0,0
pay_Zom5636946,3360,upi,none,1,112,10,0.14,0,1,2.37,0,1,1
pay_Zom8163592,2059,upi,none,1,258,36,0.324,0,1,2.86,0,0,0
pay_Zom6425820,252,card,amex,0,108,4,0.0,0,1,10.87,0,0,0
pay_Zom5317391,252,upi,none,1,71,11,0.009,0,1,3.55,0,0,0
pay_Zom3717339,252,card,mastercard,0,191,4,0.245,1,3,0.26,0,0,0
pay_Zom2241464,3360,upi,none,1,165,4,0.355,0,1,1.88,0,1,1
pay_Zom5652111,252,card,mastercard,0,54,1,0.066,0,1,7.02,0,0,0
pay_Zom2046686,252,upi,none,0,111,4,0.03,0,1,5.01,0,0,0
pay_Zom7422301,2059,upi,none,0,157,15,0.041,0,1,0.18,0,0,0
pay_Zom7519465,252,card,visa,1,33,4,0.018,0,1,3.06,0,0,0
pay_Zom6581020,252,upi,none,1,54,3,0.157,1,1,0.43,0,0,0
pay_Zom2007616,2059,upi,none,0,13,1,0.051,0,1,0.36,0,1,1
pay_Zom5332524,252,netbanking,none,1,527,75,0.203,0,2,11.46,0,1,1
pay_Zom5440339,252,card,rupay,0,10,1,0.209,0,1,4.21,0,0,0
pay_Zom3985161,2059,upi,none,1,22,0,0.224,0,1,0.4,0,0,0
pay_Zom8391619,2059,upi,none,0,78,3,0.398,0,1,1.45,0,1,1
pay_Zom2164313,3360,card,mastercard,0,240,9,0.104,0,1,3.98,0,0,0
pay_Zom9249722,252,card,amex,0,52,4,0.064,0,1,8.26,0,0,0
pay_Zom4366669,252,upi,none,0,175,17,0.007,0,1,0.24,0,0,0
pay_Zom7587312,2059,upi,none,0,135,12,0.0,0,1,0.3,0,0,0
pay_Zom3993762,252,upi,none,0,122,7,0.002,0,1,0.41,0,0,0
pay_Zom9255351,252,card,rupay,0,223,26,0.131,0,1,2.75,0,0,0
pay_Zom2819161,2059,upi,none,0,1,0,0.042,0,1,2.18,0,0,0
pay_Zom3413781,252,card,visa,1,317,24,0.047,0,1,0.63,0,0,0
pay_Zom8235234,252,upi,none,0,212,7,0.201,0,1,2.69,0,0,0
pay_Zom4663917,252,card,rupay,0,333,38,0.144,1,1,1.47,0,0,0
pay_Zom2782574,252,netbanking,none,0,189,23,0.071,0,1,0.64,0,0,0
pay_Zom8408511,252,upi,none,0,253,35,0.031,0,1,0.12,0,0,0
pay_Zom5345236,252,upi,none,1,27,4,0.09,0,1,0.37,0,0,0
pay_Zom2732870,2059,upi,none,1,46,6,0.1,1,6,1.72,1,0,1
pay_Zom1584868,3360,card,mastercard,0,45,2,0.069,0,1,2.53,0,0,0
pay_Zom2223386,252,upi,none,0,13,0,0.058,0,1,0.89,0,0,0
pay_Zom2181322,252,card,amex,1,156,25,0.395,0,1,5.31,0,1,1
pay_Zom5204309,252,card,amex,1,17,2,0.019,1,1,2.95,0,0,0
pay_Zom8480659,252,card,rupay,0,6,0,0.074,0,2,5.13,0,0,0
pay_Zom1314820,2059,card,amex,0,179,24,0.018,0,1,1.77,0,0,0
pay_Zom9350043,2059,upi,none,0,282,17,0.115,0,3,7.75,1,0,1
pay_Zom3497360,2059,netbanking,none,0,173,26,0.004,1,1,5.64,0,0,0
pay_Zom1014556,252,upi,none,1,209,8,0.066,0,1,2.82,0,0,0
pay_Zom1634776,252,upi,none,0,108,8,0.014,0,2,4.02,0,0,0
pay_Zom7551231,252,upi,none,0,262,19,0.108,0,1,0.56,0,0,0
pay_Zom5470062,252,card,mastercard,0,82,8,0.045,0,1,5.18,0,0,0
pay_Zom3543551,2059,card,amex,0,534,50,0.143,0,1,3.27,0,0,0
pay_Zom6533643,3360,upi,none,0,13,1,0.122,0,1,0.78,0,0,0
pay_Zom7565434,252,card,amex,0,198,21,0.104,0,1,1.12,0,0,0
pay_Zom1062138,2059,card,amex,1,123,10,0.042,0,1,8.68,0,0,0
pay_Zom9646691,252,upi,none,0,104,6,0.013,1,2,0.76,0,0,0
pay_Zom9232235,252,card,mastercard,0,155,19,0.159,1,1,2.0,0,0,0
pay_Zom9021848,252,upi,none,0,220,32,0.035,0,3,6.43,0,1,1
pay_Zom8315833,252,upi,none,0,238,23,0.073,0,1,1.32,0,0,0
pay_Zom7776531,252,card,visa,0,23,2,0.175,1,1,0.62,0,0,0
pay_Zom2176077,2059,upi,none,0,26,2,0.046,0,1,2.38,0,0,0
pay_Zom4789081,2059,upi,none,1,1,0,0.12,0,1,0.74,0,0,0
pay_Zom1055488,252,card,amex,0,16,1,0.068,0,1,14.41,0,0,0
pay_Zom7449562,252,card,visa,1,36,0,0.234,0,1,3.69,0,0,0
pay_Zom9087731,2059,upi,none,0,153,19,0.016,0,2,2.47,0,0,0
pay_Zom3033459,2059,upi,none,0,77,7,0.248,0,1,2.02,0,0,0
pay_Zom9980912,2059,upi,none,0,170,6,0.15,0,6,3.36,0,0,0
pay_Zom7021650,252,card,rupay,0,79,8,0.195,0,1,1.55,0,0,0
pay_Zom6594190,3360,upi,none,0,97,15,0.205,1,1,0.86,0,0,0
pay_Zom6080612,252,upi,none,0,14,1,0.4,0,1,1.05,0,1,1
pay_Zom7721201,2059,upi,none,0,179,31,0.118,0,1,0.4,0,0,0
pay_Zom1926012,252,upi,none,0,170,29,0.001,0,3,7.91,0,0,0
pay_Zom2521139,2059,upi,none,0,44,6,0.197,0,1,10.41,0,1,1
pay_Zom7129645,252,upi,none,1,47,7,0.135,1,1,0.98,0,0,0
pay_Zom9969540,252,upi,none,1,29,2,0.035,1,1,13.37,0,0,0
pay_Zom6705306,252,upi,none,0,201,16,0.049,0,1,2.8,0,0,0
pay_Zom2349840,252,upi,none,0,164,28,0.13,1,1,0.96,0,0,0
pay_Zom8711468,2059,upi,none,0,112,8,0.077,0,1,2.47,0,0,0
pay_Zom5864699,2059,upi,none,0,32,1,0.015,0,2,0.28,0,0,0
pay_Zom4407796,3360,upi,none,1,22,0,0.074,0,1,0.53,0,0,0
pay_Zom3963163,252,upi,none,0,6,0,0.104,0,1,0.88,0,0,0
pay_Zom1659867,2059,upi,none,0,5,0,0.026,0,1,8.55,0,0,0
pay_Zom7445196,2059,upi,none,1,24,1,0.039,0,1,10.43,0,0,0
pay_Zom4204501,252,upi,none,1,12,1,0.094,0,1,1.84,0,0,0
pay_Zom6014212,252,upi,none,1,97,9,0.007,0,1,0.97,0,0,0
pay_Zom7544871,2059,upi,none,1,53,5,0.113,0,1,1.37,0,1,1
pay_Zom2791270,3360,netbanking,none,1,70,3,0.074,0,1,1.41,0,0,0
pay_Zom7027401,2059,upi,none,0,108,5,0.007,0,1,2.82,0,1,1
pay_Zom9162175,252,netbanking,none,0,129,5,0.001,0,1,0.65,0,0,0
pay_Zom2423756,252,upi,none,0,125,12,0.03,0,1,3.01,0,0,0
pay_Zom8348147,252,upi,none,0,36,5,0.165,0,1,1.62,0,0,0
pay_Zom4178686,2059,card,rupay,1,199,27,0.384,1,1,3.43,0,1,1
pay_Zom3347853,2059,upi,none,0,299,18,0.104,0,1,2.92,0,0,0
pay_Zom1598917,252,upi,none,0,45,7,0.109,0,2,2.15,0,0,0
pay_Zom4239558,2059,netbanking,none,0,2,0,0.405,1,1,0.44,0,1,1
pay_Zom1425547,252,upi,none,0,275,10,0.091,0,1,0.6,0,0,0
pay_Zom5001116,3360,upi,none,1,308,48,0.02,0,1,1.49,0,0,0
pay_Zom9207960,252,upi,none,0,6,0,0.044,0,1,4.72,0,0,0
pay_Zom7522436,252,netbanking,none,0,0,0,0.01,0,1,1.43,0,0,0
pay_Zom2056840,252,card,mastercard,0,203,4,0.098,0,1,1.15,0,0,0
pay_Zom6162867,252,upi,none,0,43,1,0.024,0,2,5.53,0,0,0
pay_Zom9383308,252,upi,none,1,295,34,0.061,0,1,7.2,0,1,1
pay_Zom9958027,252,card,mastercard,0,29,1,0.048,0,1,4.51,0,0,0
pay_Zom8538125,252,upi,none,1,236,5,0.229,0,1,2.08,0,0,0
pay_Zom1275453,2059,upi,none,1,8,0,0.083,0,1,0.84,0,1,1
pay_Zom1621473,252,card,mastercard,1,36,2,0.141,0,1,18.44,0,0,0
pay_Zom6692259,252,upi,none,0,434,64,0.042,0,1,1.44,0,0,0
pay_Zom1940437,252,upi,none,1,31,4,0.183,0,1,1.98,0,0,0
pay_Zom6665977,2059,card,mastercard,0,17,2,0.023,1,1,2.58,0,0,0
pay_Zom1718308,252,card,visa,1,233,15,0.22,0,1,2.91,0,0,0
pay_Zom7803292,3360,upi,none,1,15,1,0.048,0,1,0.07,0,0,0
pay_Zom2982850,2059,upi,none,1,12,1,0.187,0,1,7.96,0,1,1
pay_Zom4551370,252,upi,none,1,46,1,0.045,0,1,7.43,0,0,0
pay_Zom9776491,252,upi,none,0,121,8,0.015,1,1,0.47,0,0,0
pay_Zom8690178,252,upi,none,0,148,22,0.227,0,1,6.62,0,0,0
pay_Zom3499027,252,upi,none,0,255,21,0.185,0,1,0.6,0,0,0
pay_Zom4908850,2059,upi,none,1,93,11,0.051,0,1,0.97,0,0,0
pay_Zom2208521,3360,upi,none,0,59,2,0.207,1,1,2.56,0,0,0
pay_Zom1618704,252,upi,none,0,53,7,0.057,0,1,13.17,0,0,0
pay_Zom3375493,252,upi,none,0,225,8,0.149,0,1,2.3,0,0,0
pay_Zom9202292,2059,upi,none,0,154,24,0.05,1,1,1.7,0,0,0
pay_Zom1319824,2059,upi,none,1,283,10,0.136,1,1,2.56,0,0,0
pay_Zom8905753,252,card,mastercard,0,399,64,0.152,0,2,0.93,0,0,0
pay_Zom1768424,252,card,visa,1,42,3,0.035,0,1,9.4,0,1,1
pay_Zom5071537,252,upi,none,0,90,10,0.166,0,1,9.58,0,0,0
pay_Zom3190059,2059,upi,none,1,119,18,0.089,0,1,3.95,0,0,0
pay_Zom1241008,252,upi,none,0,21,0,0.127,0,1,0.59,0,0,0
pay_Zom3889858,252,upi,none,0,6,0,0.108,1,1,2.33,0,0,0
pay_Zom1838156,3360,upi,none,1,242,40,0.158,0,1,1.68,0,0,0
pay_Zom6156264,2059,netbanking,none,0,92,7,0.092,0,2,19.2,0,0,0
pay_Zom2632292,2059,upi,none,0,101,13,0.22,1,1,0.19,0,0,0
pay_Zom8653507,252,upi,none,0,97,4,0.068,0,1,1.05,0,0,0
pay_Zom3863692,252,upi,none,0,168,21,0.006,0,1,2.37,0,0,0
pay_Zom2073030,3360,upi,none,0,18,0,0.027,0,1,6.1,0,0,0
pay_Zom2783941,252,upi,none,0,114,15,0.055,0,1,4.57,0,0,0
pay_Zom2915617,252,upi,none,0,76,5,0.112,0,1,10.95,0,0,0
pay_Zom9340683,252,upi,none,0,272,25,0.057,0,2,0.83,0,1,1
pay_Zom4700592,252,upi,none,0,87,4,0.265,0,2,0.38,0,1,1
pay_Zom2058811,252,netbanking,none,0,343,41,0.057,0,1,3.12,0,0,0
pay_Zom4399754,2059,upi,none,1,52,3,0.017,0,1,1.98,0,0,0
pay_Zom8150641,3360,upi,none,0,408,33,0.013,0,1,1.41,0,0,0
pay_Zom6659678,3360,upi,none,1,249,30,0.165,1,1,5.23,0,0,0
pay_Zom7744585,252,upi,none,0,105,5,0.073,0,1,2.79,0,0,0
pay_Zom6439759,252,upi,none,0,52,8,0.04,0,1,1.36,0,0,0
pay_Zom3026728,252,upi,none,0,56,7,0.007,0,1,2.7,0,0,0
pay_Zom3304005,2059,upi,none,0,177,19,0.014,0,2,9.44,0,0,0
pay_Zom6395382,252,upi,none,0,104,4,0.023,0,1,1.06,0,0,0
pay_Zom4577436,2059,upi,none,0,61,7,0.06,0,1,2.11,0,0,0
pay_Zom1764815,2059,upi,none,1,121,2,0.255,2,1,1.19,0,1,1
pay_Zom3909968,252,upi,none,0,158,23,0.051,0,1,3.0,0,0,0
pay_Zom6628818,252,upi,none,1,2,0,0.02,1,1,8.13,0,0,0
pay_Zom2060687,3360,upi,none,1,11,0,0.006,0,1,3.7,0,0,0
pay_Zom3025773,3360,upi,none,0,11,0,0.149,0,1,0.76,0,0,0
pay_Zom5595168,252,upi,none,0,31,5,0.188,0,1,0.48,0,0,0
pay_Zom3369560,252,upi,none,0,66,9,0.035,0,1,0.13,0,0,0
pay_Zom7965133,3360,netbanking,none,0,195,11,0.315,0,1,6.43,0,1,1
pay_Zom3819425,252,upi,none,0,51,8,0.13,0,2,2.23,0,0,0
pay_Zom7206350,252,netbanking,none,1,2,0,0.002,0,1,1.92,0,0,0
pay_Zom3768343,252,upi,none,1,79,10,0.028,0,2,1.07,0,1,1
pay_Zom8359513,252,upi,none,1,683,85,0.015,1,1,1.97,0,0,0
pay_Zom5087678,252,upi,none,0,51,7,0.167,0,1,1.52,0,0,0
pay_Zom1682814,252,upi,none,0,390,31,0.164,0,1,4.77,0,0,0
pay_Zom3237592,252,upi,none,0,12,1,0.048,0,2,4.3,0,0,0
pay_Zom2677182,252,upi,none,0,22,2,0.293,1,1,2.07,0,1,1
pay_Zom7310431,3360,netbanking,none,0,154,12,0.09,1,1,3.71,0,0,0
pay_Zom3646667,2059,upi,none,0,83,2,0.025,0,1,3.11,0,0,0
pay_Zom1262233,2059,upi,none,1,173,23,0.067,0,1,3.59,0,0,0
pay_Zom9169958,2059,card,amex,1,239,29,0.193,0,1,4.99,0,0,0
pay_Zom2354300,252,card,amex,0,34,2,0.007,0,1,0.34,0,0,0
pay_Zom1106528,252,card,rupay,1,137,9,0.107,1,1,6.24,0,1,1
pay_Zom1121198,3360,upi,none,0,112,7,0.057,0,1,1.16,0,0,0
pay_Zom4010048,252,upi,none,0,237,32,0.295,1,1,1.68,0,1,1
pay_Zom2495541,252,upi,none,1,67,9,0.086,0,1,1.13,0,0,0
pay_Zom5760225,2059,upi,none,1,6,0,0.037,0,1,6.14,0,0,0
pay_Zom7983050,252,upi,none,0,102,14,0.208,0,1,7.13,0,0,0
pay_Zom8986164,252,upi,none,0,382,53,0.116,0,1,0.53,0,0,0
pay_Zom3128901,3360,netbanking,none,1,1,0,0.073,1,1,2.58,1,0,1
pay_Zom4458794,2059,netbanking,none,0,32,1,0.017,0,6,1.68,1,1,1
pay_Zom3400615,252,upi,none,0,45,6,0.033,0,1,0.7,0,0,0
pay_Zom5545782,3360,upi,none,0,174,6,0.174,1,2,2.85,0,0,0
pay_Zom9775941,2059,upi,none,1,46,8,0.143,0,1,1.59,0,0,0
pay_Zom8556779,2059,upi,none,0,32,5,0.012,1,2,4.4,0,0,0
pay_Zom7912738,252,upi,none,1,125,13,0.025,0,1,6.33,0,0,0
pay_Zom5014011,252,netbanking,none,0,5,0,0.124,0,1,0.05,0,0,0
pay_Zom3928445,2059,upi,none,0,22,2,0.177,0,1,2.78,0,0,0
pay_Zom1631179,2059,upi,none,1,62,8,0.023,1,1,3.04,0,0,0
pay_Zom4019906,2059,upi,none,0,52,7,0.24,0,2,1.34,0,0,0
pay_Zom9386722,252,netbanking,none,0,51,1,0.159,0,1,5.68,0,0,0
pay_Zom2476750,252,netbanking,none,0,13,1,0.17,0,1,8.41,0,0,0
pay_Zom6053293,2059,card,rupay,1,53,6,0.073,0,1,5.06,0,0,0
pay_Zom6836014,252,upi,none,0,191,5,0.312,0,1,2.62,0,1,1
pay_Zom8026061,252,upi,none,0,64,4,0.058,0,1,0.04,0,0,0
pay_Zom1076672,252,upi,none,0,105,10,0.077,0,1,1.92,0,0,0
pay_Zom4953366,252,upi,none,0,21,1,0.282,0,1,4.14,0,0,0
pay_Zom4219595,2059,card,visa,0,8,0,0.018,0,1,0.61,0,0,0
pay_Zom2971454,2059,upi,none,1,254,5,0.227,0,1,5.23,0,0,0
pay_Zom9895263,252,upi,none,0,48,7,0.031,0,1,3.33,0,0,0
pay_Zom2605308,252,upi,none,0,51,1,0.248,0,1,1.41,0,0,0
pay_Zom7071696,2059,upi,none,0,252,19,0.116,0,1,6.61,0,0,0
pay_Zom9515120,252,upi,none,1,147,7,0.007,1,1,3.61,0,0,0
pay_Zom4678843,252,upi,none,0,169,23,0.09,0,1,1.27,0,0,0
pay_Zom8788252,3360,upi,none,0,137,18,0.185,0,1,0.77,0,0,0
pay_Zom4491484,252,upi,none,1,13,1,0.009,0,1,0.6,0,0,0
pay_Zom5637668,3360,netbanking,none,0,380,45,0.044,0,1,15.12,0,0,0
pay_Zom1890350,252,upi,none,0,287,32,0.006,0,1,7.11,0,0,0
pay_Zom4250065,252,upi,none,0,32,2,0.155,0,1,4.08,0,0,0
pay_Zom2890441,252,upi,none,1,195,23,0.086,0,1,2.23,0,0,0
pay_Zom3503452,3360,upi,none,0,63,2,0.215,0,2,6.6,0,0,0
pay_Zom8959326,252,card,mastercard,1,138,17,0.005,0,1,4.25,0,0,0
pay_Zom9346913,252,upi,none,0,21,0,0.052,0,1,2.85,0,0,0
pay_Zom3958222,3360,upi,none,0,92,14,0.015,0,1,5.3,0,0,0
pay_Zom3680321,252,netbanking,none,0,16,1,0.238,0,1,0.44,0,1,1
pay_Zom1723359,252,card,rupay,1,92,9,0.164,0,1,7.26,0,1,1
pay_Zom1906432,252,upi,none,0,33,3,0.085,0,1,0.48,0,0,0
pay_Zom7110145,2059,upi,none,0,72,10,0.157,0,1,8.21,0,0,0
pay_Zom5782589,252,upi,none,0,132,12,0.011,1,1,0.87,0,0,0
pay_Zom4516332,252,card,visa,0,251,22,0.062,1,1,1.72,0,0,0
pay_Zom8292580,252,upi,none,0,21,1,0.103,1,1,5.0,0,0,0
pay_Zom5217486,252,upi,none,0,268,10,0.227,0,1,0.42,0,0,0
pay_Zom6608533,3360,upi,none,0,59,2,0.173,0,1,12.87,0,0,0
pay_Zom8602555,3360,upi,none,0,222,4,0.185,0,1,4.84,0,0,0
pay_Zom1726746,2059,card,rupay,1,86,13,0.077,0,1,1.06,0,0,0
pay_Zom2751895,2059,netbanking,none,1,237,33,0.101,0,1,7.65,0,0,0
pay_Zom1880075,2059,upi,none,0,130,7,0.006,1,1,0.15,0,0,0
pay_Zom3950904,252,upi,none,0,85,1,0.056,0,1,0.04,0,0,0
pay_Zom3651565,2059,upi,none,0,44,4,0.107,0,1,1.37,0,0,0
pay_Zom1487633,252,card,mastercard,0,416,35,0.152,0,2,0.37,0,0,0
pay_Zom9137979,252,card,visa,0,193,27,0.036,0,1,6.0,0,0,0
pay_Zom9638650,2059,netbanking,none,0,57,4,0.205,1,3,1.7,1,0,1
pay_Zom2947249,252,netbanking,none,1,21,3,0.121,0,2,3.38,0,0,0
pay_Zom2188825,2059,upi,none,0,181,6,0.022,1,1,6.06,0,0,0
pay_Zom4947676,252,card,rupay,0,551,43,0.111,1,1,0.58,0,0,0
pay_Zom8462856,2059,upi,none,0,39,6,0.199,1,1,12.73,0,0,0
pay_Zom6468907,252,upi,none,0,297,6,0.028,0,1,3.69,0,0,0
pay_Zom8030765,2059,upi,none,1,16,1,0.047,0,1,0.24,0,0,0
pay_Zom4334495,2059,upi,none,0,364,22,0.021,1,1,2.72,0,0,0
pay_Zom6464086,252,card,mastercard,1,164,17,0.048,1,3,7.16,0,0,0
pay_Zom4859820,252,upi,none,0,51,3,0.18,0,1,7.99,0,0,0
pay_Zom2847722,252,card,visa,0,43,6,0.028,0,2,4.82,0,0,0
pay_Zom6471590,252,upi,none,1,123,20,0.174,0,1,12.54,0,0,0
pay_Zom4821548,2059,card,visa,0,108,16,0.09,1,1,2.42,0,0,0
pay_Zom2645243,3360,upi,none,0,301,25,0.156,0,6,1.81,1,0,1
pay_Zom4978185,252,upi,none,1,174,31,0.021,0,1,0.87,0,0,0
pay_Zom7922203,2059,upi,none,0,93,12,0.108,0,1,2.14,0,0,0
pay_Zom4354702,2059,upi,none,0,315,24,0.154,1,1,6.82,0,0,0
pay_Zom7300387,252,card,visa,0,107,3,0.106,0,1,0.2,0,0,0
pay_Zom4702106,2059,upi,none,0,227,28,0.089,1,1,0.89,0,0,0
pay_Zom2233623,2059,upi,none,0,220,30,0.047,1,1,12.46,0,0,0
pay_Zom8901905,252,card,amex,1,301,11,0.022,0,1,5.47,0,0,0
pay_Zom9127012,252,upi,none,0,8,0,0.013,0,1,1.14,0,0,0
pay_Zom1911663,252,upi,none,0,105,18,0.226,0,1,6.38,0,0,0
pay_Zom8312602,3360,upi,none,0,75,5,0.02,1,1,0.55,0,0,0
pay_Zom3431711,3360,upi,none,0,80,5,0.122,0,1,3.85,0,0,0
pay_Zom4626649,2059,card,visa,0,73,12,0.119,0,1,0.78,0,0,0
pay_Zom8633480,252,card,rupay,0,218,8,0.102,0,1,2.65,0,0,0
pay_Zom3987363,252,card,visa,1,46,7,0.038,0,3,3.5,0,0,0
pay_Zom7498324,252,upi,none,0,74,10,0.223,0,1,4.63,0,0,0
pay_Zom7266039,252,upi,none,0,26,2,0.371,0,1,8.3,0,0,0
pay_Zom3288489,2059,upi,none,0,34,1,0.002,0,1,5.52,0,0,0
pay_Zom8679606,3360,netbanking,none,0,129,2,0.081,0,1,1.24,0,0,0
pay_Zom4257379,3360,upi,none,1,14,1,0.076,0,1,6.48,0,0,0
pay_Zom7016144,2059,upi,none,0,24,3,0.019,0,1,0.23,0,0,0
pay_Zom5524723,252,card,visa,0,90,8,0.202,0,2,4.67,0,1,1
pay_Zom4392535,252,card,visa,0,5,0,0.142,0,2,2.31,0,1,1
pay_Zom6635321,252,card,visa,0,16,2,0.012,0,1,2.03,0,0,0
pay_Zom3134259,2059,netbanking,none,1,238,26,0.238,2,1,4.22,0,0,0
pay_Zom1538457,2059,upi,none,0,224,39,0.13,1,1,0.22,0,0,0
pay_Zom2000789,252,upi,none,0,51,6,0.016,0,1,7.22,0,0,0
pay_Zom5707756,252,upi,none,0,51,8,0.307,0,1,1.05,0,1,1
pay_Zom3290115,252,upi,none,0,330,19,0.091,1,1,5.89,0,0,0
pay_Zom2864104,252,upi,none,0,3,0,0.281,0,2,1.36,0,1,1
pay_Zom8810369,252,upi,none,1,104,12,0.15,0,1,4.64,0,0,0
pay_Zom8693677,252,card,visa,0,109,18,0.034,0,2,8.81,0,1,1
pay_Zom8016631,252,upi,none,1,186,18,0.053,0,2,4.11,0,1,1
pay_Zom3872281,2059,upi,none,0,363,23,0.034,0,1,0.94,0,0,0
pay_Zom6764248,252,card,amex,1,52,4,0.023,0,1,4.21,0,0,0
pay_Zom4688530,252,upi,none,0,69,3,0.213,2,1,4.21,0,0,0
pay_Zom5951988,252,card,mastercard,0,133,7,0.052,0,1,9.04,0,0,0
pay_Zom3630468,252,netbanking,none,1,410,39,0.096,0,2,1.04,0,1,1
pay_Zom3851044,252,card,amex,0,265,43,0.065,1,1,12.2,0,0,0
pay_Zom4853765,252,upi,none,0,131,6,0.009,0,1,4.04,0,0,0
pay_Zom2450798,252,netbanking,none,1,233,15,0.099,0,1,1.34,0,0,0
pay_Zom7907115,252,upi,none,0,10,1,0.198,1,1,2.5,0,0,0
pay_Zom9753827,2059,card,rupay,0,56,4,0.071,0,2,5.02,0,0,0
pay_Zom9207638,252,upi,none,1,1,0,0.248,0,1,0.17,0,0,0
pay_Zom4631304,2059,upi,none,1,23,1,0.242,0,1,1.43,0,0,0
pay_Zom8943827,252,netbanking,none,1,119,10,0.279,0,2,7.63,0,1,1
pay_Zom8763873,252,upi,none,0,260,9,0.329,0,1,0.4,0,0,0
pay_Zom5683710,252,card,mastercard,0,120,21,0.178,0,1,2.63,0,0,0
pay_Zom1243334,252,upi,none,1,130,21,0.013,0,1,3.0,0,1,1
pay_Zom8182500,3360,card,rupay,0,13,1,0.216,0,1,1.18,0,0,0
pay_Zom5138170,2059,netbanking,none,1,131,5,0.159,0,1,1.81,0,0,0
pay_Zom5157921,3360,upi,none,0,72,12,0.204,1,1,8.44,0,0,0
pay_Zom6491114,3360,upi,none,0,126,21,0.005,0,1,0.22,0,0,0
pay_Zom8285484,2059,upi,none,0,47,4,0.052,0,1,0.62,0,0,0
pay_Zom4731363,252,netbanking,none,1,104,13,0.126,0,1,8.1,0,0,0
pay_Zom3499296,252,upi,none,0,66,11,0.017,0,1,0.69,0,0,0
pay_Zom1085187,3360,upi,none,1,98,8,0.257,0,1,0.67,1,1,1
pay_Zom8009048,2059,upi,none,1,19,0,0.075,0,1,3.07,0,0,0
pay_Zom1741958,252,upi,none,1,60,9,0.43,0,1,14.55,0,1,1
pay_Zom1672073,2059,upi,none,1,56,5,0.105,0,1,2.07,0,0,0
pay_Zom8896240,252,upi,none,1,159,28,0.033,1,1,2.59,0,0,0
pay_Zom9459346,252,card,visa,1,147,15,0.145,0,1,6.13,0,0,0
pay_Zom1564059,252,upi,none,0,287,7,0.153,0,1,4.17,0,0,0
pay_Zom8142021,2059,upi,none,0,119,11,0.346,0,1,19.34,0,1,1
pay_Zom9910743,2059,upi,none,0,45,6,0.104,0,1,3.32,0,0,0
pay_Zom7615594,252,upi,none,0,183,4,0.043,0,1,1.9,0,0,0
pay_Zom9040805,252,netbanking,none,0,82,7,0.689,0,1,1.42,0,1,1
pay_Zom2644153,252,upi,none,0,25,1,0.039,0,1,15.33,0,0,0
pay_Zom8590706,2059,upi,none,1,165,20,0.147,0,1,5.78,0,0,0
pay_Zom9309504,252,upi,none,0,17,2,0.006,0,1,6.0,0,0,0
pay_Zom5035113,252,card,rupay,0,23,2,0.161,1,2,0.76,0,0,0
pay_Zom2394044,252,netbanking,none,1,170,22,0.029,0,1,2.16,0,0,0
pay_Zom1208423,252,upi,none,0,176,14,0.029,1,1,0.08,0,0,0
pay_Zom7821919,252,upi,none,0,187,20,0.132,0,1,2.68,0,0,0
pay_Zom4657541,2059,upi,none,1,41,4,0.389,0,2,0.27,0,1,1
pay_Zom3226537,252,card,amex,0,241,34,0.175,0,3,0.77,0,0,0
pay_Zom7013049,2059,upi,none,0,153,24,0.049,1,1,1.16,0,0,0
pay_Zom5962539,252,netbanking,none,0,215,27,0.019,1,1,5.95,0,0,0
pay_Zom5010801,252,card,amex,0,147,25,0.063,0,6,0.38,0,1,1
pay_Zom2522188,252,card,visa,1,103,15,0.237,1,1,8.33,0,0,0
pay_Zom1267263,2059,upi,none,0,13,0,0.03,0,1,2.92,0,0,0
pay_Zom9049422,3360,upi,none,1,148,14,0.138,0,2,0.4,0,0,0
pay_Zom6114309,3360,card,visa,0,140,23,0.051,0,1,15.18,0,0,0
pay_Zom3714601,252,upi,none,0,44,7,0.15,0,1,0.01,0,0,0
pay_Zom8705487,252,upi,none,1,159,12,0.229,0,1,0.62,0,0,0
pay_Zom1409590,2059,upi,none,1,95,12,0.028,0,1,0.71,0,0,0
pay_Zom8630962,2059,upi,none,0,98,8,0.023,1,1,7.09,0,0,0
pay_Zom8780612,252,upi,none,0,54,2,0.075,1,2,1.5,0,0,0
pay_Zom3325723,2059,upi,none,1,14,2,0.109,0,1,6.3,0,0,0
pay_Zom7800818,252,upi,none,0,29,4,0.182,0,1,0.15,0,0,0
pay_Zom4102874,252,upi,none,0,175,17,0.052,1,1,11.15,0,0,0
pay_Zom7214624,252,upi,none,1,38,0,0.055,0,1,6.73,0,0,0
pay_Zom8789590,252,card,mastercard,0,0,0,0.053,0,1,2.26,0,0,0
pay_Zom1022878,252,upi,none,0,697,67,0.341,0,1,0.58,0,1,1
pay_Zom2186125,252,card,amex,0,28,0,0.005,0,1,0.89,0,0,0
pay_Zom7457202,252,card,amex,1,127,6,0.095,0,2,0.9,0,1,1
pay_Zom6585238,252,card,mastercard,0,313,13,0.015,0,1,4.25,0,0,0
pay_Zom9907365,252,card,amex,1,109,14,0.164,1,1,1.64,0,0,0
pay_Zom1548852,2059,upi,none,0,192,13,0.077,0,1,0.01,0,0,0
pay_Zom5975954,252,upi,none,0,449,18,0.13,0,1,1.7,0,1,1
pay_Zom8145454,252,card,mastercard,0,236,39,0.042,0,2,2.97,0,0,0
pay_Zom5526314,252,upi,none,0,97,16,0.103,0,1,0.19,0,0,0
pay_Zom4475340,3360,upi,none,0,54,2,0.066,0,1,2.8,0,0,0
pay_Zom2358267,252,upi,none,0,79,4,0.138,0,1,5.25,0,0,0
pay_Zom6632022,252,netbanking,none,1,221,25,0.103,1,1,2.91,0,0,0
pay_Zom1919587,252,upi,none,1,230,10,0.112,0,1,1.41,0,0,0
pay_Zom9635845,2059,upi,none,0,224,10,0.439,1,1,1.57,0,0,0
pay_Zom7106747,252,netbanking,none,1,109,8,0.17,0,1,1.97,0,0,0
pay_Zom1865076,252,card,amex,0,77,13,0.17,1,3,6.58,0,0,0
pay_Zom2861709,252,upi,none,0,44,7,0.087,0,1,0.11,0,0,0
pay_Zom7424918,252,netbanking,none,0,0,0,0.081,0,1,1.53,0,1,1
pay_Zom7133596,2059,upi,none,0,173,22,0.102,1,1,11.21,0,0,0
pay_Zom8807325,2059,card,rupay,0,38,5,0.181,0,1,6.23,0,0,0
pay_Zom1685757,2059,upi,none,0,47,4,0.168,0,1,0.51,0,0,0
pay_Zom7133266,2059,upi,none,0,222,23,0.004,0,1,1.53,0,0,0
pay_Zom7147725,252,card,rupay,0,6,0,0.115,0,1,0.06,0,0,0
pay_Zom3940499,252,upi,none,1,315,43,0.007,0,1,4.58,0,0,0
pay_Zom2124172,2059,upi,none,1,0,0,0.184,1,2,0.38,0,1,1
pay_Zom4434507,252,card,mastercard,0,335,18,0.144,1,1,1.71,0,1,1
pay_Zom3322064,2059,upi,none,1,72,12,0.136,0,1,8.17,0,0,0
pay_Zom6619187,252,netbanking,none,0,12,0,0.14,0,1,0.51,0,0,0
pay_Zom5003592,252,upi,none,1,134,8,0.241,0,1,1.38,0,0,0
pay_Zom2905181,2059,upi,none,0,271,23,0.098,0,1,5.92,0,0,0
pay_Zom9027788,2059,card,mastercard,0,69,4,0.018,0,1,3.5,0,0,0
pay_Zom4519758,2059,upi,none,0,141,4,0.023,1,2,4.98,0,0,0
pay_Zom4782209,252,upi,none,0,465,24,0.003,0,1,11.18,0,0,0
pay_Zom6376490,2059,upi,none,0,33,4,0.035,0,1,8.56,0,0,0
pay_Zom6917519,252,netbanking,none,0,206,11,0.102,0,1,1.18,0,0,0
pay_Zom5485520,252,upi,none,0,41,5,0.042,0,1,1.24,0,0,0
pay_Zom9448435,3360,upi,none,0,66,2,0.138,0,1,0.32,0,0,0
pay_Zom8095573,2059,upi,none,1,39,1,0.032,0,1,1.65,0,0,0
pay_Zom5649727,252,upi,none,0,70,11,0.249,0,1,5.21,0,0,0
pay_Zom1913687,2059,upi,none,1,0,0,0.247,0,1,1.05,0,0,0
pay_Zom2063158,252,card,visa,0,43,5,0.092,1,1,6.16,0,0,0
pay_Zom7254777,252,netbanking,none,0,70,1,0.145,0,1,2.98,0,0,0
pay_Zom6791940,252,upi,none,0,120,6,0.075,0,1,1.56,0,0,0
pay_Zom8590191,3360,upi,none,1,121,18,0.044,1,1,1.9,0,0,0
pay_Zom9157533,252,netbanking,none,0,105,4,0.014,0,1,5.16,0,0,0
pay_Zom9412936,2059,upi,none,0,41,6,0.021,0,1,1.33,0,0,0
pay_Zom9836267,252,upi,none,0,353,40,0.014,0,1,4.41,0,0,0
pay_Zom3058722,2059,netbanking,none,0,59,8,0.026,0,1,1.89,0,0,0
pay_Zom8888040,252,card,amex,0,29,3,0.132,0,1,5.92,0,0,0
pay_Zom9923876,2059,upi,none,0,97,8,0.119,0,1,0.83,0,0,0
pay_Zom9939831,252,upi,none,1,165,11,0.048,1,1,1.29,0,0,0
pay_Zom5903382,2059,upi,none,1,1,0,0.111,0,1,2.41,0,0,0
pay_Zom8582938,3360,upi,none,1,38,5,0.123,0,2,4.84,0,0,0
pay_Zom7176462,2059,card,rupay,0,209,5,0.091,0,1,0.6,0,0,0
pay_Zom2101048,252,upi,none,0,84,6,0.16,0,1,8.18,0,0,0
pay_Zom4160048,3360,upi,none,0,63,4,0.069,0,1,0.06,0,0,0
pay_Zom8681853,252,upi,none,1,320,35,0.015,0,1,0.09,0,0,0
pay_Zom2464797,2059,upi,none,0,11,0,0.262,0,1,2.09,0,1,1
pay_Zom2345036,2059,upi,none,0,114,19,0.13,0,1,6.18,0,0,0
pay_Zom7554564,252,card,visa,1,50,5,0.123,1,1,0.49,0,1,1
pay_Zom3999964,252,upi,none,0,8,1,0.183,0,1,2.33,0,0,0
pay_Zom5838090,252,upi,none,0,28,4,0.055,0,1,1.96,0,0,0
pay_Zom2290961,252,upi,none,0,118,5,0.022,0,2,4.78,0,0,0
pay_Zom2834838,2059,card,amex,0,3,0,0.12,0,1,0.84,0,0,0
pay_Zom3764318,252,upi,none,1,107,16,0.013,0,1,3.16,0,0,0
pay_Zom5629550,252,upi,none,0,377,39,0.066,0,2,8.82,0,0,0
pay_Zom2879460,252,upi,none,0,190,4,0.081,0,1,0.2,0,0,0
pay_Zom3482256,252,upi,none,0,50,8,0.05,0,1,7.55,0,0,0
pay_Zom9327014,252,card,rupay,0,17,1,0.477,0,1,0.82,0,1,1
pay_Zom3524938,2059,upi,none,0,75,5,0.089,0,1,0.3,0,0,0
pay_Zom4426849,252,card,amex,0,59,6,0.018,0,1,1.35,0,0,0
pay_Zom9735688,2059,card,mastercard,0,427,64,0.047,0,1,2.5,0,0,0
pay_Zom1380679,252,netbanking,none,0,551,20,0.1,0,1,1.55,0,0,0
pay_Zom5918567,252,upi,none,1,63,4,0.114,0,1,0.5,0,0,0
pay_Zom7988325,2059,upi,none,0,19,1,0.324,0,1,2.27,0,0,0
pay_Zom3215051,252,upi,none,1,289,44,0.055,1,1,0.01,0,0,0
pay_Zom8950805,252,upi,none,0,189,27,0.013,0,1,0.03,0,0,0
pay_Zom6816664,252,card,rupay,0,85,7,0.077,0,1,6.23,0,0,0
pay_Zom8048611,252,card,rupay,1,54,6,0.011,0,1,2.94,0,0,0
pay_Zom8446735,252,card,visa,0,71,5,0.152,1,1,1.58,0,0,0
pay_Zom1360413,252,upi,none,0,278,30,0.0,1,1,1.81,0,0,0
pay_Zom5890840,252,upi,none,0,24,4,0.026,0,2,2.13,0,1,1
pay_Zom4171911,252,upi,none,0,197,20,0.008,0,1,0.94,0,0,0
pay_Zom2056117,252,card,amex,0,2,0,0.215,0,2,4.54,0,1,1
pay_Zom1369713,252,upi,none,0,303,42,0.063,0,1,1.28,0,0,0
pay_Zom4897818,252,upi,none,0,83,3,0.077,0,1,3.01,0,0,0
pay_Zom9717785,252,upi,none,0,30,4,0.13,1,1,0.51,0,0,0
pay_Zom6635087,3360,netbanking,none,1,0,0,0.516,0,1,0.1,0,1,1
pay_Zom7907041,252,card,mastercard,0,98,10,0.15,0,1,0.57,0,0,0
pay_Zom6751103,2059,netbanking,none,0,33,3,0.198,3,1,1.52,0,0,0
pay_Zom6474513,252,card,mastercard,0,119,19,0.009,0,3,0.52,0,0,0
pay_Zom9156216,3360,upi,none,0,39,2,0.157,0,2,3.77,0,0,0
pay_Zom9894713,252,upi,none,0,11,1,0.023,0,2,0.62,0,0,0
pay_Zom8470161,3360,upi,none,0,84,14,0.005,0,1,5.87,0,0,0
pay_Zom8684083,2059,upi,none,0,99,3,0.296,0,2,5.56,0,1,1
pay_Zom6101655,252,card,amex,1,72,11,0.108,1,1,1.17,0,1,1
pay_Zom3213824,2059,upi,none,1,73,4,0.108,0,2,2.19,0,0,0
pay_Zom6142132,252,upi,none,0,106,3,0.148,0,2,4.02,0,0,0
pay_Zom3881270,252,upi,none,1,89,15,0.102,0,1,1.93,0,0,0
pay_Zom5362201,2059,upi,none,1,17,1,0.064,0,1,0.29,0,0,0
pay_Zom4804769,3360,upi,none,0,26,3,0.076,0,1,1.14,0,0,0
pay_Zom9124251,252,upi,none,1,18,1,0.214,0,2,2.52,0,1,1
pay_Zom7239485,252,upi,none,0,141,7,0.334,0,1,5.93,0,1,1
pay_Zom5834292,2059,upi,none,0,90,11,0.419,0,2,0.25,0,1,1
pay_Zom1793880,2059,upi,none,0,67,1,0.221,0,1,0.68,0,0,0
pay_Zom3488704,2059,upi,none,1,192,10,0.001,0,1,9.36,0,0,0
pay_Zom6924385,2059,upi,none,0,47,8,0.252,0,1,1.34,0,1,1
pay_Zom5771138,252,card,amex,0,100,17,0.019,0,1,1.66,0,0,0
pay_Zom8649177,3360,upi,none,0,9,0,0.01,0,1,3.84,1,0,1
pay_Zom3791109,252,upi,none,0,163,7,0.162,0,3,1.61,1,1,1
pay_Zom3697606,252,upi,none,0,142,12,0.03,0,1,0.92,0,0,0
pay_Zom9981123,252,upi,none,1,194,31,0.01,0,1,12.1,0,0,0
pay_Zom5785643,252,upi,none,0,258,8,0.032,0,1,2.58,0,1,1
pay_Zom4058159,252,netbanking,none,0,170,6,0.061,0,6,1.62,0,0,0
pay_Zom3942041,2059,card,mastercard,1,223,36,0.212,0,1,5.02,0,0,0
pay_Zom3575047,252,upi,none,0,50,4,0.061,1,1,0.38,0,0,0
pay_Zom3705405,252,upi,none,0,50,1,0.252,1,2,8.13,0,1,1
pay_Zom4991389,2059,upi,none,0,346,14,0.358,2,1,5.85,0,1,1
pay_Zom2961547,252,upi,none,1,295,47,0.101,0,1,1.65,0,0,0
pay_Zom1690406,252,upi,none,0,95,9,0.044,1,1,0.72,0,0,0
pay_Zom6312100,252,netbanking,none,0,54,2,0.144,0,1,6.87,0,0,0
pay_Zom3121873,3360,upi,none,0,241,39,0.06,0,1,10.94,0,0,0
pay_Zom8396883,252,upi,none,1,46,7,0.027,1,1,0.17,0,0,0
pay_Zom5368907,252,netbanking,none,0,20,0,0.05,0,1,15.32,0,0,0
pay_Zom7202069,252,card,amex,0,122,13,0.092,0,6,1.71,1,0,1
pay_Zom4095339,252,netbanking,none,0,5,0,0.279,0,1,5.74,0,1,1
pay_Zom4441935,252,upi,none,0,57,6,0.045,0,1,2.14,0,0,0
pay_Zom1581986,252,upi,none,0,197,12,0.059,3,1,2.58,0,0,0
pay_Zom6317433,252,card,visa,0,41,2,0.053,0,1,2.69,0,0,0
pay_Zom6768795,3360,upi,none,1,321,37,0.013,0,1,11.57,0,0,0
pay_Zom3482092,252,upi,none,1,374,39,0.145,0,1,3.48,0,0,0
pay_Zom7256474,252,card,amex,0,203,16,0.07,0,6,1.23,1,0,1
pay_Zom8523391,252,upi,none,0,527,19,0.055,2,1,3.45,0,0,0
pay_Zom3727935,252,card,visa,0,90,15,0.078,0,1,0.33,0,0,0
pay_Zom9953043,2059,netbanking,none,1,101,4,0.36,0,1,1.41,0,1,1
pay_Zom6059333,252,card,visa,0,217,26,0.019,0,1,0.67,0,0,0
pay_Zom3038264,252,upi,none,0,81,2,0.165,0,1,3.26,0,1,1
pay_Zom1418175,2059,card,amex,1,62,8,0.006,0,1,2.66,1,1,1
pay_Zom7787429,252,card,rupay,1,114,4,0.158,2,1,4.51,0,0,0
pay_Zom9378825,252,netbanking,none,0,128,7,0.048,0,1,1.45,0,0,0
pay_Zom3439136,252,upi,none,0,166,20,0.048,0,3,14.8,1,0,1
pay_Zom8684648,252,upi,none,0,132,8,0.017,0,1,1.35,0,0,0
pay_Zom6372365,252,card,rupay,0,164,17,0.082,0,1,0.19,0,0,0
pay_Zom3618139,252,upi,none,1,134,5,0.256,1,1,1.1,0,1,1
pay_Zom1072046,252,upi,none,0,78,4,0.053,0,1,3.42,0,0,0
pay_Zom9512910,2059,upi,none,0,17,2,0.031,1,1,5.0,0,0,0
pay_Zom6557966,252,upi,none,1,184,4,0.222,1,3,0.97,0,0,0
pay_Zom5958621,252,card,visa,0,3,0,0.163,0,1,5.3,0,0,0
pay_Zom8950901,252,upi,none,0,587,31,0.021,0,1,1.43,0,0,0
pay_Zom5862493,252,card,amex,0,211,4,0.063,0,1,0.63,0,0,0
pay_Zom3467651,252,upi,none,1,133,4,0.014,1,1,0.53,0,0,0
pay_Zom8417300,3360,upi,none,0,407,26,0.068,0,1,5.97,0,0,0
pay_Zom6682181,2059,upi,none,0,113,3,0.224,1,1,0.94,0,0,0
pay_Zom2884343,3360,card,visa,0,6,0,0.08,1,1,0.87,0,0,0
pay_Zom9035971,2059,upi,none,1,98,2,0.361,0,1,7.5,0,1,1
pay_Zom1672446,252,upi,none,0,38,5,0.09,0,1,1.59,0,0,0
pay_Zom3339134,252,card,amex,0,55,8,0.005,0,1,16.23,0,0,0
pay_Zom2960855,252,card,amex,1,73,2,0.012,0,1,1.1,0,0,0
pay_Zom6168761,252,upi,none,1,178,4,0.198,0,3,3.78,0,0,0
pay_Zom1416001,3360,upi,none,1,83,2,0.124,0,1,0.76,0,0,0
pay_Zom7738231,252,upi,none,0,77,8,0.531,1,1,0.75,0,0,0
pay_Zom4697107,2059,upi,none,1,43,5,0.097,0,1,5.79,0,1,1
pay_Zom8482180,252,upi,none,0,93,11,0.038,0,1,9.1,0,0,0
pay_Zom6996068,2059,card,mastercard,0,34,3,0.168,0,1,7.87,0,0,0
pay_Zom2551575,3360,card,rupay,0,36,1,0.026,0,1,6.28,0,0,0
pay_Zom6475520,2059,upi,none,0,169,26,0.061,0,1,3.06,0,0,0
pay_Zom1923311,2059,upi,none,0,50,3,0.024,0,1,0.42,0,0,0
pay_Zom4274069,252,netbanking,none,0,6,1,0.137,0,2,1.44,0,1,1
pay_Zom9832094,2059,upi,none,1,50,4,0.023,0,1,1.15,0,1,1
pay_Zom4726955,3360,card,rupay,0,122,7,0.099,0,1,1.01,0,0,0
pay_Zom5662844,2059,upi,none,0,201,32,0.025,0,1,12.67,0,0,0
pay_Zom4283564,2059,upi,none,0,392,43,0.025,0,1,0.57,0,0,0
pay_Zom1378303,2059,card,mastercard,1,164,22,0.032,0,3,2.22,0,0,0
pay_Zom2402399,2059,upi,none,0,67,5,0.2,0,2,9.12,0,0,0
pay_Zom8473546,252,upi,none,0,42,6,0.082,1,1,0.22,0,0,0
pay_Zom2465941,2059,netbanking,none,0,16,2,0.03,0,2,4.79,0,0,0
pay_Zom9586369,252,card,mastercard,1,118,10,0.046,0,1,3.29,0,0,0
pay_Zom7617330,252,card,mastercard,0,85,4,0.063,0,1,1.56,0,0,0
pay_Zom4262330,252,upi,none,0,135,16,0.1,1,1,9.74,0,0,0
pay_Zom9228643,252,upi,none,0,32,5,0.105,1,1,1.43,0,0,0
pay_Zom6331091,252,card,visa,1,46,5,0.008,0,1,0.73,0,0,0
pay_Zom9582482,252,netbanking,none,0,41,7,0.009,0,1,4.51,0,0,0
pay_Zom1940322,252,card,visa,0,191,14,0.333,0,1,1.41,0,1,1
pay_Zom7057663,252,card,visa,0,22,3,0.259,0,1,1.18,0,1,1
pay_Zom7669916,252,upi,none,1,112,4,0.103,0,1,9.37,0,0,0
pay_Zom3482120,2059,card,visa,0,6,0,0.016,1,1,1.29,0,0,0
pay_Zom8174616,3360,card,visa,0,95,9,0.403,0,1,2.99,0,1,1
pay_Zom7201361,2059,card,rupay,0,7,0,0.079,0,1,3.72,0,0,0
pay_Zom7477894,3360,upi,none,0,23,1,0.086,0,1,2.32,0,0,0
pay_Zom7255068,2059,netbanking,none,0,14,2,0.167,0,1,1.3,0,0,0
pay_Zom1204527,252,upi,none,0,51,8,0.137,0,1,2.74,0,0,0
pay_Zom5775640,2059,upi,none,1,50,7,0.047,0,1,1.79,0,0,0
pay_Zom6786800,2059,card,rupay,0,210,8,0.045,0,1,0.13,0,0,0
pay_Zom6894759,252,card,amex,1,30,0,0.12,0,1,1.29,0,0,0
pay_Zom6168814,252,upi,none,0,10,0,0.091,1,1,3.09,0,0,0
pay_Zom8475525,2059,card,rupay,1,111,15,0.044,2,1,0.04,0,0,0
pay_Zom2469661,252,upi,none,0,139,5,0.204,0,2,3.67,0,0,0
pay_Zom4618764,2059,upi,none,0,41,5,0.004,0,2,0.11,0,1,1
pay_Zom8452780,252,upi,none,0,110,11,0.161,0,6,2.9,1,0,1
pay_Zom7972774,252,card,mastercard,1,179,24,0.006,0,1,0.22,0,1,1
pay_Zom8423991,252,upi,none,1,51,4,0.001,0,1,6.59,0,0,0
pay_Zom5842475,252,upi,none,0,89,11,0.002,0,1,8.44,0,0,0
pay_Zom3747945,252,card,rupay,0,19,0,0.062,1,2,3.34,0,0,0
pay_Zom8110724,2059,upi,none,0,2,0,0.009,0,1,0.47,0,0,0
pay_Zom7949018,2059,card,mastercard,0,477,78,0.068,0,1,8.19,0,0,0
pay_Zom3341557,2059,card,rupay,0,42,3,0.019,0,1,4.56,0,0,0
pay_Zom2444148,252,card,visa,0,39,6,0.071,1,1,7.39,0,0,0
pay_Zom3409867,2059,upi,none,0,434,11,0.011,0,1,2.18,0,0,0
pay_Zom4486033,252,upi,none,1,156,15,0.04,0,1,1.92,0,0,0
pay_Zom6087374,252,card,rupay,1,105,7,0.153,0,1,3.14,0,0,0
pay_Zom8962686,252,upi,none,0,144,25,0.124,0,1,2.13,0,0,0
pay_Zom9813089,252,upi,none,1,148,26,0.111,0,1,0.65,0,0,0
pay_Zom6627359,252,upi,none,0,172,9,0.071,1,1,6.11,0,0,0
pay_Zom2109238,252,upi,none,1,8,0,0.009,0,1,0.74,0,1,1
pay_Zom7304414,2059,netbanking,none,0,63,8,0.129,0,1,4.8,0,0,0
pay_Zom2483915,2059,card,amex,1,41,6,0.136,0,1,7.75,0,0,0
pay_Zom1111046,252,upi,none,0,8,1,0.05,0,1,2.64,0,0,0
pay_Zom7869609,252,upi,none,0,63,9,0.016,1,1,1.02,0,0,0
pay_Zom5585697,252,netbanking,none,0,114,3,0.122,0,1,0.08,0,0,0
pay_Zom7954391,252,upi,none,0,23,2,0.015,0,1,3.72,0,0,0
pay_Zom3934217,2059,card,visa,0,43,5,0.201,0,6,2.82,0,0,0
pay_Zom8753086,252,upi,none,0,122,6,0.021,3,1,4.11,0,0,0
pay_Zom3297254,2059,card,visa,1,103,14,0.074,0,1,10.58,0,1,1
pay_Zom4342987,2059,card,amex,0,243,41,0.034,0,1,2.1,0,0,0
pay_Zom4120669,252,upi,none,0,187,30,0.157,0,1,3.91,0,0,0
pay_Zom7405029,3360,upi,none,0,404,23,0.069,1,1,0.54,0,0,0
pay_Zom5856386,252,upi,none,0,109,7,0.158,0,1,0.53,0,0,0
pay_Zom9230660,252,netbanking,none,0,143,14,0.11,0,1,2.38,0,0,0
pay_Zom1708550,252,upi,none,1,236,10,0.051,1,2,3.09,0,0,0
pay_Zom6066600,252,upi,none,0,219,37,0.011,1,1,14.6,0,0,0
pay_Zom6098837,252,upi,none,0,152,6,0.214,0,1,2.94,0,0,0
pay_Zom9289630,252,card,rupay,0,83,11,0.053,0,1,8.72,0,0,0
pay_Zom8775431,2059,card,rupay,0,38,2,0.135,0,1,5.42,0,0,0
pay_Zom4766824,3360,upi,none,0,251,28,0.032,0,1,8.03,0,0,0
pay_Zom1450300,2059,upi,none,0,179,4,0.161,0,2,6.82,1,0,1
pay_Zom1041048,252,upi,none,1,218,11,0.01,0,1,2.73,0,0,0
pay_Zom3584093,2059,upi,none,0,18,1,0.07,1,1,0.0,0,0,0
pay_Zom5406989,2059,upi,none,0,45,5,0.148,0,1,2.13,0,0,0
pay_Zom6036006,2059,upi,none,0,66,9,0.045,1,1,0.87,0,0,0
pay_Zom8927925,2059,netbanking,none,1,218,5,0.089,0,1,4.38,0,0,0
pay_Zom3083343,2059,upi,none,1,268,11,0.438,0,1,0.77,0,1,1
pay_Zom5826621,252,card,amex,0,40,5,0.036,0,1,2.24,0,0,0
pay_Zom7998729,2059,upi,none,1,139,20,0.104,1,1,0.09,0,1,1
pay_Zom4009367,252,upi,none,0,9,0,0.006,0,1,0.33,0,0,0
pay_Zom9252486,3360,upi,none,0,63,3,0.001,0,1,1.74,0,0,0
pay_Zom5106228,252,card,visa,1,80,2,0.092,0,2,4.58,0,0,0
pay_Zom1477187,252,upi,none,1,174,7,0.246,0,1,3.92,0,0,0
pay_Zom3002438,252,card,amex,1,267,5,0.047,0,1,1.95,0,0,0
pay_Zom5650930,2059,upi,none,1,49,5,0.158,0,1,0.74,0,0,0
pay_Zom9272010,252,upi,none,1,90,14,0.01,0,1,1.28,0,0,0
pay_Zom2119456,252,netbanking,none,0,125,5,0.111,0,1,2.38,0,0,0
pay_Zom7069317,3360,upi,none,0,47,6,0.019,0,1,10.39,0,0,0
pay_Zom9061215,3360,upi,none,0,508,56,0.033,0,1,3.58,0,0,0
pay_Zom8316015,252,upi,none,1,250,42,0.113,1,1,0.48,0,0,0
pay_Zom5327037,252,card,mastercard,0,42,6,0.027,0,1,5.71,0,0,0
pay_Zom8986637,2059,card,mastercard,0,85,13,0.018,0,1,4.47,0,0,0
pay_Zom3006281,3360,upi,none,1,31,3,0.189,1,2,7.68,0,0,0
pay_Zom7261294,252,upi,none,1,86,12,0.318,0,1,3.31,0,1,1
pay_Zom9598757,2059,card,rupay,0,137,10,0.13,0,1,1.3,0,0,0
pay_Zom1294357,252,netbanking,none,0,10,0,0.021,0,1,6.58,0,0,0
pay_Zom5354311,2059,upi,none,0,244,40,0.118,0,1,3.01,0,0,0
pay_Zom3732123,2059,card,visa,0,108,14,0.103,0,1,4.25,0,0,0
pay_Zom1981641,252,upi,none,0,547,18,0.084,0,1,2.22,0,0,0
pay_Zom3451774,252,upi,none,1,3,0,0.218,0,3,5.71,0,1,1
pay_Zom6363359,3360,upi,none,0,213,16,0.244,0,1,3.44,0,0,0
pay_Zom8735034,2059,upi,none,0,188,12,0.074,0,1,7.74,0,0,0
pay_Zom3273269,252,upi,none,0,17,2,0.087,0,1,1.51,0,0,0
pay_Zom6995933,2059,netbanking,none,0,49,5,0.012,0,1,6.58,0,0,0
pay_Zom3739867,2059,upi,none,0,259,27,0.415,1,1,5.44,0,0,0
pay_Zom1887318,252,upi,none,1,87,5,0.124,0,1,1.62,0,0,0
pay_Zom5574649,2059,upi,none,1,61,10,0.147,0,6,7.3,0,0,0
pay_Zom7059317,252,card,mastercard,0,283,48,0.235,1,1,3.15,0,0,0
pay_Zom8038277,3360,netbanking,none,1,11,0,0.021,1,1,1.63,0,0,0
pay_Zom6972425,252,upi,none,0,76,5,0.14,0,1,1.13,0,0,0
pay_Zom1817300,252,upi,none,0,126,3,0.144,0,3,0.32,0,0,0
pay_Zom5862980,252,upi,none,0,112,17,0.09,0,1,0.34,0,0,0
pay_Zom5893311,2059,upi,none,0,36,5,0.096,0,1,5.37,0,0,0
pay_Zom9885420,2059,upi,none,0,99,10,0.146,0,1,1.7,0,0,0
pay_Zom2288937,2059,upi,none,0,147,22,0.076,0,2,2.59,0,0,0
pay_Zom9621249,2059,card,amex,0,105,13,0.046,0,1,6.3,0,0,0
pay_Zom4251673,252,upi,none,0,138,13,0.073,0,1,3.72,0,0,0
pay_Zom4074382,3360,upi,none,0,35,2,0.034,1,1,9.98,0,0,0
pay_Zom2585592,252,upi,none,0,214,13,0.374,0,1,2.59,0,1,1
pay_Zom3804075,2059,upi,none,0,71,4,0.079,0,2,0.41,0,0,0
pay_Zom6412444,252,upi,none,0,523,57,0.101,1,1,1.49,0,0,0
pay_Zom6305130,2059,upi,none,0,2,0,0.024,0,1,0.52,0,0,0
pay_Zom6051155,2059,card,rupay,1,57,2,0.05,0,1,4.82,1,0,1
pay_Zom5554325,2059,upi,none,0,23,0,0.108,0,1,2.2,0,0,0
pay_Zom7082121,252,upi,none,0,97,11,0.003,0,1,0.21,0,0,0
pay_Zom2607817,252,upi,none,0,33,5,0.034,0,1,0.06,0,0,0
pay_Zom9966085,252,netbanking,none,0,160,25,0.203,0,1,0.2,0,1,1
pay_Zom6899361,2059,upi,none,1,256,34,0.065,0,1,3.9,0,0,0
pay_Zom3411179,252,netbanking,none,0,28,4,0.02,0,2,0.79,0,0,0
pay_Zom1216386,3360,upi,none,0,21,1,0.105,0,1,5.26,0,1,1
pay_Zom3297630,252,upi,none,1,249,16,0.466,0,1,2.52,0,1,1
pay_Zom9693462,252,card,rupay,0,53,4,0.062,0,1,3.04,0,0,0
pay_Zom5721406,2059,upi,none,0,68,2,0.068,0,1,0.65,0,0,0
pay_Zom7258139,252,upi,none,1,29,3,0.12,1,1,7.35,0,0,0
pay_Zom9135255,3360,upi,none,1,66,3,0.013,0,1,2.23,0,0,0
pay_Zom7912120,2059,card,visa,0,31,4,0.093,0,6,1.86,0,1,1
pay_Zom6709506,252,upi,none,0,131,6,0.046,0,1,5.55,0,0,0
pay_Zom3735175,252,upi,none,1,82,4,0.211,1,1,0.12,0,0,0
pay_Zom2718286,252,upi,none,0,186,32,0.05,0,1,2.56,0,0,0
pay_Zom4655356,252,upi,none,0,45,1,0.165,0,1,4.46,0,0,0
pay_Zom3593001,2059,upi,none,0,84,8,0.021,0,1,5.55,0,0,0
pay_Zom9445363,252,upi,none,0,36,1,0.042,0,1,0.59,0,0,0
pay_Zom4709668,252,upi,none,0,327,11,0.063,0,1,1.73,0,0,0
pay_Zom4161109,252,upi,none,0,88,10,0.036,0,1,1.35,0,0,0
pay_Zom9818990,252,upi,none,1,22,2,0.096,0,1,16.95,0,0,0
pay_Zom9927083,252,upi,none,0,38,1,0.09,0,1,4.65,0,0,0
pay_Zom2912044,2059,card,mastercard,0,10,1,0.031,0,1,1.94,0,0,0
pay_Zom8001908,2059,netbanking,none,0,3,0,0.189,0,1,0.85,0,0,0
pay_Zom8725762,2059,card,rupay,1,89,6,0.001,0,1,0.67,0,0,0
pay_Zom2281784,2059,upi,none,0,49,2,0.014,0,1,18.43,0,0,0
pay_Zom2955647,252,card,amex,0,398,55,0.057,1,1,3.06,1,0,1
pay_Zom3201710,2059,netbanking,none,0,22,3,0.203,0,1,4.51,0,0,0
pay_Zom1291577,252,upi,none,0,189,8,0.091,0,1,0.6,0,0,0
pay_Zom9044980,252,upi,none,1,45,3,0.081,0,1,4.83,0,1,1
pay_Zom6841992,252,upi,none,0,30,1,0.07,0,1,0.96,0,0,0
pay_Zom6227335,252,card,mastercard,0,419,28,0.11,0,1,5.02,0,0,0
pay_Zom7082891,2059,upi,none,1,194,12,0.347,0,1,8.6,0,1,1
pay_Zom3332267,252,upi,none,0,119,20,0.111,0,1,1.72,0,0,0
pay_Zom8414487,2059,upi,none,0,143,20,0.074,0,1,8.18,0,0,0
pay_Zom9776515,252,card,rupay,0,570,82,0.072,1,1,2.18,0,0,0
pay_Zom6738565,252,upi,none,0,107,6,0.073,0,1,5.79,0,0,0
pay_Zom3889156,2059,card,rupay,0,12,0,0.092,0,1,2.12,0,0,0
pay_Zom6111753,252,card,mastercard,0,8,0,0.046,2,3,0.54,0,0,0
pay_Zom1482504,252,upi,none,0,131,14,0.137,1,1,3.87,0,0,0
pay_Zom2989725,252,upi,none,0,128,8,0.014,0,1,1.38,0,0,0
pay_Zom4730545,2059,upi,none,0,165,8,0.029,0,1,0.28,0,0,0
pay_Zom3159470,2059,netbanking,none,1,13,0,0.039,0,2,3.69,0,1,1
pay_Zom3388393,252,card,mastercard,1,347,55,0.031,0,1,3.03,0,0,0
pay_Zom4801288,3360,netbanking,none,0,96,11,0.14,0,1,9.31,0,0,0
pay_Zom6157791,2059,upi,none,1,125,4,0.087,0,1,0.32,0,0,0
pay_Zom3102926,2059,upi,none,0,4,0,0.283,1,2,1.97,0,1,1
pay_Zom4520547,2059,upi,none,0,389,54,0.159,0,2,0.92,0,0,0
pay_Zom3184699,252,upi,none,0,99,6,0.152,0,1,2.32,0,0,0
pay_Zom2318772,2059,card,visa,0,99,4,0.072,0,1,6.47,0,0,0
pay_Zom8127046,252,upi,none,0,344,51,0.049,0,1,9.95,0,0,0
pay_Zom2874387,252,upi,none,0,318,23,0.032,0,1,1.68,0,0,0
pay_Zom2304181,3360,upi,none,0,29,4,0.225,0,1,3.38,1,0,1
pay_Zom1315519,2059,upi,none,0,321,8,0.095,0,3,0.94,0,0,0
pay_Zom9124448,252,upi,none,1,160,15,0.189,1,6,5.02,1,0,1
pay_Zom8235132,252,upi,none,0,2,0,0.117,0,2,8.3,0,0,0
pay_Zom1713315,2059,card,amex,0,32,4,0.134,0,1,2.26,0,0,0
pay_Zom4294223,252,upi,none,1,63,11,0.022,2,1,7.2,0,0,0
pay_Zom2808875,252,upi,none,0,104,8,0.054,0,1,14.43,0,0,0
pay_Zom1550170,252,upi,none,0,145,5,0.042,0,1,3.28,0,0,0
pay_Zom9614751,252,card,visa,0,28,1,0.022,0,1,2.88,0,0,0
pay_Zom1994305,2059,upi,none,1,217,35,0.0,0,1,1.68,0,0,0
pay_Zom8869895,252,netbanking,none,1,224,31,0.06,0,1,5.4,0,0,0
pay_Zom2995183,2059,upi,none,0,120,6,0.069,0,1,5.9,0,0,0
pay_Zom5244844,252,upi,none,0,304,52,0.101,1,1,0.04,0,0,0
pay_Zom1726143,2059,upi,none,0,201,24,0.078,0,1,1.02,0,0,0
pay_Zom2111446,3360,upi,none,0,30,1,0.089,0,1,0.11,0,0,0
pay_Zom6060776,2059,card,visa,1,192,21,0.019,2,1,5.24,0,0,0
pay_Zom1172342,2059,upi,none,0,367,33,0.004,0,2,0.68,0,0,0
pay_Zom2619061,3360,upi,none,0,17,2,0.053,0,1,0.4,0,0,0
pay_Zom3076911,252,upi,none,0,461,34,0.153,0,1,5.58,0,0,0
pay_Zom4446060,2059,card,amex,0,3,0,0.154,0,1,2.99,0,0,0
pay_Zom4355853,2059,card,amex,1,88,13,0.021,0,1,0.58,0,0,0
pay_Zom4100124,252,upi,none,1,178,22,0.001,0,1,6.52,0,1,1
pay_Zom6897756,252,upi,none,0,187,11,0.093,1,3,1.83,0,0,0
pay_Zom1490886,3360,card,visa,1,159,27,0.253,1,1,1.63,1,1,1
pay_Zom2523024,2059,card,mastercard,0,90,9,0.05,0,6,3.69,0,0,0
pay_Zom3442040,252,upi,none,0,126,20,0.016,0,1,0.13,0,0,0
pay_Zom5653591,252,upi,none,0,144,7,0.049,0,1,1.43,0,0,0
pay_Zom6835728,2059,card,amex,0,81,14,0.101,0,1,0.29,0,0,0
pay_Zom6908990,252,upi,none,0,108,16,0.008,0,1,4.65,0,0,0
pay_Zom3693705,2059,upi,none,0,224,38,0.182,1,1,1.12,0,0,0
pay_Zom9399251,2059,card,visa,0,45,2,0.067,0,1,6.34,0,0,0
pay_Zom5057108,2059,upi,none,0,88,7,0.044,0,1,1.9,0,0,0
pay_Zom9470971,252,card,mastercard,0,1,0,0.11,1,1,7.58,0,0,0
pay_Zom2146505,2059,upi,none,0,139,5,0.148,0,2,0.87,0,0,0
pay_Zom2662717,2059,netbanking,none,0,26,1,0.213,0,1,3.7,0,0,0
pay_Zom1234617,2059,upi,none,1,78,13,0.106,1,1,10.14,0,0,0
pay_Zom9872441,252,card,rupay,0,28,3,0.08,0,1,1.75,0,0,0
pay_Zom4640623,252,upi,none,0,2,0,0.127,0,1,0.6,0,0,0
pay_Zom4213634,3360,upi,none,0,79,13,0.106,0,1,2.82,0,0,0
pay_Zom5728772,252,upi,none,0,66,9,0.172,0,6,1.98,0,0,0
pay_Zom3881880,252,card,mastercard,0,66,10,0.196,0,1,2.47,0,0,0
pay_Zom1072627,252,upi,none,0,28,4,0.239,0,1,2.26,0,0,0
pay_Zom2655671,2059,upi,none,0,352,49,0.155,0,1,1.08,0,0,0
pay_Zom4590582,252,upi,none,1,0,0,0.07,1,1,2.53,0,0,0
pay_Zom9458992,252,upi,none,0,266,47,0.031,1,1,0.56,0,0,0
pay_Zom8964404,252,upi,none,0,160,11,0.246,0,1,3.06,0,0,0
pay_Zom7148229,2059,netbanking,none,0,22,2,0.129,0,1,2.01,0,0,0
pay_Zom4105895,252,upi,none,0,76,11,0.021,0,1,12.59,0,0,0
pay_Zom8376368,252,upi,none,0,539,25,0.071,0,3,0.35,0,0,0
pay_Zom2800606,252,netbanking,none,0,123,14,0.061,0,1,4.88,0,0,0
pay_Zom4034134,2059,card,visa,0,16,1,0.103,0,1,1.5,0,0,0
pay_Zom6952931,252,card,amex,1,73,4,0.138,0,3,4.18,1,1,1
pay_Zom7368883,252,upi,none,0,75,1,0.107,0,1,11.07,0,0,0
pay_Zom8115080,252,upi,none,1,194,30,0.102,0,1,7.98,0,0,0
pay_Zom4594921,3360,upi,none,0,297,12,0.067,0,1,0.42,0,0,0
pay_Zom9627700,2059,upi,none,0,10,1,0.142,0,2,7.32,0,0,0
pay_Zom4817726,3360,card,mastercard,0,45,5,0.003,0,2,1.74,1,0,1
pay_Zom7838023,2059,upi,none,0,42,5,0.24,0,2,0.26,0,1,1
pay_Zom2893232,252,upi,none,0,664,101,0.115,0,1,0.81,0,0,0
pay_Zom6272748,2059,netbanking,none,1,98,9,0.05,0,1,0.1,0,0,0
pay_Zom3073922,252,upi,none,0,254,19,0.06,1,1,0.53,0,0,0
pay_Zom8816533,252,netbanking,none,1,66,2,0.076,0,1,2.21,0,0,0
pay_Zom2850798,252,upi,none,1,153,17,0.128,0,1,10.17,0,1,1
pay_Zom9719581,252,upi,none,0,40,4,0.187,0,3,5.81,0,1,1
pay_Zom3280231,3360,upi,none,0,291,19,0.134,0,1,2.65,0,0,0
pay_Zom9318412,252,upi,none,0,72,8,0.23,1,1,1.37,0,0,0
pay_Zom7060776,2059,upi,none,1,195,17,0.059,0,1,0.1,0,0,0
pay_Zom5836389,252,upi,none,1,35,5,0.076,0,1,0.21,0,0,0
pay_Zom1681298,252,upi,none,0,141,15,0.023,0,1,4.6,0,0,0
pay_Zom2379891,2059,upi,none,0,62,10,0.0,0,1,2.75,0,0,0
pay_Zom6504863,2059,upi,none,0,3,0,0.307,1,2,0.45,0,1,1
pay_Zom9283126,2059,upi,none,1,63,10,0.242,1,2,6.94,0,1,1
pay_Zom2941503,252,upi,none,1,95,9,0.075,0,2,2.55,0,0,0
pay_Zom7455555,252,upi,none,0,19,2,0.055,0,1,6.35,0,0,0
pay_Zom5758210,2059,upi,none,0,24,1,0.003,0,1,5.28,0,0,0
pay_Zom8666277,2059,upi,none,0,75,6,0.197,0,2,1.42,0,0,0
pay_Zom6234607,252,upi,none,0,50,8,0.413,0,6,4.25,0,1,1
pay_Zom8448343,3360,upi,none,1,69,3,0.071,0,1,17.05,0,0,0
pay_Zom4789527,2059,upi,none,0,74,2,0.044,0,1,4.82,0,0,0
pay_Zom7833061,3360,netbanking,none,0,18,2,0.065,0,2,1.07,0,0,0
pay_Zom5875279,2059,upi,none,0,23,2,0.099,1,1,3.14,0,0,0
pay_Zom8180005,2059,upi,none,0,226,14,0.158,0,2,1.99,0,1,1
pay_Zom4167286,252,netbanking,none,0,21,1,0.141,0,1,1.25,0,0,0
pay_Zom2167847,252,netbanking,none,1,131,13,0.037,0,1,1.17,0,0,0
pay_Zom8980532,2059,card,mastercard,0,65,7,0.183,1,2,2.16,0,0,0
pay_Zom7164643,252,upi,none,0,413,62,0.083,0,1,1.3,0,0,0
pay_Zom4008109,252,upi,none,0,8,0,0.076,0,1,0.56,0,0,0
pay_Zom1214510,252,card,mastercard,0,212,27,0.002,0,1,4.95,0,0,0
pay_Zom9248490,252,card,amex,0,81,12,0.03,0,1,1.21,0,0,0
pay_Zom2764491,3360,upi,none,0,0,0,0.012,0,1,1.63,1,0,1
pay_Zom7649981,2059,upi,none,0,36,2,0.028,0,1,8.17,0,0,0
pay_Zom8349399,252,netbanking,none,0,62,4,0.141,0,1,3.8,0,0,0
pay_Zom9768819,252,upi,none,1,45,5,0.002,0,2,9.25,0,0,0
pay_Zom2426162,2059,upi,none,0,54,8,0.055,0,1,3.22,0,0,0
pay_Zom3000143,2059,upi,none,0,298,43,0.052,0,1,1.54,0,0,0
pay_Zom3405308,3360,upi,none,0,53,6,0.021,0,1,0.88,0,0,0
pay_Zom7623837,252,upi,none,1,65,11,0.027,0,1,6.1,0,0,0
pay_Zom7721360,252,upi,none,0,171,15,0.035,0,1,2.09,0,0,0
pay_Zom2706614,252,netbanking,none,0,189,29,0.068,0,1,3.68,0,0,0
pay_Zom3830705,3360,upi,none,0,10,1,0.14,0,1,4.74,0,0,0
pay_Zom2085660,2059,upi,none,0,146,24,0.047,0,1,0.99,0,0,0
pay_Zom7102041,2059,card,amex,1,79,14,0.046,0,1,13.08,0,0,0
pay_Zom4340115,252,upi,none,1,17,1,0.004,0,3,0.94,0,0,0
pay_Zom6681296,2059,upi,none,0,36,1,0.16,0,2,4.96,0,0,0
pay_Zom4359863,2059,upi,none,1,5,0,0.087,0,1,0.58,0,0,0
pay_Zom7782844,252,upi,none,0,53,8,0.011,0,1,12.84,0,0,0
pay_Zom3059607,252,upi,none,0,35,5,0.012,0,1,1.01,0,0,0
pay_Zom4906904,252,card,mastercard,1,57,4,0.176,0,1,2.54,0,0,0
pay_Zom8125354,252,netbanking,none,0,104,2,0.162,0,6,1.61,1,0,1
pay_Zom9373678,252,card,mastercard,0,158,16,0.014,1,1,8.2,0,0,0
pay_Zom5672762,252,upi,none,1,111,10,0.004,0,1,2.58,0,0,0
pay_Zom5579723,252,upi,none,0,136,4,0.024,1,1,3.9,0,0,0
pay_Zom7714837,252,upi,none,0,240,35,0.085,0,1,0.87,0,0,0
pay_Zom6974321,252,upi,none,0,248,16,0.11,1,1,10.21,0,0,0
pay_Zom8983040,2059,upi,none,1,236,29,0.014,0,1,1.54,0,1,1
pay_Zom7785437,252,card,visa,1,19,0,0.069,1,1,0.37,0,0,0
pay_Zom9129112,2059,upi,none,0,34,5,0.046,1,3,0.86,1,1,1
pay_Zom9580111,252,upi,none,1,83,11,0.254,1,1,0.76,0,1,1
pay_Zom5679008,2059,upi,none,1,53,4,0.095,0,2,0.4,0,1,1
pay_Zom3472527,252,upi,none,0,16,1,0.055,1,1,2.36,0,0,0
pay_Zom8627505,2059,card,amex,1,40,1,0.015,0,1,1.31,0,0,0
pay_Zom2812554,252,netbanking,none,0,444,78,0.022,0,1,2.39,0,0,0
pay_Zom3050009,2059,upi,none,0,51,7,0.022,1,1,0.29,0,0,0
pay_Zom5205877,252,upi,none,0,65,9,0.005,0,1,3.11,0,0,0
pay_Zom9209786,2059,netbanking,none,0,0,0,0.359,0,1,3.5,0,1,1
pay_Zom9342869,252,card,mastercard,0,152,3,0.011,0,1,1.03,0,0,0
pay_Zom4872547,252,netbanking,none,0,64,7,0.06,0,1,2.95,0,0,0
pay_Zom3258353,252,upi,none,0,13,0,0.075,0,6,1.27,0,1,1
pay_Zom1498677,2059,upi,none,0,415,60,0.323,0,1,0.6,0,0,0
pay_Zom2671067,3360,upi,none,0,180,15,0.073,0,1,3.99,1,0,1
pay_Zom1886716,2059,upi,none,1,155,11,0.105,1,2,6.31,0,0,0
pay_Zom2144687,252,card,amex,1,380,12,0.037,1,1,0.58,0,0,0
pay_Zom9357316,252,upi,none,1,62,11,0.01,0,1,7.66,0,0,0
pay_Zom1448771,3360,upi,none,0,152,26,0.169,0,1,3.19,0,0,0
pay_Zom4004727,252,upi,none,1,27,1,0.3,1,1,5.19,0,1,1
pay_Zom7419516,2059,card,amex,0,143,10,0.031,0,6,4.14,0,0,0
pay_Zom6485409,3360,upi,none,0,1,0,0.531,0,1,7.52,0,1,1
pay_Zom3562495,2059,upi,none,0,16,1,0.05,1,1,0.22,0,0,0
pay_Zom6079345,252,upi,none,0,66,11,0.093,0,1,15.17,0,0,0
pay_Zom2616210,252,upi,none,1,1,0,0.06,0,1,7.42,0,0,0
pay_Zom2283746,252,upi,none,0,74,12,0.074,0,1,0.16,0,0,0
pay_Zom9723295,2059,upi,none,0,88,14,0.008,0,1,1.02,0,0,0
pay_Zom9257536,252,card,amex,1,116,16,0.163,1,1,2.68,0,0,0
pay_Zom8818548,252,upi,none,0,12,1,0.037,0,1,6.79,0,0,0
pay_Zom4387852,252,upi,none,1,23,3,0.082,1,1,1.31,0,0,0
pay_Zom5925168,252,netbanking,none,1,114,14,0.336,0,1,0.18,0,1,1
pay_Zom9353359,2059,netbanking,none,0,128,6,0.089,0,1,5.3,0,0,0
pay_Zom9225036,2059,card,visa,0,3,0,0.177,2,1,1.99,0,0,0
pay_Zom9469050,252,upi,none,0,93,9,0.161,0,1,5.01,0,0,0
pay_Zom5390014,252,upi,none,0,184,32,0.013,0,1,1.38,0,0,0
pay_Zom6764913,3360,upi,none,0,8,0,0.049,0,1,5.98,0,0,0
pay_Zom1296459,252,netbanking,none,0,63,1,0.212,0,1,1.57,0,0,0
pay_Zom1530135,2059,card,rupay,1,47,2,0.104,0,6,2.26,0,0,0
pay_Zom8221021,3360,upi,none,1,293,48,0.028,1,1,9.69,0,0,0
pay_Zom2998738,252,upi,none,1,24,4,0.235,0,1,0.56,0,0,0
pay_Zom7436241,252,upi,none,0,45,6,0.052,0,2,3.05,0,0,0
pay_Zom8551685,3360,upi,none,0,274,7,0.051,0,3,5.88,1,0,1
pay_Zom6277427,252,upi,none,0,48,1,0.047,0,1,4.11,0,0,0
pay_Zom7313879,252,upi,none,0,90,8,0.117,0,1,1.95,0,0,0
pay_Zom8424860,252,upi,none,1,4,0,0.005,0,1,5.68,0,0,0
pay_Zom8711752,252,upi,none,1,503,80,0.044,0,1,2.28,0,0,0
pay_Zom1603663,2059,upi,none,0,209,35,0.192,0,1,3.61,0,0,0
pay_Zom1551295,2059,upi,none,1,120,14,0.004,0,2,1.43,0,1,1
pay_Zom3967372,2059,upi,none,0,7,1,0.359,0,1,0.21,0,1,1
pay_Zom6084244,252,card,amex,0,9,0,0.162,0,1,0.8,0,0,0
pay_Zom3753883,252,upi,none,0,94,2,0.117,1,1,2.21,0,0,0
pay_Zom9245659,2059,upi,none,0,40,6,0.007,0,1,7.85,0,0,0
pay_Zom8225630,252,upi,none,1,116,6,0.23,1,1,0.49,0,0,0
pay_Zom3256338,2059,upi,none,1,109,14,0.121,1,1,1.33,0,0,0
pay_Zom6242203,252,upi,none,0,218,27,0.008,0,1,1.4,0,0,0
pay_Zom7527687,2059,upi,none,0,39,1,0.041,1,1,5.27,0,0,0
pay_Zom9178136,252,upi,none,0,103,5,0.217,0,1,2.75,0,0,0
pay_Zom2835125,252,card,amex,1,180,13,0.152,0,1,1.88,0,1,1
pay_Zom9230125,252,card,mastercard,1,80,11,0.1,2,1,0.23,0,0,0
pay_Zom8882244,252,upi,none,1,213,5,0.337,0,1,12.33,0,1,1
pay_Zom8984462,252,card,amex,1,16,1,0.053,0,1,5.76,0,0,0
pay_Zom3622462,2059,upi,none,0,158,19,0.142,0,1,0.2,0,0,0
pay_Zom9500764,2059,upi,none,0,343,16,0.236,0,2,0.17,0,0,0
pay_Zom1935113,2059,upi,none,0,48,1,0.01,0,1,1.02,0,0,0
pay_Zom7566347,3360,upi,none,0,54,4,0.165,0,6,0.18,1,0,1
pay_Zom5418967,252,upi,none,1,10,0,0.111,0,1,4.73,0,1,1
pay_Zom9299539,252,upi,none,1,123,15,0.268,0,1,0.8,0,1,1
pay_Zom7338393,252,card,rupay,0,96,16,0.154,0,2,7.46,0,0,0
pay_Zom6918393,2059,upi,none,0,4,0,0.021,0,1,3.3,0,0,0
pay_Zom5772070,252,upi,none,0,167,27,0.138,1,1,2.33,0,0,0
pay_Zom6376808,2059,upi,none,0,212,18,0.033,0,1,0.42,0,0,0
pay_Zom2030523,252,upi,none,0,285,35,0.377,0,1,0.49,0,1,1
pay_Zom1472228,3360,upi,none,0,94,14,0.06,0,1,0.45,0,0,0
pay_Zom1756962,3360,netbanking,none,1,72,8,0.006,0,1,0.83,1,0,1
pay_Zom3150806,252,upi,none,0,250,8,0.007,0,3,0.38,0,0,0
pay_Zom7147341,252,card,amex,0,61,2,0.007,0,1,1.35,0,0,0
pay_Zom6853181,2059,upi,none,0,127,18,0.024,1,2,5.85,0,0,0
pay_Zom1451304,252,card,visa,1,114,6,0.037,0,3,0.55,1,0,1
pay_Zom6725334,252,card,mastercard,1,55,6,0.194,0,1,1.25,0,1,1
pay_Zom7384961,2059,card,rupay,0,10,0,0.063,0,1,2.09,0,0,0
pay_Zom2633262,252,netbanking,none,1,2,0,0.012,0,1,3.33,0,1,1
pay_Zom8183134,2059,upi,none,0,67,9,0.076,0,1,0.95,0,0,0
pay_Zom6790539,2059,upi,none,0,78,10,0.119,1,1,3.33,0,0,0
pay_Zom6995607,252,upi,none,0,207,25,0.058,0,1,0.71,0,0,0
pay_Zom7911031,252,upi,none,0,64,5,0.044,1,1,3.46,0,0,0
pay_Zom6893320,252,card,visa,0,39,2,0.261,0,1,5.44,0,1,1
pay_Zom1947061,2059,upi,none,1,74,7,0.064,0,1,0.08,0,0,0
pay_Zom5097480,252,upi,none,1,32,4,0.4,0,1,9.63,0,1,1
pay_Zom5154272,2059,upi,none,0,11,1,0.091,0,1,4.37,0,0,0
pay_Zom4936305,252,card,rupay,0,14,2,0.307,0,1,10.48,0,1,1
pay_Zom6236161,252,netbanking,none,0,46,1,0.184,1,1,1.08,0,0,0
pay_Zom2425085,252,upi,none,0,1,0,0.223,0,1,9.75,0,0,0
pay_Zom2098911,252,upi,none,0,29,3,0.165,0,6,2.12,0,0,0
pay_Zom6115582,252,upi,none,0,185,28,0.193,0,1,0.58,0,0,0
pay_Zom2920509,252,upi,none,1,32,2,0.063,0,1,4.68,0,0,0
pay_Zom6663891,252,upi,none,1,14,1,0.203,1,1,4.15,0,0,0
pay_Zom3848423,252,card,mastercard,0,357,52,0.005,0,1,8.92,0,0,0
pay_Zom1330712,252,upi,none,0,116,16,0.066,0,1,1.27,0,0,0
pay_Zom6471332,2059,upi,none,0,7,0,0.264,0,1,3.47,0,1,1
pay_Zom1627092,252,upi,none,0,7,0,0.056,0,3,11.27,0,1,1
pay_Zom8732776,252,card,amex,0,113,14,0.116,1,1,7.21,0,0,0
pay_Zom8087921,2059,card,mastercard,0,93,15,0.275,0,1,6.05,0,1,1
pay_Zom9636236,252,upi,none,0,8,0,0.035,0,1,7.38,0,0,0
pay_Zom8066104,2059,card,mastercard,1,30,2,0.022,0,1,6.51,0,1,1
pay_Zom5473122,252,upi,none,0,317,51,0.061,0,1,1.67,0,0,0
pay_Zom1342293,252,upi,none,1,101,13,0.077,0,1,0.05,0,0,0
pay_Zom8880256,3360,upi,none,0,69,5,0.008,0,1,15.37,0,0,0
pay_Zom1373065,252,card,amex,1,34,0,0.024,0,1,5.22,0,0,0
pay_Zom6310229,2059,upi,none,0,17,2,0.047,0,1,0.9,0,0,0
pay_Zom7337385,252,card,visa,0,61,4,0.076,0,1,4.82,0,0,0
pay_Zom7548160,2059,upi,none,0,306,9,0.059,0,1,1.59,0,0,0
pay_Zom6409332,2059,card,rupay,0,5,0,0.168,0,1,0.99,0,0,0
pay_Zom2639564,252,card,visa,0,564,40,0.184,0,1,2.92,0,0,0
pay_Zom9193298,2059,upi,none,1,27,2,0.209,0,1,0.04,0,0,0
pay_Zom2678672,252,card,amex,1,63,6,0.092,0,1,13.12,0,0,0
pay_Zom4454568,2059,upi,none,0,5,0,0.183,0,1,10.03,0,0,0
pay_Zom6636598,252,netbanking,none,0,105,6,0.166,0,1,5.46,0,0,0
pay_Zom9333769,2059,card,rupay,0,79,2,0.174,0,1,0.19,0,0,0
pay_Zom9435056,252,upi,none,1,131,11,0.327,0,1,0.27,0,1,1
pay_Zom6696526,252,card,amex,1,93,2,0.136,0,1,3.66,0,0,0
pay_Zom3795540,2059,upi,none,0,60,7,0.22,0,1,5.63,0,0,0
pay_Zom6025126,2059,netbanking,none,0,160,27,0.064,0,1,0.19,0,0,0
pay_Zom7095738,252,card,visa,1,3,0,0.187,1,2,2.9,0,1,1
pay_Zom8314717,252,upi,none,0,93,5,0.025,0,1,4.2,0,0,0
pay_Zom4384948,252,upi,none,0,14,0,0.277,0,1,0.63,0,1,1
pay_Zom9337466,252,upi,none,0,68,3,0.036,0,1,0.68,0,0,0
pay_Zom2263679,252,card,mastercard,1,187,10,0.014,0,1,9.38,0,0,0
pay_Zom9989803,2059,card,rupay,0,18,1,0.244,1,1,1.79,0,0,0
pay_Zom4591668,252,upi,none,1,329,11,0.121,0,1,1.12,0,0,0
pay_Zom5821026,2059,card,amex,0,263,42,0.158,0,1,0.16,0,0,0
pay_Zom5448564,2059,upi,none,0,64,10,0.162,1,1,0.13,0,0,0
pay_Zom1797443,252,upi,none,0,0,0,0.149,0,1,1.05,0,0,0
pay_Zom5988206,252,upi,none,1,187,5,0.037,1,1,3.39,0,0,0
pay_Zom7744899,252,upi,none,0,255,37,0.081,0,1,3.25,0,0,0
pay_Zom4789737,252,upi,none,0,23,0,0.268,0,1,0.89,0,1,1
pay_Zom2542796,2059,upi,none,0,297,10,0.279,0,1,4.75,0,0,0
pay_Zom2589366,252,upi,none,0,294,21,0.012,0,1,2.16,0,0,0
pay_Zom6651204,2059,card,rupay,1,76,6,0.065,0,1,5.62,0,0,0
pay_Zom5586302,252,upi,none,0,191,14,0.199,0,1,9.04,0,0,0
pay_Zom2128599,252,upi,none,1,70,3,0.216,0,1,0.95,0,1,1
pay_Zom9909769,252,upi,none,1,99,3,0.004,0,2,2.08,0,0,0
pay_Zom8973680,252,upi,none,0,46,7,0.087,0,1,0.19,0,0,0
pay_Zom8165647,252,upi,none,1,20,1,0.036,1,1,5.03,0,0,0
pay_Zom4518839,252,upi,none,0,164,9,0.197,1,1,1.36,0,0,0
pay_Zom6827003,2059,upi,none,0,0,0,0.375,0,1,3.69,0,1,1
pay_Zom2286168,2059,card,rupay,0,103,2,0.007,0,1,1.68,0,0,0
pay_Zom6064152,252,upi,none,1,240,27,0.046,0,2,0.54,0,1,1
pay_Zom9466446,252,upi,none,0,30,1,0.044,0,1,0.02,0,0,0
pay_Zom6031638,252,upi,none,0,48,5,0.195,0,1,3.58,0,0,0
pay_Zom8263032,252,upi,none,1,106,12,0.02,0,1,9.53,0,0,0
pay_Zom6257190,252,card,visa,1,34,5,0.102,0,1,8.19,0,1,1
pay_Zom4356734,252,card,mastercard,0,225,12,0.065,0,1,9.88,0,0,0
pay_Zom7951039,252,upi,none,0,54,5,0.035,0,1,4.08,0,0,0
pay_Zom7749490,252,upi,none,0,104,18,0.009,0,1,1.96,0,0,0
pay_Zom5215523,252,netbanking,none,0,30,4,0.047,0,1,2.62,0,0,0
pay_Zom9646460,252,upi,none,0,5,0,0.014,0,1,4.53,0,0,0
pay_Zom8603914,2059,upi,none,0,22,3,0.246,0,1,1.24,0,0,0
pay_Zom4029979,252,upi,none,0,5,0,0.259,1,1,0.74,0,1,1
pay_Zom1312111,252,card,rupay,1,75,4,0.223,0,1,0.25,0,0,0
pay_Zom9660803,252,card,visa,0,106,14,0.009,0,1,2.27,0,0,0
pay_Zom4129604,2059,upi,none,0,5,0,0.004,0,1,0.34,0,0,0
pay_Zom9375247,2059,upi,none,0,11,1,0.045,0,1,2.16,0,0,0
pay_Zom4572755,2059,upi,none,0,79,10,0.034,0,1,5.86,0,0,0
pay_Zom8839914,252,netbanking,none,0,192,22,0.132,0,1,0.58,0,0,0
pay_Zom5495219,252,upi,none,0,118,12,0.141,0,1,0.45,0,0,0
pay_Zom9937547,2059,card,rupay,0,13,1,0.09,0,1,0.99,0,0,0
pay_Zom8276689,252,upi,none,0,262,7,0.0,1,2,0.3,0,0,0
pay_Zom2004647,252,card,mastercard,0,299,47,0.036,0,1,1.59,0,0,0
pay_Zom9762229,2059,upi,none,0,47,7,0.046,1,1,3.29,0,0,0
pay_Zom4366315,252,upi,none,0,114,13,0.269,0,1,2.24,0,1,1
pay_Zom7111514,252,card,rupay,0,81,5,0.296,2,1,4.46,0,1,1
pay_Zom8759239,252,netbanking,none,0,341,8,0.04,0,1,0.45,0,0,0
pay_Zom3478727,252,upi,none,0,85,1,0.189,0,1,1.46,0,0,0
pay_Zom5032805,252,upi,none,1,386,12,0.02,0,2,1.89,0,0,0
pay_Zom3524512,2059,upi,none,0,26,2,0.123,0,1,2.15,0,0,0
pay_Zom6037789,2059,upi,none,1,50,2,0.002,0,1,0.25,0,0,0
pay_Zom8304611,252,card,mastercard,1,182,11,0.19,1,1,0.23,0,0,0
pay_Zom7883025,2059,upi,none,1,183,24,0.22,0,1,0.31,0,0,0
pay_Zom6346113,252,card,visa,0,158,27,0.084,0,1,0.53,0,0,0
pay_Zom2080914,252,upi,none,1,235,12,0.022,1,1,0.0,0,0,0
pay_Zom4415137,2059,netbanking,none,1,145,13,0.158,0,1,1.26,0,0,0
pay_Zom7919567,2059,upi,none,0,121,21,0.077,0,1,1.85,0,0,0
pay_Zom5478422,2059,upi,none,0,73,12,0.034,0,1,2.78,0,0,0
pay_Zom5815809,2059,upi,none,1,75,5,0.04,1,1,0.1,0,0,0
pay_Zom3694157,2059,card,visa,0,62,4,0.263,0,1,2.06,0,1,1
pay_Zom5302460,2059,upi,none,0,116,6,0.262,0,1,9.73,0,1,1
pay_Zom4961601,252,upi,none,1,62,2,0.143,0,1,4.87,0,1,1
pay_Zom7809300,2059,card,mastercard,0,19,1,0.07,1,1,1.36,0,0,0
pay_Zom5001087,3360,card,mastercard,0,13,0,0.04,0,2,2.61,0,1,1
pay_Zom2905196,2059,card,visa,0,309,43,0.02,0,1,4.2,0,0,0
pay_Zom3515949,252,upi,none,0,3,0,0.021,0,1,0.59,0,0,0
pay_Zom4219816,252,upi,none,1,13,1,0.165,0,1,0.26,0,0,0
pay_Zom1464798,252,card,mastercard,0,70,4,0.052,0,2,3.38,0,0,0
pay_Zom5120259,252,upi,none,1,36,4,0.246,0,1,4.67,0,0,0
pay_Zom6210006,3360,upi,none,0,62,7,0.266,0,1,2.53,0,1,1
pay_Zom8787307,252,upi,none,0,14,1,0.006,1,1,4.16,0,0,0
pay_Zom9143364,252,netbanking,none,0,16,0,0.316,0,1,4.44,0,1,1
pay_Zom8317096,3360,upi,none,0,193,12,0.412,0,1,3.62,0,1,1
pay_Zom8080306,252,card,mastercard,1,170,10,0.016,0,1,9.66,0,0,0
pay_Zom1620819,252,upi,none,0,13,1,0.114,1,1,2.69,0,0,0
pay_Zom4388838,252,card,amex,1,132,4,0.151,0,1,0.21,0,0,0
pay_Zom3673591,2059,card,rupay,0,112,11,0.058,0,1,2.91,0,0,0
pay_Zom5575347,252,upi,none,0,149,5,0.187,0,1,3.57,0,0,0
pay_Zom3288926,3360,upi,none,0,77,5,0.264,0,6,1.46,1,1,1
pay_Zom1488919,252,card,visa,1,37,4,0.073,0,1,2.24,0,0,0
pay_Zom5335179,252,upi,none,0,130,11,0.141,0,1,5.15,0,0,0
pay_Zom5660240,252,card,visa,0,55,3,0.123,1,1,4.44,0,0,0
pay_Zom3952542,2059,card,amex,0,29,3,0.339,1,1,0.68,0,1,1
pay_Zom1708541,252,upi,none,0,63,8,0.158,0,1,0.95,0,0,0
pay_Zom9151075,252,upi,none,0,172,10,0.023,0,1,2.96,0,0,0
pay_Zom1334013,252,upi,none,0,77,5,0.06,0,1,1.73,0,0,0
pay_Zom1928237,2059,card,mastercard,1,42,5,0.057,1,1,4.86,0,0,0
pay_Zom2408104,252,upi,none,0,213,37,0.11,0,1,0.37,0,0,0
pay_Zom6266448,2059,netbanking,none,0,256,13,0.097,0,1,1.38,0,0,0
pay_Zom5999260,2059,netbanking,none,0,68,8,0.06,0,2,1.6,0,0,0
pay_Zom2066723,252,upi,none,0,56,9,0.239,0,1,1.97,0,0,0
pay_Zom7828441,252,upi,none,0,113,10,0.074,0,1,5.09,0,0,0
pay_Zom7097414,252,upi,none,1,7,0,0.045,1,1,0.07,0,0,0
pay_Zom2515088,252,netbanking,none,1,141,17,0.511,0,1,0.55,0,1,1
pay_Zom7658793,252,upi,none,0,182,4,0.161,0,1,2.8,0,0,0
pay_Zom3358208,252,upi,none,0,60,4,0.052,0,1,2.33,0,0,0
pay_Zom4960113,252,card,mastercard,1,23,1,0.138,1,1,10.59,0,0,0
pay_Zom2877913,252,upi,none,1,3,0,0.144,0,1,0.2,0,0,0
pay_Zom9392777,252,upi,none,0,121,5,0.002,0,1,1.23,0,0,0
pay_Zom3024047,252,upi,none,0,37,5,0.283,1,1,5.27,0,1,1
pay_Zom9756994,2059,upi,none,1,74,12,0.036,0,1,11.39,0,0,0
pay_Zom9812402,3360,upi,none,0,58,4,0.109,0,1,18.05,1,0,1
pay_Zom5224638,2059,upi,none,0,23,0,0.073,0,6,1.21,0,0,0
pay_Zom9329067,252,card,mastercard,1,85,11,0.04,1,1,3.17,0,0,0
pay_Zom2514123,252,upi,none,1,73,7,0.185,0,6,11.08,0,1,1
pay_Zom4994266,252,card,visa,0,117,15,0.315,0,1,13.24,0,0,0
pay_Zom3051464,252,upi,none,0,34,4,0.159,1,1,0.44,0,0,0
pay_Zom6258152,252,upi,none,0,28,4,0.321,0,1,1.53,0,0,0
pay_Zom6524500,2059,upi,none,1,202,8,0.026,0,1,4.63,0,0,0
pay_Zom7542286,252,upi,none,1,145,6,0.18,0,1,2.87,0,0,0
pay_Zom4958384,252,upi,none,1,177,13,0.043,0,6,3.0,0,0,0
pay_Zom8094564,3360,upi,none,0,15,1,0.171,0,1,1.97,0,0,0
pay_Zom4657573,252,upi,none,0,30,5,0.016,0,1,6.51,0,0,0
pay_Zom3420581,252,upi,none,0,102,16,0.101,0,1,0.23,0,0,0
pay_Zom2792041,252,upi,none,0,233,37,0.192,1,1,0.91,0,0,0
pay_Zom3938600,252,upi,none,0,267,14,0.055,0,2,4.25,0,0,0
pay_Zom4592146,2059,upi,none,0,213,29,0.021,0,1,5.99,0,0,0
pay_Zom5606139,252,card,amex,0,5,0,0.115,1,1,12.35,0,0,0
pay_Zom8373173,252,upi,none,1,206,34,0.04,0,1,1.23,0,0,0
pay_Zom7851404,2059,upi,none,0,275,14,0.017,0,1,0.87,0,0,0
pay_Zom5266545,2059,card,rupay,1,7,0,0.111,1,1,1.05,0,0,0
pay_Zom1938272,3360,upi,none,0,64,9,0.168,0,1,1.0,0,0,0
pay_Zom9226851,2059,upi,none,1,92,12,0.197,0,1,2.27,0,0,0
pay_Zom9950140,252,upi,none,0,31,4,0.107,0,1,1.17,0,0,0
pay_Zom7286506,252,netbanking,none,0,87,3,0.151,0,1,0.52,0,0,0
pay_Zom2895176,252,upi,none,0,260,42,0.019,0,1,0.19,0,0,0
pay_Zom6309820,252,card,amex,0,242,31,0.11,0,3,1.03,0,0,0
pay_Zom8109870,2059,card,visa,0,337,41,0.018,0,1,5.95,0,0,0
pay_Zom8966730,2059,upi,none,1,79,8,0.132,1,1,6.51,0,0,0
pay_Zom5133011,252,upi,none,0,63,8,0.104,0,1,3.13,0,0,0
pay_Zom5659599,252,upi,none,0,131,11,0.012,0,1,1.76,0,0,0
pay_Zom3431212,252,upi,none,0,64,2,0.201,0,1,1.08,0,0,0
pay_Zom7090096,3360,upi,none,0,5,0,0.107,0,1,0.14,0,0,0
pay_Zom8972898,252,card,rupay,1,152,21,0.012,0,1,16.25,0,0,0
pay_Zom7169641,2059,upi,none,0,39,1,0.049,0,1,1.68,0,0,0
pay_Zom6170258,2059,upi,none,0,6,0,0.067,0,1,1.63,0,0,0
pay_Zom1353566,3360,card,mastercard,1,2,0,0.189,0,1,1.77,0,0,0
pay_Zom1584005,2059,card,amex,0,321,20,0.299,0,2,5.25,0,1,1
pay_Zom1917249,2059,netbanking,none,1,34,1,0.131,0,1,3.76,0,0,0
pay_Zom5021093,252,upi,none,0,71,11,0.224,0,1,10.04,0,0,0
pay_Zom5244348,252,upi,none,0,360,16,0.075,0,1,0.27,0,0,0
pay_Zom7454030,252,upi,none,0,75,5,0.039,0,1,11.34,0,0,0
pay_Zom6188664,252,card,amex,0,9,0,0.097,0,1,3.12,0,1,1
pay_Zom7087698,3360,upi,none,1,96,9,0.067,0,1,9.28,0,0,0
pay_Zom3047722,252,netbanking,none,0,11,0,0.175,0,3,5.05,0,1,1
pay_Zom9974312,2059,upi,none,0,11,1,0.004,0,1,15.02,0,0,0
pay_Zom4965830,252,card,visa,0,228,28,0.068,0,1,0.84,0,0,0
pay_Zom8422287,252,card,amex,0,41,3,0.232,0,1,2.57,0,0,0
pay_Zom7517462,3360,card,rupay,1,136,10,0.084,0,1,9.77,0,0,0
pay_Zom1131971,252,upi,none,0,85,8,0.337,0,1,0.52,0,1,1
pay_Zom7593035,252,upi,none,1,30,0,0.061,1,6,5.3,0,0,0
pay_Zom5287143,252,upi,none,1,87,14,0.231,0,1,8.59,0,0,0
pay_Zom6048065,2059,upi,none,0,8,0,0.052,0,1,1.64,0,1,1
pay_Zom2514149,252,upi,none,1,51,6,0.046,0,1,2.05,0,0,0
pay_Zom4950370,252,card,amex,0,88,12,0.052,0,1,6.24,0,0,0
pay_Zom5989928,252,upi,none,0,31,4,0.175,0,1,2.92,0,0,0
pay_Zom4529699,2059,netbanking,none,0,129,5,0.021,0,1,2.28,0,0,0
pay_Zom3688166,2059,upi,none,0,6,0,0.089,0,1,1.12,0,0,0
pay_Zom8362611,252,upi,none,1,79,2,0.042,0,1,2.69,0,0,0
pay_Zom6321470,252,upi,none,0,150,22,0.046,0,1,1.65,0,0,0
pay_Zom7816395,2059,card,visa,0,67,6,0.053,0,1,2.23,0,0,0
pay_Zom1568440,252,upi,none,0,249,11,0.097,0,1,6.64,0,0,0
pay_Zom5597569,252,card,amex,0,120,16,0.018,0,1,6.54,0,0,0
pay_Zom2343763,252,upi,none,0,381,27,0.183,0,1,0.07,0,0,0
pay_Zom9249220,2059,netbanking,none,1,40,1,0.154,0,1,2.76,0,0,0
pay_Zom8903600,252,upi,none,0,335,31,0.147,0,1,10.54,0,0,0
pay_Zom7928341,252,upi,none,1,112,6,0.006,0,1,2.07,0,0,0
pay_Zom6582152,2059,card,rupay,1,164,28,0.051,1,1,0.41,0,0,0
pay_Zom8086125,2059,card,rupay,0,278,21,0.275,0,2,0.04,0,1,1
pay_Zom2684358,252,upi,none,0,96,10,0.004,0,1,1.84,0,0,0
pay_Zom3690114,252,card,visa,0,237,40,0.01,0,1,7.33,0,0,0
pay_Zom5378351,2059,upi,none,1,93,7,0.021,0,1,7.81,0,1,1
pay_Zom9494883,3360,card,mastercard,0,109,8,0.127,0,1,3.79,0,0,0
pay_Zom2113457,2059,upi,none,0,70,3,0.032,0,2,10.7,0,0,0
pay_Zom6903169,252,upi,none,0,18,3,0.017,0,1,0.26,0,0,0
pay_Zom8061035,252,upi,none,0,96,14,0.051,0,2,1.62,0,1,1
pay_Zom6482263,2059,card,visa,0,455,25,0.085,1,1,5.51,0,0,0
pay_Zom8604470,2059,netbanking,none,0,185,13,0.02,0,1,6.41,0,0,0
pay_Zom1458871,252,upi,none,0,165,27,0.022,0,1,0.34,0,0,0
pay_Zom1874073,252,card,mastercard,0,123,13,0.14,0,1,3.1,0,0,0
pay_Zom4082639,2059,upi,none,0,51,5,0.024,0,1,3.84,0,0,0
pay_Zom8439100,252,card,rupay,0,22,2,0.146,0,1,0.88,0,0,0
pay_Zom3283248,252,upi,none,1,30,4,0.004,0,1,0.12,0,0,0
pay_Zom1051603,252,upi,none,0,0,0,0.107,0,2,0.07,0,1,1
pay_Zom7721990,252,upi,none,0,134,19,0.086,0,1,1.56,0,1,1
pay_Zom4356706,252,upi,none,0,200,33,0.01,0,1,0.48,0,0,0
pay_Zom6126237,2059,upi,none,0,37,5,0.079,0,1,2.96,0,0,0
pay_Zom6263378,252,card,amex,0,11,0,0.091,0,1,1.01,0,0,0
pay_Zom2379624,252,upi,none,0,49,1,0.234,0,1,1.44,0,0,0
pay_Zom2859388,252,netbanking,none,1,41,6,0.107,0,1,1.48,0,0,0
pay_Zom3647821,252,card,amex,0,71,1,0.143,1,1,9.37,0,0,0
pay_Zom5187652,252,upi,none,0,36,5,0.179,1,1,6.92,0,0,0
pay_Zom9663182,252,upi,none,1,49,7,0.375,0,1,3.66,0,1,1
pay_Zom3182597,2059,card,rupay,0,285,24,0.289,0,2,0.6,0,1,1
pay_Zom7883963,252,netbanking,none,0,48,3,0.185,0,1,0.28,0,0,0
pay_Zom6358628,252,netbanking,none,0,184,9,0.022,0,1,1.54,0,0,0
pay_Zom8574743,252,card,visa,1,117,3,0.052,0,1,2.96,0,0,0
pay_Zom9025640,252,upi,none,0,49,6,0.045,0,1,4.52,0,0,0
pay_Zom3239922,2059,card,amex,0,204,6,0.004,0,1,0.09,0,0,0
pay_Zom5373482,252,upi,none,0,108,18,0.316,0,2,0.76,0,1,1
pay_Zom3910495,3360,upi,none,1,1,0,0.017,0,2,2.02,0,1,1
pay_Zom6495887,252,card,visa,1,8,1,0.163,0,1,1.56,0,1,1
pay_Zom5727774,2059,card,amex,0,167,4,0.023,0,1,2.15,0,0,0
pay_Zom4333024,252,netbanking,none,0,70,7,0.027,0,1,1.39,0,0,0
pay_Zom2415979,2059,upi,none,0,62,4,0.175,0,2,3.1,0,0,0
pay_Zom7954096,252,card,mastercard,0,18,0,0.043,0,1,7.03,0,0,0
pay_Zom7167297,252,card,amex,1,20,2,0.211,0,1,0.3,0,0,0
pay_Zom4051595,2059,upi,none,0,191,32,0.03,0,1,1.21,0,0,0
pay_Zom7601736,2059,upi,none,0,211,4,0.118,0,1,1.08,0,0,0
pay_Zom7330379,252,upi,none,0,98,6,0.229,0,1,2.75,0,0,0
pay_Zom4766269,252,upi,none,0,41,5,0.046,0,3,7.8,1,0,1
pay_Zom1347869,252,upi,none,0,323,51,0.041,0,1,6.0,0,0,0
pay_Zom1385374,2059,upi,none,1,117,5,0.012,0,1,8.15,0,0,0
pay_Zom4837070,252,card,mastercard,0,191,5,0.01,0,1,0.84,0,0,0
pay_Zom2492779,252,upi,none,0,0,0,0.085,1,1,1.47,0,0,0
pay_Zom8758202,2059,upi,none,0,71,3,0.522,1,1,1.13,0,1,1
pay_Zom4326354,2059,upi,none,0,245,7,0.224,0,1,2.76,0,0,0
pay_Zom5391992,2059,upi,none,0,49,3,0.009,0,1,3.89,0,0,0
pay_Zom3831255,2059,netbanking,none,0,155,14,0.219,0,1,1.88,0,0,0
pay_Zom1835219,2059,upi,none,0,128,12,0.008,0,1,1.29,0,0,0
pay_Zom7728249,252,upi,none,0,19,0,0.096,0,1,3.5,0,0,0
pay_Zom8195804,252,card,amex,0,178,16,0.058,0,1,2.41,0,0,0
pay_Zom5364723,2059,upi,none,0,14,0,0.113,0,1,6.18,0,0,0
pay_Zom3504019,252,card,amex,1,156,9,0.141,0,1,0.19,0,0,0
pay_Zom2494200,3360,upi,none,0,564,44,0.168,0,1,4.66,0,0,0
pay_Zom7172675,252,upi,none,1,380,14,0.165,0,1,4.13,0,0,0
pay_Zom3854188,252,netbanking,none,0,193,28,0.106,0,1,7.05,0,0,0
pay_Zom2968815,3360,upi,none,0,91,4,0.032,0,1,6.52,0,0,0
pay_Zom1236808,2059,upi,none,1,134,18,0.06,0,1,0.57,0,0,0
pay_Zom9822092,252,upi,none,0,156,14,0.307,0,1,3.59,0,1,1
pay_Zom8300752,2059,upi,none,0,1,0,0.071,0,1,3.24,0,0,0
pay_Zom8611954,2059,card,amex,0,12,1,0.248,0,1,4.15,0,0,0
pay_Zom9290445,252,card,amex,1,109,2,0.092,0,1,13.92,0,0,0
pay_Zom2988307,252,upi,none,0,0,0,0.228,0,1,0.41,0,0,0
pay_Zom4766215,2059,upi,none,0,287,20,0.011,0,1,3.47,0,0,0
pay_Zom4408213,2059,card,amex,0,80,6,0.039,0,1,3.18,0,0,0
pay_Zom4196800,252,card,visa,1,35,3,0.019,0,3,0.03,0,1,1
pay_Zom5466142,2059,upi,none,0,60,7,0.138,0,1,3.76,0,0,0
pay_Zom5831200,2059,card,mastercard,0,228,4,0.034,0,1,2.41,0,0,0
pay_Zom9290765,252,upi,none,0,314,54,0.04,2,1,5.19,0,0,0
pay_Zom7410129,2059,card,mastercard,1,14,0,0.099,1,1,4.93,0,0,0
pay_Zom3184382,252,netbanking,none,0,180,10,0.129,1,1,0.16,0,0,0
pay_Zom8236157,252,upi,none,0,103,16,0.066,1,1,5.31,0,0,0
pay_Zom4466272,2059,upi,none,1,105,2,0.154,2,1,7.96,0,0,0
pay_Zom4616607,2059,upi,none,0,181,32,0.323,0,1,3.5,0,1,1
pay_Zom5747402,2059,upi,none,0,30,0,0.086,0,1,7.12,0,1,1
pay_Zom4176986,252,upi,none,1,90,3,0.232,1,1,0.82,0,0,0
pay_Zom8018429,252,card,amex,1,46,2,0.081,0,1,8.1,0,0,0
pay_Zom4026104,252,upi,none,0,11,0,0.015,0,1,9.61,0,0,0
pay_Zom7853897,252,upi,none,0,13,1,0.06,0,1,1.17,0,0,0
pay_Zom3448514,252,upi,none,0,17,0,0.096,0,1,1.48,0,0,0
pay_Zom1482732,252,upi,none,1,114,3,0.003,0,1,4.34,0,1,1
pay_Zom5868629,252,upi,none,1,13,0,0.008,0,2,1.43,0,1,1
pay_Zom5392266,2059,upi,none,0,101,6,0.121,0,1,15.95,0,0,0
pay_Zom4950793,252,upi,none,0,106,17,0.185,0,1,1.19,0,0,0
pay_Zom8566133,252,netbanking,none,1,281,23,0.139,0,3,0.1,0,1,1
pay_Zom5166084,252,upi,none,0,118,16,0.106,0,1,5.96,0,0,0
pay_Zom7201492,252,netbanking,none,0,508,25,0.442,0,1,0.15,0,1,1
pay_Zom8686718,252,upi,none,0,3,0,0.14,2,1,12.81,0,0,0
pay_Zom2438456,252,card,visa,0,146,15,0.297,0,1,3.21,0,1,1
pay_Zom1173144,2059,upi,none,1,3,0,0.037,0,1,2.03,0,0,0
pay_Zom8866528,252,card,visa,1,156,25,0.253,2,2,4.62,0,1,1
pay_Zom3234807,2059,upi,none,0,58,6,0.167,0,3,4.4,1,0,1
pay_Zom6423167,3360,netbanking,none,0,113,7,0.215,1,6,1.72,1,0,1
pay_Zom7669861,2059,upi,none,0,44,1,0.022,0,1,0.84,0,0,0
pay_Zom4560421,252,card,rupay,1,20,2,0.034,1,1,6.52,0,0,0
pay_Zom7433986,3360,card,rupay,0,154,9,0.227,0,1,8.93,0,0,0
pay_Zom8101643,252,card,visa,0,281,43,0.061,1,1,18.45,0,0,0
pay_Zom5298752,252,upi,none,0,24,2,0.0,0,1,1.58,0,0,0
pay_Zom2225669,2059,upi,none,0,304,47,0.015,0,1,3.01,0,0,0
pay_Zom2598523,2059,card,rupay,0,18,1,0.157,0,1,13.88,0,0,0
pay_Zom1985700,252,upi,none,1,159,22,0.195,0,1,1.86,0,1,1
pay_Zom1874304,252,upi,none,0,384,25,0.129,0,2,5.47,0,0,0
pay_Zom6584506,252,upi,none,0,19,1,0.114,1,1,9.83,0,0,0
pay_Zom4939985,252,upi,none,0,68,1,0.117,0,1,0.72,0,0,0
pay_Zom8900934,252,card,mastercard,0,49,5,0.218,0,1,4.51,0,0,0
pay_Zom6944195,3360,upi,none,0,59,6,0.045,0,2,4.25,0,0,0
pay_Zom1763562,3360,upi,none,0,167,23,0.134,0,1,1.72,0,0,0
pay_Zom1089942,2059,upi,none,1,129,17,0.09,0,1,13.87,0,0,0
pay_Zom5255656,252,upi,none,0,415,49,0.047,0,1,7.06,0,0,0
pay_Zom9464810,2059,card,visa,0,24,0,0.105,0,1,18.07,0,0,0
pay_Zom7391073,3360,upi,none,0,94,15,0.081,0,1,2.8,0,0,0
pay_Zom6075231,2059,upi,none,1,71,1,0.015,0,1,0.88,0,0,0
pay_Zom7621913,252,upi,none,0,301,44,0.009,0,1,1.15,0,0,0
pay_Zom7222689,252,netbanking,none,1,1,0,0.152,0,1,5.49,0,0,0
pay_Zom3218589,252,upi,none,0,543,81,0.001,2,1,1.57,0,0,0
pay_Zom1689962,252,upi,none,0,78,7,0.055,0,1,0.85,0,0,0
pay_Zom4009366,2059,upi,none,0,117,14,0.108,0,1,8.92,0,0,0
pay_Zom5366969,2059,upi,none,1,53,4,0.029,0,1,1.46,0,1,1
pay_Zom3849886,252,upi,none,0,229,31,0.009,0,3,0.3,0,0,0
pay_Zom9451467,252,card,rupay,0,99,6,0.028,0,1,2.93,0,0,0
pay_Zom9268480,252,upi,none,0,130,17,0.078,0,1,2.8,0,0,0
pay_Zom6690441,252,upi,none,0,125,6,0.265,0,2,1.92,0,1,1
pay_Zom8853160,252,upi,none,0,54,7,0.255,1,1,2.07,0,1,1
pay_Zom3213242,2059,card,visa,0,9,0,0.171,0,1,0.87,0,0,0
pay_Zom2504043,252,upi,none,0,197,12,0.092,0,1,1.23,0,0,0
pay_Zom6323702,2059,upi,none,0,41,6,0.161,0,1,2.33,0,0,0
pay_Zom9899034,252,upi,none,0,226,33,0.238,0,1,12.53,0,0,0
pay_Zom8263354,252,upi,none,0,112,14,0.11,0,1,13.71,0,0,0
pay_Zom3378937,252,card,rupay,0,52,8,0.041,0,1,0.32,0,0,0
pay_Zom5368887,2059,upi,none,0,108,4,0.186,0,1,8.29,0,0,0
pay_Zom2960284,252,upi,none,0,124,7,0.095,0,1,2.03,0,0,0
pay_Zom6255791,2059,upi,none,0,147,9,0.155,1,1,2.15,0,0,0
pay_Zom1740918,252,upi,none,0,207,14,0.036,0,1,1.56,0,0,0
pay_Zom3145327,2059,upi,none,0,20,1,0.291,0,2,7.4,0,1,1
pay_Zom9375364,2059,card,visa,0,346,45,0.1,0,1,2.14,0,0,0
pay_Zom5714408,252,upi,none,0,63,3,0.028,0,1,0.02,0,0,0
pay_Zom7049733,2059,upi,none,0,236,15,0.179,0,3,9.59,0,0,0
pay_Zom8215646,252,upi,none,0,29,3,0.063,0,1,12.79,0,0,0
pay_Zom5746702,2059,card,amex,0,3,0,0.181,2,1,1.98,0,0,0
pay_Zom5416038,252,card,mastercard,0,102,7,0.046,0,1,2.01,0,0,0
pay_Zom5425123,252,netbanking,none,0,47,1,0.04,0,1,0.06,0,0,0
pay_Zom9673362,2059,upi,none,0,499,86,0.014,0,1,0.79,0,0,0
pay_Zom6251441,2059,upi,none,1,13,0,0.001,0,1,0.45,0,0,0
pay_Zom8311097,252,upi,none,0,5,0,0.079,1,2,5.56,0,0,0
pay_Zom3767969,2059,upi,none,1,5,0,0.156,0,1,2.54,0,1,1
pay_Zom6293931,252,upi,none,0,29,1,0.018,0,1,1.2,0,0,0
pay_Zom9242223,252,upi,none,1,103,5,0.17,0,1,9.05,0,0,0
pay_Zom3537801,2059,upi,none,0,84,11,0.086,0,1,3.64,0,0,0
pay_Zom8381800,252,upi,none,1,51,8,0.113,0,1,9.66,0,0,0
pay_Zom1892920,252,card,rupay,0,11,0,0.008,0,1,1.03,0,0,0
pay_Zom4169550,2059,upi,none,0,31,1,0.0,0,2,7.05,0,0,0
pay_Zom3493443,252,card,amex,0,24,1,0.115,0,1,6.75,0,0,0
pay_Zom1915485,2059,upi,none,1,164,13,0.085,0,6,7.96,0,1,1
pay_Zom4856420,252,card,visa,1,181,26,0.216,0,1,5.95,0,0,0
pay_Zom4072601,252,upi,none,0,180,17,0.091,0,1,5.74,0,0,0
pay_Zom1601668,252,upi,none,0,417,12,0.178,0,2,6.62,0,0,0
pay_Zom8889444,2059,netbanking,none,0,258,43,0.017,0,1,7.92,0,0,0
pay_Zom5365833,2059,upi,none,0,82,6,0.042,0,1,1.93,0,0,0
pay_Zom3743996,252,upi,none,0,64,8,0.23,1,1,0.87,0,0,0
pay_Zom8837188,252,card,amex,1,296,37,0.081,0,1,0.26,0,0,0
pay_Zom8322078,3360,upi,none,0,113,3,0.627,1,1,1.13,0,1,1
pay_Zom2946560,252,card,mastercard,0,41,0,0.108,0,2,6.96,0,0,0
pay_Zom9303225,2059,card,rupay,0,99,3,0.06,1,1,20.45,0,0,0
pay_Zom1684371,252,upi,none,0,581,100,0.08,0,2,1.93,0,0,0
pay_Zom8407471,2059,card,rupay,0,227,33,0.096,0,1,2.21,0,0,0
pay_Zom6981414,252,card,visa,0,39,1,0.316,1,1,1.75,0,1,1
pay_Zom9140297,2059,upi,none,0,366,43,0.004,0,1,2.8,0,0,0
pay_Zom8679933,2059,upi,none,0,478,56,0.187,0,1,2.28,0,0,0
pay_Zom9270975,252,upi,none,0,31,0,0.334,0,1,4.03,0,1,1
pay_Zom2887283,252,upi,none,0,271,24,0.227,0,1,1.12,0,0,0
pay_Zom3483929,2059,card,mastercard,1,257,34,0.02,0,1,1.81,0,0,0
pay_Zom3074573,2059,upi,none,0,4,0,0.042,0,2,1.8,0,0,0
pay_Zom6865386,252,upi,none,1,132,20,0.204,0,1,1.34,0,0,0
pay_Zom2569976,252,upi,none,0,43,5,0.119,0,1,5.6,0,0,0
pay_Zom4418084,2059,card,amex,0,134,2,0.165,0,2,2.72,0,0,0
pay_Zom5766683,252,upi,none,0,293,45,0.221,0,1,2.87,0,0,0
pay_Zom4030887,2059,card,visa,0,82,1,0.132,0,2,0.97,0,0,0
pay_Zom3823521,252,card,rupay,1,64,10,0.082,0,1,1.93,0,0,0
pay_Zom9535203,2059,upi,none,0,305,22,0.28,0,1,1.48,0,0,0
pay_Zom5576682,3360,upi,none,0,438,57,0.013,0,1,8.34,0,0,0
pay_Zom4563416,3360,upi,none,0,7,1,0.248,0,1,0.13,0,0,0
pay_Zom1069218,252,card,amex,0,307,19,0.017,0,1,0.67,0,0,0
pay_Zom9825074,2059,card,visa,0,10,0,0.066,0,1,3.78,0,1,1
pay_Zom4029442,252,upi,none,0,49,4,0.124,0,1,3.25,0,0,0
pay_Zom7986351,252,upi,none,0,172,19,0.172,0,1,4.39,0,0,0
pay_Zom2289085,252,upi,none,0,180,12,0.268,1,1,0.16,0,1,1
pay_Zom5129836,252,card,amex,0,155,27,0.032,1,1,7.5,0,0,0
pay_Zom9356912,3360,upi,none,0,4,0,0.136,0,1,9.36,0,1,1
pay_Zom2582179,252,card,amex,0,17,1,0.091,0,1,5.33,0,0,0
pay_Zom6513962,2059,upi,none,0,330,40,0.034,0,1,0.67,0,0,0
pay_Zom1435572,2059,upi,none,0,10,0,0.229,0,1,5.44,0,0,0
pay_Zom5769447,2059,upi,none,0,9,1,0.229,0,1,1.33,0,0,0
pay_Zom3046668,252,upi,none,0,216,15,0.104,0,1,0.58,0,0,0
pay_Zom7613071,252,upi,none,1,123,6,0.09,1,1,0.3,0,0,0
pay_Zom7267268,2059,upi,none,0,52,1,0.237,0,1,0.17,0,0,0
pay_Zom2779557,252,netbanking,none,0,21,3,0.053,0,1,6.47,0,0,0
pay_Zom6428072,252,upi,none,1,258,19,0.13,0,1,6.48,0,0,0
pay_Zom3579924,252,upi,none,0,536,29,0.273,0,1,0.12,0,1,1
pay_Zom1484433,252,upi,none,0,6,0,0.098,1,1,4.4,0,0,0
pay_Zom2360015,2059,upi,none,0,96,6,0.067,0,1,1.03,0,0,0
pay_Zom8721431,252,upi,none,1,36,2,0.1,0,1,0.88,0,0,0
pay_Zom9050632,252,netbanking,none,1,214,25,0.019,0,1,2.89,0,1,1
pay_Zom8617787,252,upi,none,0,50,1,0.054,1,1,2.14,0,0,0
pay_Zom5518413,252,upi,none,0,150,15,0.145,0,1,0.73,0,1,1
pay_Zom1097397,252,upi,none,0,93,7,0.032,0,1,0.02,0,0,0
pay_Zom6526866,252,upi,none,0,93,9,0.025,0,1,1.36,0,0,0
pay_Zom1735630,252,upi,none,0,234,16,0.222,0,1,1.82,0,0,0
pay_Zom8601790,2059,netbanking,none,0,76,8,0.137,0,1,2.26,0,0,0
pay_Zom6451176,252,upi,none,0,224,7,0.067,1,1,1.84,0,0,0
pay_Zom3169632,252,upi,none,1,54,4,0.201,0,1,1.68,0,0,0
pay_Zom4546147,252,netbanking,none,0,23,1,0.129,0,1,11.57,0,0,0
pay_Zom1816752,252,upi,none,0,72,6,0.086,0,1,8.84,0,0,0
pay_Zom5747180,3360,upi,none,1,82,6,0.077,0,1,1.74,0,0,0
pay_Zom6421907,252,upi,none,1,78,9,0.042,0,1,9.93,0,0,0
pay_Zom1931723,252,upi,none,0,198,23,0.062,0,1,0.32,0,0,0
pay_Zom2186553,252,upi,none,0,99,8,0.309,1,1,0.04,0,1,1
pay_Zom7398678,3360,card,visa,0,263,12,0.08,0,2,1.41,0,0,0
pay_Zom2552748,252,card,amex,1,86,9,0.065,0,1,0.72,0,0,0
pay_Zom7691735,2059,card,amex,0,30,5,0.173,0,1,4.27,0,0,0
pay_Zom5280939,252,upi,none,0,16,0,0.111,1,1,3.44,0,0,0
pay_Zom3986525,3360,card,mastercard,0,243,7,0.056,0,1,12.84,0,0,0
pay_Zom5027876,2059,upi,none,0,6,0,0.047,3,1,4.91,0,0,0
pay_Zom7692721,252,upi,none,1,15,1,0.002,0,1,1.76,0,0,0
pay_Zom2496331,252,upi,none,0,7,0,0.002,0,1,1.1,0,0,0
pay_Zom1344134,252,upi,none,0,66,10,0.051,2,1,0.2,0,0,0
pay_Zom4493397,252,netbanking,none,0,91,8,0.037,0,2,1.07,0,1,1
pay_Zom3733691,252,upi,none,0,2,0,0.029,0,1,0.7,0,0,0
pay_Zom7517997,252,card,mastercard,0,86,14,0.177,0,1,6.39,0,0,0
pay_Zom7751088,252,card,rupay,1,60,2,0.211,0,1,1.38,0,0,0
pay_Zom5780430,252,card,mastercard,1,178,7,0.032,0,1,4.03,0,0,0
pay_Zom3585950,252,upi,none,0,212,12,0.048,0,1,3.65,0,0,0
pay_Zom3023365,252,upi,none,0,138,4,0.379,0,1,0.21,0,1,1
pay_Zom6008781,252,card,visa,1,76,10,0.053,2,1,0.08,0,0,0
pay_Zom9235014,3360,upi,none,0,29,2,0.113,0,1,2.06,0,0,0
pay_Zom8253770,252,netbanking,none,1,225,30,0.201,0,1,9.1,0,1,1
pay_Zom6202636,2059,upi,none,0,50,7,0.105,0,1,3.57,0,0,0
pay_Zom3202624,252,upi,none,0,52,3,0.064,0,1,6.8,0,0,0
pay_Zom7023763,252,upi,none,0,297,30,0.271,0,2,0.16,0,1,1
pay_Zom2612483,252,card,amex,1,445,45,0.021,1,1,1.66,0,0,0
pay_Zom7164902,252,upi,none,1,274,43,0.046,0,1,0.21,0,0,0
pay_Zom9600893,2059,upi,none,0,760,18,0.209,0,2,1.46,0,0,0
pay_Zom4353283,2059,upi,none,0,243,17,0.065,1,1,1.17,0,0,0
pay_Zom9214511,252,upi,none,0,146,23,0.1,0,1,8.91,0,0,0
pay_Zom8473283,3360,upi,none,0,41,2,0.173,0,1,5.97,0,0,0
pay_Zom7511061,252,upi,none,0,366,15,0.035,0,1,5.75,0,0,0
pay_Zom8993331,3360,upi,none,0,251,28,0.054,0,1,0.09,1,0,1
pay_Zom5504336,3360,upi,none,0,33,2,0.045,0,1,2.48,0,0,0
pay_Zom8097946,252,upi,none,0,80,7,0.087,0,1,0.36,0,0,0
pay_Zom2513679,252,upi,none,0,8,1,0.132,0,1,7.03,0,0,0
pay_Zom8088983,252,upi,none,0,367,37,0.431,0,1,2.11,0,1,1
pay_Zom7177975,2059,upi,none,0,102,10,0.127,1,1,0.36,0,0,0
pay_Zom4126532,252,upi,none,1,33,2,0.013,0,1,14.4,0,0,0
pay_Zom8283088,3360,upi,none,0,41,6,0.16,0,1,1.19,0,0,0
pay_Zom8147380,2059,upi,none,0,473,65,0.119,0,1,0.78,0,0,0
pay_Zom2559399,252,upi,none,0,114,6,0.017,1,1,2.91,0,0,0
pay_Zom1678438,252,upi,none,1,65,4,0.174,0,2,2.32,0,1,1
pay_Zom9612440,2059,upi,none,0,83,12,0.026,0,1,1.12,0,0,0
pay_Zom6733527,252,upi,none,0,12,0,0.233,0,1,4.68,0,0,0
pay_Zom8776656,2059,card,rupay,1,9,0,0.076,0,1,1.2,0,1,1
pay_Zom4761958,252,upi,none,0,107,8,0.349,0,1,1.48,0,1,1
pay_Zom3601637,252,upi,none,0,86,3,0.08,0,1,4.21,0,0,0
pay_Zom9310128,252,upi,none,0,53,3,0.186,1,1,2.97,0,0,0
pay_Zom9846268,2059,upi,none,1,100,14,0.511,0,1,1.19,0,1,1
pay_Zom9802632,252,upi,none,0,9,0,0.214,0,1,8.96,0,0,0
pay_Zom2408784,2059,card,mastercard,0,345,32,0.37,0,2,4.44,0,0,0
pay_Zom5877187,252,upi,none,0,41,1,0.198,0,1,1.26,0,0,0
pay_Zom8855414,2059,netbanking,none,0,8,0,0.024,0,1,6.95,0,0,0
pay_Zom8337608,252,upi,none,1,22,0,0.071,0,1,1.31,0,0,0
pay_Zom2328472,252,card,amex,0,12,0,0.056,0,1,13.0,0,0,0
pay_Zom9012989,2059,card,visa,0,23,2,0.409,0,1,8.35,0,1,1
pay_Zom6039762,252,upi,none,1,64,5,0.042,0,1,1.79,0,1,1
pay_Zom3493203,252,upi,none,0,160,10,0.04,0,1,3.81,0,0,0
pay_Zom3143956,252,upi,none,0,38,6,0.032,0,1,2.68,0,0,0
pay_Zom6040020,2059,card,amex,0,68,5,0.03,0,2,5.94,0,0,0
pay_Zom5171713,3360,upi,none,0,316,46,0.058,0,1,6.94,0,0,0
pay_Zom9776028,252,upi,none,0,42,2,0.182,0,1,3.48,0,0,0
pay_Zom8176148,252,upi,none,0,190,11,0.135,0,1,2.84,0,0,0
pay_Zom5957359,2059,upi,none,0,20,2,0.047,0,1,1.45,0,0,0
pay_Zom1800747,252,netbanking,none,0,23,0,0.067,0,1,8.06,0,0,0
pay_Zom2284002,3360,card,visa,0,73,1,0.075,0,2,3.26,0,0,0
pay_Zom1756566,252,upi,none,0,32,1,0.028,1,1,0.24,0,0,0
pay_Zom9613666,3360,upi,none,0,280,15,0.209,0,1,3.86,0,0,0
pay_Zom2805768,2059,upi,none,0,6,0,0.093,1,2,0.84,0,1,1
pay_Zom9567311,2059,card,amex,0,109,14,0.32,0,1,0.53,0,0,0
pay_Zom8128865,2059,netbanking,none,1,111,7,0.29,0,1,14.94,0,1,1
pay_Zom7929315,252,upi,none,1,8,0,0.151,0,1,7.94,0,0,0
pay_Zom2585184,252,upi,none,0,158,23,0.005,0,1,4.55,0,0,0
pay_Zom8795642,252,netbanking,none,1,75,3,0.12,1,1,3.1,0,0,0
pay_Zom5251016,2059,upi,none,1,154,19,0.23,0,1,1.7,0,0,0
pay_Zom6963589,2059,upi,none,0,210,35,0.03,0,1,1.33,0,0,0
pay_Zom5275844,2059,upi,none,0,46,2,0.082,0,1,1.44,0,0,0
pay_Zom2371865,252,upi,none,1,79,2,0.082,0,1,2.11,0,0,0
pay_Zom9446398,252,upi,none,0,36,6,0.101,0,1,1.47,0,0,0
pay_Zom1272943,252,netbanking,none,0,27,1,0.015,0,2,0.89,0,0,0
pay_Zom2911520,2059,upi,none,0,0,0,0.009,1,1,8.52,0,0,0
pay_Zom8765820,252,upi,none,0,397,38,0.038,0,2,4.98,0,0,0
pay_Zom4012385,252,upi,none,0,69,3,0.135,0,1,3.59,0,0,0
pay_Zom4056945,2059,card,rupay,0,1,0,0.033,0,1,2.05,0,0,0
pay_Zom7592730,252,upi,none,0,1,0,0.175,0,1,5.71,0,0,0
pay_Zom1759315,252,upi,none,0,40,3,0.006,0,1,0.61,0,0,0
pay_Zom2397383,252,upi,none,1,1,0,0.077,0,1,0.52,0,1,1
pay_Zom7983542,2059,card,rupay,0,56,5,0.037,0,1,10.78,0,0,0
pay_Zom5993696,252,upi,none,0,7,0,0.256,0,1,9.99,0,1,1
pay_Zom6267145,2059,upi,none,0,4,0,0.037,1,1,3.86,0,0,0
pay_Zom8633602,252,upi,none,0,132,21,0.139,0,1,2.19,0,0,0
pay_Zom8548873,2059,upi,none,1,284,19,0.059,0,1,7.71,0,1,1
pay_Zom5447210,252,netbanking,none,0,63,6,0.109,0,2,4.71,0,0,0
pay_Zom6726640,252,upi,none,0,217,4,0.314,0,1,5.13,0,0,0
pay_Zom4140556,2059,upi,none,0,3,0,0.004,1,1,3.68,0,0,0
pay_Zom4541139,2059,upi,none,0,180,8,0.02,1,1,8.92,0,1,1
pay_Zom4105251,252,upi,none,0,7,0,0.297,0,1,1.3,0,1,1
pay_Zom2312322,2059,upi,none,0,218,12,0.344,0,1,1.08,0,0,0
pay_Zom5350628,252,card,mastercard,0,256,35,0.093,0,2,3.1,0,0,0
pay_Zom2783932,3360,upi,none,0,184,12,0.002,0,1,1.51,0,0,0
pay_Zom8277938,2059,upi,none,1,206,34,0.257,0,1,0.2,0,1,1
pay_Zom9965341,252,netbanking,none,0,98,8,0.015,0,1,11.44,0,0,0
pay_Zom1300567,2059,upi,none,0,36,5,0.045,0,1,8.19,0,0,0
pay_Zom1098097,252,upi,none,1,123,14,0.047,0,1,0.04,0,0,0
pay_Zom7625890,252,card,mastercard,1,69,12,0.074,0,1,7.09,0,1,1
pay_Zom2957536,3360,card,amex,0,0,0,0.041,0,1,2.55,1,0,1
pay_Zom1223214,2059,upi,none,1,77,10,0.055,0,1,2.46,0,0,0
pay_Zom3881241,252,card,amex,0,126,7,0.006,1,1,0.64,0,1,1
pay_Zom9004743,252,upi,none,0,1,0,0.003,0,2,0.77,0,1,1
pay_Zom8720254,252,upi,none,0,116,7,0.016,0,1,1.15,0,0,0
pay_Zom7796309,3360,upi,none,0,126,2,0.083,0,1,2.84,0,0,0
pay_Zom9165848,252,card,mastercard,0,20,2,0.094,0,1,2.31,0,0,0
pay_Zom6080140,252,upi,none,0,67,3,0.104,0,1,1.13,0,0,0
pay_Zom7052024,252,upi,none,0,400,33,0.021,0,1,5.74,0,0,0
pay_Zom7626953,252,netbanking,none,1,258,16,0.205,1,1,1.52,0,0,0
pay_Zom6077736,252,upi,none,0,63,3,0.114,0,6,0.77,0,1,1
pay_Zom2470273,252,upi,none,0,51,1,0.1,0,1,1.87,0,0,0
pay_Zom3098653,252,upi,none,0,15,1,0.06,0,1,4.28,0,0,0
pay_Zom3266835,252,upi,none,0,4,0,0.248,0,1,1.37,0,0,0
pay_Zom1232799,3360,upi,none,1,42,4,0.015,0,1,1.34,0,0,0
pay_Zom4201127,252,upi,none,0,338,7,0.023,0,1,0.43,0,0,0
pay_Zom2877580,2059,upi,none,0,382,65,0.032,0,1,0.38,0,0,0
pay_Zom1266510,2059,upi,none,0,200,34,0.023,0,2,1.21,0,1,1
pay_Zom4157826,2059,upi,none,1,51,3,0.214,0,1,4.45,0,0,0
pay_Zom1449886,2059,upi,none,0,18,1,0.127,0,1,2.7,0,0,0
pay_Zom4510288,252,upi,none,0,108,3,0.02,0,1,6.1,0,0,0
pay_Zom9071807,252,upi,none,0,124,20,0.155,0,1,4.43,0,0,0
pay_Zom3435283,252,upi,none,1,66,7,0.226,0,1,3.55,0,0,0
pay_Zom5056398,252,card,mastercard,0,141,16,0.049,0,1,0.54,0,0,0
pay_Zom8311317,2059,card,amex,1,164,26,0.021,0,1,8.63,0,0,0
pay_Zom4203013,2059,upi,none,0,183,30,0.015,0,1,0.11,0,0,0
pay_Zom2444410,2059,upi,none,0,83,12,0.012,0,1,11.06,0,0,0
pay_Zom6048564,252,upi,none,0,188,27,0.46,0,1,5.69,0,0,0
pay_Zom8774990,3360,upi,none,0,3,0,0.207,0,2,1.02,0,1,1
pay_Zom3485807,252,netbanking,none,1,136,21,0.014,1,1,14.82,0,0,0
pay_Zom8952217,252,upi,none,1,32,2,0.19,1,1,2.08,0,0,0
pay_Zom8077958,252,upi,none,0,37,6,0.0,0,1,5.71,0,0,0
pay_Zom1366025,2059,card,amex,0,11,1,0.428,0,1,9.42,0,1,1
pay_Zom2953854,252,upi,none,1,25,1,0.247,0,1,2.41,0,0,0
pay_Zom3786787,3360,upi,none,0,579,52,0.24,0,1,3.39,0,0,0
pay_Zom3557220,3360,upi,none,1,64,8,0.042,0,1,3.72,0,0,0
pay_Zom8470322,2059,upi,none,1,315,24,0.151,1,1,3.07,0,0,0
pay_Zom9137735,252,upi,none,0,21,3,0.008,0,1,0.72,0,0,0
pay_Zom8910276,2059,card,amex,1,27,1,0.229,0,1,1.21,0,0,0
pay_Zom1329299,2059,upi,none,0,97,16,0.134,1,1,0.4,0,0,0
pay_Zom8541631,252,upi,none,0,51,3,0.144,0,1,2.0,0,1,1
pay_Zom5070650,252,card,rupay,0,123,5,0.11,0,1,0.72,0,0,0
pay_Zom4377898,252,upi,none,0,65,10,0.059,0,1,0.67,0,0,0
pay_Zom5946450,252,upi,none,0,200,11,0.217,2,2,0.43,0,0,0
pay_Zom7572195,252,upi,none,1,67,10,0.09,0,1,1.93,0,0,0
pay_Zom1854332,3360,upi,none,0,101,6,0.111,0,1,0.34,0,0,0
pay_Zom6601074,252,upi,none,0,46,7,0.085,2,1,4.58,0,0,0
pay_Zom1132108,252,card,visa,0,146,8,0.254,0,1,8.06,0,1,1
pay_Zom2722408,3360,upi,none,0,127,3,0.017,0,2,1.32,0,0,0
pay_Zom8244199,252,upi,none,0,60,10,0.184,0,1,6.4,0,0,0
pay_Zom7974052,2059,upi,none,0,38,1,0.034,0,1,3.11,0,0,0
pay_Zom9316519,252,netbanking,none,0,114,19,0.016,0,1,1.82,0,0,0
pay_Zom5878387,252,upi,none,0,344,52,0.116,0,1,5.85,0,0,0
pay_Zom1621045,252,netbanking,none,1,17,0,0.263,0,1,5.43,0,1,1
pay_Zom9178834,252,upi,none,0,192,17,0.003,1,1,9.87,0,0,0
pay_Zom7705523,252,card,visa,0,93,2,0.022,0,1,9.88,0,0,0
pay_Zom9155420,2059,card,mastercard,1,89,6,0.246,0,1,4.18,0,1,1
pay_Zom9612679,252,card,rupay,1,391,29,0.015,0,1,8.53,0,0,0
pay_Zom9185628,2059,upi,none,0,111,12,0.025,0,1,0.2,0,0,0
pay_Zom4890733,252,upi,none,0,213,37,0.068,0,1,0.74,0,0,0
pay_Zom2018455,252,upi,none,1,86,4,0.251,0,2,1.28,0,1,1
pay_Zom9863551,2059,upi,none,0,34,2,0.119,0,1,5.51,0,0,0
pay_Zom1319096,252,card,amex,1,142,16,0.042,0,1,0.15,0,0,0
pay_Zom8080061,2059,upi,none,0,307,14,0.048,0,1,4.96,0,0,0
pay_Zom6299086,3360,upi,none,0,220,29,0.096,0,1,3.89,0,0,0
pay_Zom2065530,2059,upi,none,0,26,2,0.034,0,1,7.36,0,0,0
pay_Zom5493758,252,upi,none,0,45,7,0.195,0,1,0.17,0,0,0
pay_Zom7998405,252,upi,none,0,87,10,0.01,1,1,3.4,0,0,0
pay_Zom8941293,2059,upi,none,0,101,7,0.135,0,1,0.37,0,0,0
pay_Zom2961940,2059,card,amex,0,25,3,0.217,0,1,0.2,0,0,0
pay_Zom9301178,252,upi,none,1,31,4,0.005,0,1,10.32,0,1,1
pay_Zom6817736,252,card,mastercard,0,170,25,0.062,0,1,0.88,0,0,0
pay_Zom8521651,252,upi,none,0,157,9,0.021,1,1,0.73,0,0,0
pay_Zom8318725,252,card,mastercard,1,219,18,0.077,0,1,7.27,0,0,0
pay_Zom1349082,252,upi,none,0,324,29,0.019,0,1,1.31,0,0,0
pay_Zom3706725,252,upi,none,0,44,3,0.253,0,1,6.58,0,0,0
pay_Zom5832019,2059,upi,none,0,235,16,0.364,0,1,3.88,0,1,1
pay_Zom4224602,3360,upi,none,0,131,18,0.245,0,6,0.74,1,0,1
pay_Zom8872548,2059,upi,none,0,379,8,0.175,0,1,2.57,0,0,0
pay_Zom6768801,252,card,rupay,1,38,2,0.128,0,1,3.79,0,0,0
pay_Zom8350277,252,upi,none,0,37,1,0.021,0,1,4.49,0,0,0
pay_Zom4894044,3360,upi,none,0,146,5,0.044,0,1,2.3,0,0,0
pay_Zom9516717,3360,upi,none,0,316,20,0.001,0,1,1.54,0,1,1
pay_Zom4685993,3360,upi,none,0,208,29,0.4,0,1,10.41,0,1,1
pay_Zom6690043,2059,upi,none,1,155,27,0.108,0,1,1.89,0,0,0
pay_Zom8859576,252,card,visa,0,58,5,0.047,0,1,4.12,0,0,0
pay_Zom3200475,2059,upi,none,0,151,11,0.063,0,2,6.35,0,0,0
pay_Zom5922335,252,card,visa,0,193,29,0.021,0,1,0.65,0,0,0
pay_Zom7549342,252,card,amex,0,167,5,0.582,0,2,2.31,0,1,1
pay_Zom7993768,2059,card,mastercard,0,135,4,0.268,1,2,2.81,0,1,1
pay_Zom7044085,252,upi,none,0,5,0,0.068,0,1,2.95,0,0,0
pay_Zom8924295,252,upi,none,0,129,11,0.016,0,1,0.56,0,0,0
pay_Zom3718341,252,upi,none,1,78,11,0.066,0,1,0.09,0,0,0
pay_Zom4476383,252,netbanking,none,0,391,65,0.276,0,1,3.83,0,1,1
pay_Zom5738845,2059,upi,none,0,112,11,0.089,0,1,3.4,0,0,0
pay_Zom2446060,252,upi,none,0,112,11,0.097,0,1,4.22,0,0,0
pay_Zom9101545,252,card,rupay,0,615,33,0.054,0,2,0.88,0,1,1
pay_Zom3165880,252,upi,none,0,11,1,0.01,0,2,1.44,0,0,0
pay_Zom3907342,252,upi,none,1,38,6,0.139,1,1,2.96,0,0,0
pay_Zom4346789,252,upi,none,0,128,10,0.163,0,1,0.21,0,1,1
pay_Zom3622515,2059,upi,none,0,45,2,0.058,0,1,0.81,0,0,0
pay_Zom9257506,252,upi,none,1,50,3,0.268,1,1,7.44,0,1,1
pay_Zom2692883,2059,netbanking,none,0,267,27,0.024,1,1,0.59,0,0,0
pay_Zom7979059,3360,card,amex,0,103,11,0.116,0,1,0.63,0,0,0
pay_Zom9283332,2059,card,visa,0,13,1,0.002,0,2,4.47,0,0,0
pay_Zom6094433,252,upi,none,0,44,6,0.181,0,1,7.52,0,0,0
pay_Zom4937929,252,upi,none,0,9,1,0.166,0,3,12.39,0,1,1
pay_Zom4513701,2059,upi,none,0,97,12,0.09,0,2,6.33,0,0,0
pay_Zom1789356,252,upi,none,0,22,3,0.078,1,1,4.36,0,0,0
pay_Zom1304180,2059,upi,none,0,233,36,0.1,0,1,7.61,0,0,0
pay_Zom7019442,2059,upi,none,1,103,5,0.139,0,1,2.43,0,0,0
pay_Zom5375632,3360,upi,none,1,7,0,0.051,0,1,1.21,0,0,0
pay_Zom6990202,3360,upi,none,0,42,5,0.024,1,1,4.46,0,0,0
pay_Zom3660958,252,netbanking,none,0,114,4,0.03,0,1,1.83,0,0,0
pay_Zom3931227,252,upi,none,0,49,7,0.109,0,1,1.65,0,0,0
pay_Zom9446974,3360,upi,none,0,86,4,0.287,0,1,1.94,0,1,1
pay_Zom1536367,252,upi,none,0,288,42,0.287,0,1,3.43,0,1,1
pay_Zom2068131,252,upi,none,0,51,2,0.152,0,1,8.14,0,0,0
pay_Zom6666248,2059,upi,none,0,49,6,0.527,0,2,10.63,0,1,1
pay_Zom8224612,252,upi,none,1,205,8,0.04,1,1,3.72,0,0,0
pay_Zom2912087,2059,upi,none,0,46,3,0.057,0,1,0.13,0,0,0
pay_Zom4803231,2059,upi,none,1,9,0,0.094,0,1,1.83,0,1,1
pay_Zom3024809,252,card,visa,1,23,1,0.015,1,1,0.49,0,0,0
pay_Zom4759700,3360,upi,none,0,356,63,0.394,0,1,2.86,1,1,1
pay_Zom9159855,2059,upi,none,0,324,12,0.083,0,1,1.76,0,0,0
pay_Zom5325537,2059,upi,none,0,30,2,0.228,0,1,4.68,0,0,0
pay_Zom6709692,252,upi,none,0,96,12,0.195,0,1,3.22,0,0,0
pay_Zom6959954,252,card,rupay,0,17,0,0.026,1,1,0.71,0,0,0
pay_Zom1783099,2059,upi,none,0,134,5,0.003,0,1,0.58,0,0,0
pay_Zom5487758,252,upi,none,0,24,1,0.093,0,1,0.37,0,0,0
pay_Zom3536352,252,upi,none,0,6,0,0.275,1,2,4.75,0,1,1
pay_Zom9646766,2059,card,amex,1,209,34,0.059,0,3,1.41,0,1,1
pay_Zom2747213,252,upi,none,0,47,7,0.029,0,1,2.03,0,0,0
pay_Zom1845941,252,card,rupay,0,13,2,0.073,0,1,1.95,0,0,0
pay_Zom8345513,252,upi,none,0,215,24,0.046,0,1,3.77,0,0,0
pay_Zom8669463,252,card,amex,1,172,29,0.083,0,1,0.17,0,0,0
pay_Zom2861110,2059,netbanking,none,0,138,9,0.009,0,1,1.53,0,0,0
pay_Zom2776570,252,card,visa,1,290,25,0.121,0,6,0.36,0,0,0
pay_Zom2709062,252,upi,none,1,80,6,0.157,0,1,0.17,0,0,0
pay_Zom1704130,2059,upi,none,1,16,0,0.158,0,1,0.3,0,0,0
pay_Zom9511177,3360,upi,none,0,7,1,0.092,1,1,1.91,0,0,0
pay_Zom2768504,2059,upi,none,0,46,1,0.213,0,1,4.14,0,0,0
pay_Zom3802571,252,upi,none,0,10,1,0.151,0,1,2.18,0,0,0
pay_Zom2980707,252,card,mastercard,0,92,7,0.017,1,1,0.98,0,0,0
pay_Zom4445809,2059,upi,none,0,1,0,0.066,0,1,3.69,0,0,0
pay_Zom7067286,252,upi,none,0,70,4,0.212,0,1,0.79,0,0,0
pay_Zom3634568,2059,upi,none,0,23,1,0.107,0,1,1.67,0,0,0
pay_Zom5901010,252,upi,none,0,55,9,0.084,0,2,10.62,0,0,0
pay_Zom8407441,252,card,mastercard,0,134,16,0.114,0,1,6.19,0,0,0
pay_Zom9487536,2059,card,visa,0,51,5,0.006,0,1,8.57,0,1,1
pay_Zom9361613,2059,netbanking,none,1,50,2,0.006,0,1,0.6,0,0,0
pay_Zom2665880,2059,card,mastercard,0,561,46,0.082,0,1,3.39,0,0,0
pay_Zom3588652,252,upi,none,0,152,3,0.208,0,1,1.3,0,0,0
pay_Zom7102492,252,upi,none,0,86,12,0.143,0,1,5.93,0,0,0
pay_Zom6613782,252,upi,none,1,103,4,0.014,0,3,2.12,1,1,1
pay_Zom3311438,252,upi,none,1,116,13,0.158,0,1,4.67,0,0,0
pay_Zom3063320,252,upi,none,0,2,0,0.164,0,1,1.31,0,0,0
pay_Zom4387157,252,card,mastercard,0,10,0,0.212,0,1,0.25,0,0,0
pay_Zom8367017,252,upi,none,0,125,15,0.046,0,1,4.88,0,0,0
pay_Zom7975124,3360,upi,none,0,54,7,0.099,0,1,3.23,0,0,0
pay_Zom1110521,2059,card,amex,1,6,0,0.304,0,3,7.05,0,1,1
pay_Zom5115720,3360,upi,none,0,42,4,0.372,0,1,0.43,0,1,1
pay_Zom8946752,252,upi,none,0,16,2,0.071,1,1,12.23,0,0,0
pay_Zom6726400,3360,upi,none,0,297,22,0.017,0,1,8.55,0,0,0
pay_Zom5811005,252,card,rupay,1,27,1,0.063,0,1,3.7,0,0,0
pay_Zom9472875,252,upi,none,0,18,1,0.009,0,1,2.61,0,0,0
pay_Zom3873296,2059,card,amex,1,118,19,0.271,0,1,1.78,0,1,1
pay_Zom2429986,252,upi,none,0,88,6,0.113,0,1,0.35,0,0,0
pay_Zom5463001,252,card,rupay,0,102,3,0.014,1,1,9.25,0,0,0
pay_Zom7248445,252,upi,none,0,68,2,0.158,0,6,0.76,1,0,1
pay_Zom7962689,252,upi,none,0,75,3,0.112,0,2,1.55,0,0,0
pay_Zom7050592,2059,upi,none,1,181,7,0.204,0,1,0.72,0,0,0
pay_Zom5117989,2059,upi,none,1,29,2,0.221,0,1,1.06,0,0,0
pay_Zom3543614,2059,upi,none,0,60,4,0.147,0,2,1.74,0,1,1
pay_Zom9886057,252,upi,none,0,379,58,0.06,0,2,4.18,0,0,0
pay_Zom8075324,2059,upi,none,0,25,4,0.036,1,1,5.83,0,0,0
pay_Zom4828258,252,upi,none,0,41,3,0.028,0,1,0.21,0,0,0
pay_Zom3315160,252,upi,none,0,25,4,0.198,0,2,5.91,0,0,0
pay_Zom8194453,3360,upi,none,0,2,0,0.052,0,1,5.51,0,0,0
pay_Zom7935859,252,upi,none,1,37,4,0.361,0,1,0.51,0,1,1
pay_Zom7867070,2059,card,rupay,1,5,0,0.17,0,1,1.12,0,0,0
pay_Zom8696599,252,card,mastercard,0,20,0,0.023,0,2,0.31,0,0,0
pay_Zom9659648,2059,upi,none,1,54,2,0.015,1,1,2.32,0,0,0
pay_Zom7069566,2059,card,rupay,0,2,0,0.024,0,1,12.13,0,0,0
pay_Zom1499339,252,upi,none,0,167,23,0.16,1,1,7.32,0,0,0
pay_Zom8425238,252,card,rupay,0,190,9,0.271,0,1,7.25,0,1,1
pay_Zom3442499,2059,upi,none,0,63,2,0.197,0,1,0.48,0,0,0
pay_Zom1166911,252,upi,none,1,501,84,0.074,1,1,8.1,0,0,0
pay_Zom9679670,252,upi,none,1,136,17,0.01,1,1,0.07,0,0,0
pay_Zom2167378,2059,upi,none,0,163,15,0.008,1,2,5.03,0,0,0
pay_Zom2422342,252,upi,none,0,25,0,0.061,0,1,1.25,0,0,0
pay_Zom6675793,2059,upi,none,0,218,34,0.003,1,1,2.44,0,0,0
pay_Zom6281544,252,upi,none,0,348,12,0.022,0,1,4.63,0,0,0
pay_Zom7738583,252,card,visa,1,32,3,0.207,2,1,3.65,0,0,0
pay_Zom3756910,2059,upi,none,1,139,17,0.015,0,2,1.43,0,1,1
pay_Zom8282524,252,upi,none,0,164,13,0.069,0,1,5.95,0,0,0
pay_Zom2031267,252,card,rupay,1,43,7,0.039,0,1,3.7,0,0,0
pay_Zom7597913,252,upi,none,0,77,2,0.061,0,2,6.5,0,0,0
pay_Zom1622329,252,card,visa,0,12,1,0.142,0,1,1.6,0,0,0
pay_Zom3532555,252,upi,none,0,22,2,0.054,0,1,0.44,0,0,0
pay_Zom1969887,252,upi,none,1,7,0,0.04,0,1,1.63,0,0,0
pay_Zom9720433,252,upi,none,0,98,17,0.256,0,1,2.39,0,1,1
pay_Zom5961432,252,upi,none,1,117,13,0.038,0,2,0.54,0,1,1
pay_Zom8034775,2059,upi,none,0,297,43,0.0,0,1,2.89,0,0,0
pay_Zom7744488,2059,upi,none,0,93,4,0.038,0,1,3.79,0,0,0
pay_Zom6105693,252,upi,none,0,36,5,0.077,0,2,0.01,0,0,0
pay_Zom6262932,2059,upi,none,1,7,0,0.115,1,1,2.83,0,0,0
pay_Zom6774002,2059,upi,none,0,259,45,0.214,0,1,0.48,0,0,0
pay_Zom1132577,252,upi,none,1,78,13,0.146,0,1,0.54,0,0,0
pay_Zom5693941,2059,card,amex,0,160,8,0.157,0,1,1.66,0,0,0
pay_Zom9854875,252,upi,none,0,1,0,0.021,0,1,0.34,0,0,0
pay_Zom3463932,2059,card,mastercard,1,80,13,0.021,0,1,2.97,0,0,0
pay_Zom7776956,252,upi,none,0,47,5,0.008,0,1,4.68,0,0,0
pay_Zom8485810,252,card,rupay,1,3,0,0.094,0,1,1.38,0,0,0
pay_Zom4441570,2059,upi,none,0,179,6,0.069,0,1,9.57,0,0,0
pay_Zom8417942,252,upi,none,0,86,6,0.167,0,2,4.34,0,0,0
pay_Zom6792344,252,upi,none,1,48,6,0.133,0,1,15.78,0,0,0
pay_Zom7786479,252,upi,none,1,196,28,0.048,0,1,3.27,0,0,0
pay_Zom4310073,252,upi,none,0,71,6,0.074,0,1,2.16,0,0,0
pay_Zom6058857,2059,upi,none,0,0,0,0.198,0,3,5.05,1,0,1
pay_Zom2413999,2059,upi,none,0,346,41,0.159,0,1,1.76,0,0,0
pay_Zom1620256,252,upi,none,0,35,5,0.051,0,1,0.0,0,0,0
pay_Zom6611860,252,upi,none,0,213,21,0.239,0,1,0.84,0,0,0
pay_Zom7543005,2059,upi,none,0,203,34,0.07,0,1,0.81,0,0,0
pay_Zom3114023,252,upi,none,1,21,1,0.041,0,1,2.35,0,0,0
pay_Zom9732032,2059,netbanking,none,1,77,12,0.189,0,1,4.35,0,0,0
pay_Zom5763519,252,upi,none,0,4,0,0.194,0,1,2.85,0,1,1
pay_Zom4585870,252,card,visa,1,52,9,0.179,0,1,0.38,0,1,1
pay_Zom2557253,252,upi,none,0,157,23,0.011,1,1,1.06,0,0,0
pay_Zom9584425,252,upi,none,0,32,2,0.129,0,3,0.51,0,0,0
pay_Zom6238726,252,upi,none,1,14,2,0.135,0,1,0.29,0,1,1
pay_Zom9746564,252,upi,none,1,84,10,0.098,0,1,0.6,0,1,1
pay_Zom6716146,252,card,amex,0,92,4,0.116,0,2,2.57,0,0,0
pay_Zom3684813,252,upi,none,1,135,3,0.087,0,1,4.93,0,0,0
pay_Zom1392951,252,upi,none,0,170,13,0.128,0,1,1.77,0,0,0
pay_Zom1467937,252,upi,none,1,142,20,0.01,0,1,0.78,0,0,0
pay_Zom5340101,252,upi,none,0,224,26,0.379,0,1,1.97,0,1,1
pay_Zom5049009,252,upi,none,1,30,3,0.133,1,1,1.4,0,0,0
pay_Zom6099302,252,upi,none,0,101,2,0.036,1,2,0.16,0,0,0
pay_Zom8092498,2059,upi,none,0,53,4,0.083,0,1,8.95,0,0,0
pay_Zom9477100,2059,upi,none,0,392,17,0.081,0,1,0.04,0,0,0
pay_Zom2852907,252,upi,none,0,69,6,0.073,0,1,0.15,0,0,0
pay_Zom2005722,252,netbanking,none,0,385,68,0.302,0,1,1.25,0,1,1
pay_Zom7257547,252,upi,none,1,175,28,0.08,1,1,5.25,0,0,0
pay_Zom5357990,2059,upi,none,1,152,10,0.022,0,1,2.35,0,1,1
pay_Zom9514426,252,upi,none,0,81,9,0.235,0,1,2.51,0,0,0
pay_Zom6947075,252,upi,none,1,70,7,0.177,0,2,3.36,0,0,0
pay_Zom3077237,2059,card,amex,0,89,3,0.04,0,1,0.14,0,0,0
pay_Zom1800824,252,card,amex,0,41,7,0.056,1,1,11.16,0,0,0
pay_Zom3092954,252,upi,none,1,281,24,0.229,0,1,2.79,0,0,0
pay_Zom8528555,252,upi,none,0,189,19,0.059,2,1,6.07,0,0,0
pay_Zom5998957,2059,upi,none,1,193,23,0.069,0,3,1.96,0,0,0
pay_Zom1087466,252,card,visa,1,68,3,0.027,0,1,2.0,0,0,0
pay_Zom8602547,2059,upi,none,0,8,0,0.145,0,3,0.65,0,1,1
pay_Zom6687145,2059,card,visa,0,137,6,0.024,0,1,1.56,0,0,0
pay_Zom4961055,252,upi,none,0,56,4,0.045,0,2,0.72,0,1,1
pay_Zom9947098,252,upi,none,1,245,12,0.008,0,1,8.54,0,0,0
pay_Zom4923148,252,card,mastercard,0,181,30,0.278,0,1,1.39,0,1,1
pay_Zom6877681,2059,netbanking,none,0,18,2,0.109,0,3,1.79,0,1,1
pay_Zom6019770,2059,upi,none,0,110,18,0.021,0,1,0.5,0,0,0
pay_Zom5773713,252,card,rupay,0,141,21,0.121,1,1,16.99,0,0,0
pay_Zom3348331,2059,card,amex,1,100,13,0.079,0,1,2.97,0,0,0
pay_Zom7336179,252,card,mastercard,0,86,5,0.085,1,1,2.99,0,0,0
pay_Zom9718559,252,netbanking,none,1,31,3,0.11,1,1,0.55,0,0,0
pay_Zom5154597,3360,upi,none,0,32,1,0.1,0,1,3.98,0,0,0
pay_Zom2765414,2059,card,visa,0,175,7,0.048,0,1,4.0,0,0,0
pay_Zom6500359,252,card,mastercard,0,2,0,0.014,0,1,8.21,0,0,0
pay_Zom9664623,2059,upi,none,1,181,21,0.149,0,1,1.17,0,0,0
pay_Zom4230541,3360,upi,none,0,89,4,0.192,0,1,7.13,0,0,0
pay_Zom7061063,2059,upi,none,0,330,25,0.101,0,1,2.05,0,0,0
pay_Zom8622050,2059,card,amex,0,710,21,0.074,0,1,0.89,0,0,0
pay_Zom2643963,2059,card,amex,0,130,17,0.176,0,1,3.78,0,0,0
pay_Zom3458755,252,upi,none,0,63,11,0.0,1,1,0.12,0,0,0
pay_Zom8141928,2059,upi,none,0,77,10,0.054,0,1,6.83,0,0,0
pay_Zom7913101,252,upi,none,0,27,4,0.048,0,1,0.24,0,0,0
pay_Zom2374845,2059,upi,none,0,12,1,0.047,0,1,1.78,0,0,0
pay_Zom2547674,252,upi,none,1,103,3,0.148,0,1,0.54,0,0,0
pay_Zom2043436,2059,upi,none,0,196,26,0.032,1,2,2.23,0,1,1
pay_Zom8128416,252,card,mastercard,0,36,2,0.076,0,1,11.05,0,0,0
pay_Zom3182100,252,upi,none,0,65,5,0.284,0,2,0.54,0,1,1
pay_Zom8990200,252,netbanking,none,0,97,12,0.067,1,1,0.4,0,0,0
pay_Zom4603484,3360,upi,none,0,286,47,0.147,0,1,0.77,0,0,0
pay_Zom8485391,3360,netbanking,none,0,17,1,0.012,1,3,9.76,1,0,1
pay_Zom2309842,252,upi,none,0,32,5,0.164,0,1,1.16,0,0,0
pay_Zom7195728,3360,upi,none,0,300,30,0.326,0,1,3.27,0,1,1
pay_Zom9829103,2059,upi,none,0,4,0,0.205,0,6,1.19,0,0,0
pay_Zom7757085,2059,upi,none,1,128,13,0.015,0,1,4.45,0,0,0
pay_Zom9706452,252,upi,none,1,122,19,0.047,0,1,3.49,0,0,0
pay_Zom7623350,3360,upi,none,1,57,6,0.023,0,1,11.23,0,0,0
pay_Zom5424046,252,card,amex,0,75,10,0.151,0,1,1.4,0,0,0
pay_Zom9368933,2059,upi,none,0,231,24,0.153,0,1,1.31,0,0,0
pay_Zom8103845,2059,netbanking,none,1,21,2,0.002,1,1,5.29,0,0,0
pay_Zom8383316,2059,upi,none,0,31,2,0.025,0,1,0.6,0,0,0
pay_Zom9213136,2059,netbanking,none,0,86,4,0.086,0,1,4.56,0,0,0
pay_Zom7994796,252,upi,none,0,63,4,0.001,0,1,5.18,0,0,0
pay_Zom3732048,252,upi,none,0,102,9,0.053,0,1,6.84,0,0,0
pay_Zom3421727,252,upi,none,1,304,45,0.005,0,1,4.1,0,0,0
pay_Zom9485679,252,card,visa,1,298,45,0.027,0,2,0.64,0,1,1
pay_Zom3132786,252,upi,none,1,31,1,0.103,0,1,1.43,0,0,0
pay_Zom9132997,2059,upi,none,1,43,4,0.084,0,1,0.2,0,1,1
pay_Zom8679146,2059,upi,none,0,21,1,0.259,0,1,4.89,0,1,1
pay_Zom3170723,252,upi,none,1,315,35,0.388,0,1,4.11,0,1,1
pay_Zom9609823,252,upi,none,0,60,7,0.03,0,1,2.53,0,0,0
pay_Zom9877514,252,upi,none,0,71,4,0.01,0,1,13.47,0,0,0
pay_Zom2980687,252,card,amex,0,194,32,0.333,0,1,1.35,0,1,1
pay_Zom4567549,252,upi,none,1,86,14,0.161,0,1,7.74,0,1,1
pay_Zom8640887,2059,card,rupay,1,15,0,0.17,0,2,0.7,0,1,1
pay_Zom8941588,252,upi,none,0,69,9,0.146,0,1,10.86,0,0,0
pay_Zom1547061,2059,upi,none,0,119,3,0.313,0,1,1.19,0,1,1
pay_Zom3631333,252,netbanking,none,0,152,4,0.1,0,1,5.74,0,0,0
pay_Zom7196363,2059,upi,none,0,124,21,0.275,1,1,0.42,0,1,1
pay_Zom2992563,2059,upi,none,0,15,1,0.113,0,1,1.84,0,0,0
pay_Zom7855503,3360,card,rupay,1,43,3,0.217,0,1,11.83,0,0,0
pay_Zom2851133,2059,upi,none,0,158,20,0.112,0,1,1.31,0,0,0
pay_Zom3027802,3360,upi,none,0,254,39,0.064,0,3,5.31,1,1,1
pay_Zom7200623,2059,upi,none,1,5,0,0.097,0,1,2.32,0,0,0
pay_Zom5858523,2059,upi,none,0,5,0,0.217,0,1,3.25,0,0,0
pay_Zom1675822,252,upi,none,0,123,18,0.2,0,1,3.19,0,0,0
pay_Zom9770751,252,upi,none,1,95,14,0.118,0,1,2.96,0,0,0
pay_Zom3572022,252,upi,none,1,20,2,0.009,0,1,2.31,0,0,0
pay_Zom2975386,2059,card,amex,0,95,9,0.003,0,1,0.74,0,0,0
pay_Zom7232188,252,upi,none,0,440,16,0.033,0,1,0.04,0,0,0
pay_Zom6115785,2059,upi,none,0,119,6,0.099,0,1,3.96,0,0,0
pay_Zom7282392,3360,upi,none,0,71,6,0.356,0,1,4.28,0,1,1
pay_Zom6087859,252,card,mastercard,0,210,33,0.184,0,2,5.2,0,1,1
pay_Zom5932187,252,card,amex,0,28,4,0.322,1,3,9.35,0,1,1
pay_Zom9152477,3360,card,rupay,1,64,6,0.042,0,1,0.62,0,0,0
pay_Zom1469389,252,card,visa,0,90,13,0.115,0,1,7.74,0,0,0
pay_Zom3396950,2059,upi,none,0,84,11,0.232,1,1,0.94,0,0,0
pay_Zom3384710,252,upi,none,0,304,34,0.168,0,1,2.73,0,0,0
pay_Zom8075907,2059,upi,none,0,41,2,0.077,0,1,1.05,0,0,0
pay_Zom1816229,252,upi,none,0,6,0,0.066,0,2,0.52,0,1,1
pay_Zom6119801,2059,upi,none,1,297,13,0.069,0,1,0.18,0,0,0
pay_Zom5756043,252,upi,none,0,29,0,0.03,0,1,1.47,0,0,0
pay_Zom4616856,252,upi,none,0,57,1,0.055,0,1,12.43,0,0,0
pay_Zom4071524,252,netbanking,none,0,90,12,0.127,0,1,2.24,0,0,0
pay_Zom9200596,252,upi,none,0,446,11,0.036,0,1,0.13,0,0,0
pay_Zom1034993,3360,upi,none,0,91,7,0.082,0,2,3.93,0,0,0
pay_Zom3052321,2059,upi,none,0,71,12,0.097,0,1,0.79,0,0,0
pay_Zom6849358,252,upi,none,0,105,15,0.092,0,1,0.21,0,0,0
pay_Zom2133544,252,upi,none,0,424,59,0.018,0,1,5.51,0,0,0
pay_Zom1749647,252,upi,none,1,204,13,0.154,0,1,2.07,0,0,0
pay_Zom8005748,2059,upi,none,0,22,2,0.013,1,2,13.23,0,0,0
pay_Zom9072800,2059,upi,none,0,195,19,0.189,0,1,4.39,0,0,0
pay_Zom6195935,252,upi,none,0,220,26,0.139,0,1,1.19,0,0,0
pay_Zom8589583,2059,card,rupay,0,140,12,0.094,0,2,13.94,0,0,0
pay_Zom6667733,2059,upi,none,0,128,13,0.037,1,1,7.16,0,0,0
pay_Zom7330138,3360,upi,none,0,69,12,0.16,0,1,1.33,0,0,0
pay_Zom8972995,3360,card,amex,0,123,8,0.043,0,1,1.2,0,0,0
pay_Zom3228175,2059,card,amex,1,160,8,0.15,0,1,2.44,0,0,0
pay_Zom3324018,2059,upi,none,0,15,1,0.258,0,2,2.73,0,1,1
pay_Zom9468532,252,card,mastercard,1,35,3,0.431,0,1,3.02,0,1,1
pay_Zom8733225,2059,netbanking,none,1,25,0,0.037,0,1,0.86,0,0,0
pay_Zom8548562,252,netbanking,none,0,220,32,0.049,0,1,0.2,0,0,0
pay_Zom8534223,252,card,amex,0,136,11,0.081,0,1,2.73,0,0,0
pay_Zom3499513,252,card,amex,0,71,6,0.138,0,1,3.26,0,0,0
pay_Zom6456223,2059,upi,none,0,209,26,0.19,0,1,11.09,0,0,0
pay_Zom2498456,252,upi,none,0,151,21,0.039,0,1,2.75,0,0,0
pay_Zom7872422,252,upi,none,0,293,52,0.168,0,1,0.59,0,0,0
pay_Zom7496727,252,upi,none,1,9,0,0.22,0,1,1.28,0,1,1
pay_Zom4906109,252,upi,none,0,85,6,0.01,0,1,0.19,0,0,0
pay_Zom7633663,252,card,visa,0,147,6,0.047,1,1,0.05,0,0,0
pay_Zom6687440,2059,netbanking,none,0,27,4,0.061,0,1,2.28,0,0,0
pay_Zom1768727,2059,upi,none,0,47,5,0.081,0,1,3.8,0,1,1
pay_Zom8433920,252,upi,none,1,65,10,0.135,0,3,10.58,0,0,0
pay_Zom5653581,2059,upi,none,0,189,33,0.119,0,1,3.51,0,0,0
pay_Zom2485285,2059,upi,none,0,81,8,0.04,0,1,0.7,0,0,0
pay_Zom3778554,252,upi,none,1,81,3,0.073,0,1,8.32,0,0,0
pay_Zom1416143,2059,upi,none,1,67,5,0.075,0,1,7.42,0,1,1
pay_Zom6181610,3360,upi,none,1,31,0,0.069,0,1,1.83,0,1,1
pay_Zom3076710,252,upi,none,1,307,47,0.001,1,1,2.59,0,0,0
pay_Zom2428614,252,upi,none,0,45,1,0.127,1,1,2.42,0,0,0
pay_Zom4228384,3360,upi,none,0,100,11,0.02,0,1,2.03,0,0,0
pay_Zom1887084,2059,upi,none,0,19,0,0.095,0,1,1.4,0,0,0
pay_Zom9753576,252,upi,none,0,68,1,0.127,1,1,15.15,0,0,0
pay_Zom4177535,252,card,visa,0,280,17,0.207,1,3,8.36,1,0,1
pay_Zom8983198,252,upi,none,1,647,70,0.222,0,1,1.42,0,0,0
pay_Zom9432879,2059,upi,none,0,53,1,0.136,0,2,3.33,0,0,0
pay_Zom1313131,252,upi,none,1,20,2,0.077,0,1,0.31,0,0,0
pay_Zom3018016,252,upi,none,0,45,5,0.037,0,1,4.79,0,0,0
pay_Zom9923120,2059,card,visa,0,47,8,0.088,1,1,6.5,0,0,0
pay_Zom4015593,252,upi,none,0,124,20,0.158,0,1,2.2,0,0,0
pay_Zom1318323,252,card,mastercard,0,82,9,0.114,0,1,0.28,0,0,0
pay_Zom5613105,252,upi,none,0,175,25,0.102,0,1,3.06,0,0,0
pay_Zom4452834,2059,upi,none,0,144,11,0.203,1,6,0.2,0,0,0
pay_Zom5115227,252,card,mastercard,0,34,3,0.117,0,1,5.92,0,1,1
pay_Zom8452933,2059,card,rupay,1,184,15,0.136,0,1,3.08,0,0,0
pay_Zom2420156,252,netbanking,none,0,225,16,0.044,0,1,7.16,0,0,0
pay_Zom9951380,252,upi,none,0,109,14,0.012,0,1,1.67,0,0,0
pay_Zom6375942,252,upi,none,0,315,21,0.045,1,1,1.01,0,0,0
pay_Zom7741049,252,card,mastercard,0,183,14,0.054,0,1,9.77,0,0,0
pay_Zom1754700,2059,upi,none,1,108,8,0.097,0,1,8.09,0,0,0
pay_Zom9245549,252,card,visa,1,283,45,0.007,0,1,0.24,0,0,0
pay_Zom1390292,2059,card,mastercard,1,110,5,0.165,0,2,6.96,0,0,0
pay_Zom6703524,252,netbanking,none,0,88,7,0.164,0,1,9.21,0,0,0
pay_Zom8331935,3360,card,amex,0,52,8,0.006,0,1,2.11,0,0,0
pay_Zom4028421,2059,upi,none,1,257,5,0.122,0,2,7.81,0,0,0
pay_Zom7961478,2059,upi,none,1,15,2,0.106,1,1,2.08,0,0,0
pay_Zom1403608,252,upi,none,1,76,12,0.218,0,1,0.21,0,0,0
pay_Zom9856721,252,upi,none,1,92,7,0.403,0,1,2.77,0,1,1
pay_Zom6324793,252,upi,none,0,97,12,0.25,0,1,9.62,0,1,1
pay_Zom7409080,3360,upi,none,0,126,22,0.048,0,1,2.67,0,0,0
pay_Zom5314727,252,card,mastercard,1,84,9,0.192,0,1,0.52,0,1,1
pay_Zom2527147,2059,netbanking,none,1,35,1,0.107,0,2,2.03,0,0,0
pay_Zom2923417,2059,upi,none,1,233,36,0.056,0,1,0.39,0,0,0
pay_Zom2666541,252,upi,none,0,128,5,0.129,0,2,3.08,0,0,0
pay_Zom3821189,2059,card,amex,0,234,14,0.181,1,1,3.43,0,0,0
pay_Zom5787407,2059,card,rupay,0,38,6,0.067,0,1,3.82,0,0,0
pay_Zom3416493,2059,card,amex,0,121,7,0.184,0,1,0.19,0,0,0
pay_Zom4064676,252,upi,none,0,150,20,0.189,0,1,6.6,0,0,0
pay_Zom5287493,252,card,visa,1,58,5,0.026,0,1,8.7,0,0,0
pay_Zom2503717,252,upi,none,0,200,28,0.001,0,1,1.18,0,0,0
pay_Zom3587505,2059,netbanking,none,0,0,0,0.098,0,2,5.35,0,0,0
pay_Zom6147152,2059,netbanking,none,0,108,9,0.177,0,1,2.31,0,0,0
pay_Zom7832964,252,card,rupay,0,114,8,0.01,0,3,2.65,0,0,0
pay_Zom3838554,3360,upi,none,0,91,5,0.02,0,1,0.97,0,0,0
pay_Zom1988408,252,card,rupay,1,119,8,0.205,0,1,7.88,0,0,0
pay_Zom6457472,2059,upi,none,0,21,1,0.244,0,1,11.12,0,0,0
pay_Zom4044357,3360,upi,none,0,138,23,0.068,0,1,3.72,0,0,0
pay_Zom1455856,2059,card,rupay,1,49,5,0.061,0,1,0.58,0,0,0
pay_Zom1981497,2059,upi,none,0,72,6,0.169,2,1,2.68,0,0,0
pay_Zom6000018,252,upi,none,0,48,4,0.071,0,1,1.26,0,0,0
pay_Zom7542102,252,card,visa,0,77,13,0.03,0,3,2.1,0,0,0
pay_Zom2656653,2059,card,amex,0,116,14,0.163,0,1,3.93,0,0,0
pay_Zom6369404,252,card,rupay,0,218,28,0.102,0,2,0.26,0,0,0
pay_Zom3390091,252,upi,none,0,79,5,0.047,0,1,0.8,0,0,0
pay_Zom7926017,2059,card,visa,1,46,4,0.238,0,1,4.85,0,0,0
pay_Zom6439471,252,upi,none,0,80,3,0.013,1,2,0.14,0,0,0
pay_Zom5327419,3360,card,rupay,0,140,18,0.139,0,1,3.22,0,0,0
pay_Zom7300065,2059,upi,none,0,51,3,0.036,0,2,1.09,0,1,1
pay_Zom3029477,2059,card,rupay,0,64,8,0.061,0,6,8.15,1,0,1
pay_Zom1870370,2059,upi,none,0,99,5,0.056,1,1,6.27,0,0,0
pay_Zom4398383,2059,netbanking,none,1,41,3,0.065,0,1,8.81,0,0,0
pay_Zom5020206,2059,upi,none,0,28,2,0.107,0,1,0.34,0,0,0
pay_Zom4967662,2059,upi,none,0,18,0,0.118,0,1,18.35,0,0,0
pay_Zom9270822,252,upi,none,1,52,1,0.084,0,1,0.54,0,0,0
pay_Zom9533248,2059,card,visa,0,5,0,0.067,0,1,7.14,1,0,1
pay_Zom9462784,2059,upi,none,0,105,11,0.263,0,1,1.65,0,1,1
pay_Zom7460044,252,upi,none,0,23,2,0.049,0,1,10.86,0,0,0
pay_Zom2930745,252,upi,none,0,56,4,0.014,0,1,0.0,0,0,0
pay_Zom5517895,2059,card,mastercard,0,37,3,0.257,0,2,4.09,0,1,1
pay_Zom2017235,252,upi,none,0,119,12,0.038,0,1,19.04,0,0,0
pay_Zom6340799,3360,upi,none,0,227,23,0.047,0,2,4.14,0,1,1
pay_Zom8798444,3360,upi,none,0,120,4,0.065,0,1,4.29,0,0,0
pay_Zom7829609,252,card,rupay,1,93,7,0.119,0,2,3.85,0,1,1
pay_Zom2098206,2059,upi,none,0,132,6,0.042,0,2,13.58,0,0,0
pay_Zom9123050,252,netbanking,none,0,3,0,0.147,0,1,4.43,0,0,0
pay_Zom1484969,2059,netbanking,none,0,15,2,0.189,0,1,2.4,0,0,0
pay_Zom7836611,252,upi,none,0,11,1,0.2,0,1,1.0,0,0,0
pay_Zom4921514,2059,upi,none,0,12,0,0.002,0,1,5.25,0,0,0
pay_Zom1312439,252,card,mastercard,0,36,1,0.011,0,1,0.61,0,0,0
pay_Zom5515751,252,netbanking,none,0,91,2,0.016,0,1,0.22,0,0,0
pay_Zom2703045,252,card,rupay,0,14,1,0.005,0,1,5.04,0,0,0
pay_Zom5132498,252,upi,none,0,328,29,0.022,0,1,1.61,0,0,0
pay_Zom3106737,252,upi,none,1,231,13,0.05,0,1,0.83,0,0,0
pay_Zom6110555,252,upi,none,0,427,60,0.068,0,1,5.1,0,0,0
pay_Zom7824064,252,upi,none,1,5,0,0.098,2,1,7.08,0,0,0
pay_Zom8482340,2059,upi,none,1,228,28,0.406,0,1,0.39,0,1,1
pay_Zom2407748,2059,upi,none,1,195,23,0.183,0,1,1.88,0,0,0
pay_Zom9395862,2059,upi,none,1,278,32,0.127,0,6,0.08,0,0,0
pay_Zom4413440,3360,upi,none,0,90,14,0.212,0,3,6.15,1,0,1
pay_Zom3388522,252,upi,none,0,186,4,0.027,0,1,0.03,0,0,0
pay_Zom7263022,252,upi,none,0,6,0,0.042,0,1,1.73,0,0,0
pay_Zom3821731,252,card,mastercard,1,9,1,0.005,0,1,8.16,0,0,0
pay_Zom5113127,2059,upi,none,0,15,1,0.356,1,1,3.06,0,1,1
pay_Zom8109386,3360,upi,none,0,295,52,0.064,1,2,5.68,0,0,0
pay_Zom8578973,252,upi,none,0,7,0,0.187,0,1,0.51,0,1,1
pay_Zom1701154,252,upi,none,0,12,0,0.045,0,1,0.43,0,1,1
pay_Zom1016794,252,upi,none,0,319,36,0.007,0,1,1.53,0,0,0
pay_Zom8795567,2059,upi,none,0,13,0,0.267,0,1,3.91,0,1,1
pay_Zom5852800,2059,upi,none,1,244,18,0.197,0,1,0.62,0,0,0
pay_Zom3808198,252,card,amex,1,186,31,0.328,1,1,0.24,0,1,1
pay_Zom1009108,252,upi,none,1,4,0,0.02,0,1,13.03,0,0,0
pay_Zom2009569,2059,upi,none,1,2,0,0.036,0,2,1.2,0,1,1
pay_Zom9089743,2059,card,mastercard,0,91,6,0.03,0,1,3.43,0,0,0
pay_Zom5585262,252,upi,none,1,704,53,0.229,0,1,3.77,0,0,0
pay_Zom5209218,2059,card,mastercard,0,253,15,0.025,0,1,0.14,0,0,0
pay_Zom7377917,252,upi,none,1,44,1,0.003,0,1,2.92,0,0,0
pay_Zom6895814,2059,upi,none,0,58,1,0.014,0,6,0.78,0,0,0
pay_Zom4569422,2059,upi,none,0,58,10,0.0,0,6,0.33,0,0,0
pay_Zom9561890,252,netbanking,none,1,158,19,0.083,1,1,1.77,0,0,0
pay_Zom5719620,252,upi,none,0,50,7,0.083,0,1,5.51,0,0,0
pay_Zom1763107,2059,upi,none,0,19,0,0.014,0,1,12.16,0,0,0
pay_Zom3708116,252,upi,none,0,164,3,0.242,0,1,2.39,0,0,0
pay_Zom9960531,2059,upi,none,0,73,8,0.039,0,1,7.65,0,0,0
pay_Zom2173318,2059,netbanking,none,0,9,1,0.011,1,6,10.16,0,0,0
pay_Zom6043874,2059,upi,none,0,187,15,0.002,1,1,2.05,0,0,0
pay_Zom2505169,252,card,mastercard,0,105,8,0.093,0,1,0.55,0,0,0
pay_Zom7632115,252,upi,none,0,80,6,0.012,0,1,1.3,0,0,0
pay_Zom3063211,2059,card,mastercard,0,134,5,0.033,1,1,1.72,0,0,0
pay_Zom3342942,252,upi,none,0,84,11,0.2,0,1,2.12,0,0,0
pay_Zom5688532,2059,card,amex,0,125,6,0.197,0,1,3.62,0,0,0
pay_Zom8247127,2059,upi,none,0,242,17,0.145,0,1,3.63,0,0,0
pay_Zom4537478,252,card,visa,0,114,14,0.277,0,1,2.74,0,1,1
pay_Zom9469478,2059,card,mastercard,0,129,2,0.285,0,1,0.91,0,1,1
pay_Zom6340253,252,upi,none,1,114,16,0.25,0,1,1.58,0,1,1
pay_Zom6748465,252,card,visa,1,90,14,0.207,0,2,1.87,0,0,0
pay_Zom5384902,3360,upi,none,1,22,0,0.014,0,1,3.81,0,0,0
pay_Zom8595349,3360,card,rupay,0,49,5,0.019,0,1,0.53,0,0,0
pay_Zom5580400,252,upi,none,0,141,12,0.073,0,2,0.97,0,1,1
pay_Zom5125991,3360,upi,none,0,66,2,0.079,1,1,1.17,0,0,0
pay_Zom6396194,252,card,visa,0,62,8,0.026,0,1,2.56,1,1,1
pay_Zom6731597,252,upi,none,1,170,20,0.071,0,1,4.96,0,0,0
pay_Zom4533682,252,upi,none,0,0,0,0.082,0,1,6.51,0,0,0
pay_Zom8714152,3360,netbanking,none,0,136,20,0.087,0,1,4.75,0,0,0
pay_Zom6510598,252,upi,none,0,80,5,0.072,0,1,4.83,0,0,0
pay_Zom1266331,252,upi,none,0,56,7,0.006,1,1,0.96,0,0,0
pay_Zom3243545,252,upi,none,0,49,6,0.009,0,1,7.56,0,0,0
pay_Zom1034351,2059,card,mastercard,0,22,1,0.114,0,1,0.19,0,0,0
pay_Zom8994829,252,netbanking,none,0,48,8,0.037,1,1,2.72,0,0,0
pay_Zom1071793,252,netbanking,none,0,59,4,0.205,0,1,0.32,0,0,0
pay_Zom1160702,252,card,visa,0,69,9,0.171,1,1,3.21,0,0,0
pay_Zom3911451,2059,upi,none,1,133,18,0.385,0,1,0.17,0,1,1
pay_Zom7931725,2059,upi,none,1,72,7,0.042,0,1,3.58,0,0,0
pay_Zom9203667,252,upi,none,1,190,7,0.076,0,1,0.12,0,0,0
pay_Zom7589940,2059,upi,none,0,122,7,0.234,0,1,0.63,0,0,0
pay_Zom2361450,252,upi,none,0,25,1,0.099,0,1,4.9,0,0,0
pay_Zom2300622,2059,card,amex,1,38,3,0.099,0,1,1.26,0,0,0
pay_Zom1519213,252,card,amex,0,9,0,0.586,0,1,7.54,0,1,1
pay_Zom8468826,252,upi,none,0,349,37,0.034,0,3,0.36,0,1,1
pay_Zom3070570,252,netbanking,none,0,261,17,0.043,0,1,2.65,0,0,0
pay_Zom6922268,2059,netbanking,none,0,10,0,0.027,0,1,9.1,0,0,0
pay_Zom7314548,2059,card,mastercard,0,102,7,0.326,0,2,1.87,0,1,1
pay_Zom7005668,252,upi,none,1,387,45,0.111,0,1,1.39,0,1,1
pay_Zom7488605,2059,upi,none,0,164,23,0.066,0,1,11.83,0,0,0
pay_Zom3972698,252,upi,none,0,81,1,0.291,0,2,1.93,0,1,1
pay_Zom1141455,252,upi,none,0,33,2,0.525,0,1,4.2,0,1,1
pay_Zom3093190,252,upi,none,0,39,6,0.123,0,1,8.84,0,0,0
pay_Zom8762692,2059,netbanking,none,0,159,9,0.065,0,1,0.04,0,0,0
pay_Zom7215633,2059,upi,none,0,182,26,0.0,0,1,2.95,0,0,0
pay_Zom4237849,252,upi,none,0,90,9,0.257,0,1,4.37,0,1,1
pay_Zom8458775,252,upi,none,1,15,0,0.08,0,1,1.9,0,1,1
pay_Zom1157090,252,upi,none,0,325,39,0.158,0,1,3.91,0,0,0
pay_Zom4716501,252,upi,none,0,223,38,0.024,1,3,5.75,0,0,0
pay_Zom1331881,252,upi,none,0,18,2,0.05,0,2,1.33,0,0,0
pay_Zom5716653,252,netbanking,none,0,7,0,0.0,0,1,1.37,0,0,0
pay_Zom7003240,252,upi,none,0,92,9,0.103,0,1,0.32,0,0,0
pay_Zom4213032,252,card,visa,0,40,2,0.102,0,1,10.86,0,0,0
pay_Zom2509387,252,upi,none,1,39,3,0.027,0,1,0.12,0,0,0
pay_Zom6086491,252,upi,none,0,10,0,0.161,0,1,2.23,0,0,0
pay_Zom4710242,252,upi,none,0,367,61,0.291,0,1,2.66,0,1,1
pay_Zom4930196,2059,card,rupay,0,212,11,0.137,0,1,0.53,0,0,0
pay_Zom9284734,252,card,amex,1,14,1,0.106,0,1,2.36,0,1,1
pay_Zom7090115,2059,upi,none,0,251,22,0.056,0,1,1.22,0,0,0
pay_Zom1617335,252,upi,none,0,137,11,0.025,0,1,5.68,0,0,0
pay_Zom5710310,252,upi,none,1,47,0,0.195,1,1,6.06,0,0,0
pay_Zom9268447,252,card,mastercard,0,245,15,0.056,0,1,1.98,0,0,0
pay_Zom4507886,252,upi,none,0,109,10,0.092,1,1,2.0,0,0,0
pay_Zom1119712,252,upi,none,0,226,32,0.319,0,1,0.28,0,1,1
pay_Zom4289790,3360,upi,none,1,76,8,0.02,0,1,1.55,0,0,0
pay_Zom7645223,252,upi,none,1,83,6,0.001,2,1,1.82,0,0,0
pay_Zom2861373,252,card,amex,1,41,5,0.119,0,1,2.07,0,0,0
pay_Zom5653119,2059,upi,none,1,58,7,0.081,0,1,2.11,0,0,0
pay_Zom9394071,252,upi,none,0,100,5,0.204,0,1,0.34,0,0,0
pay_Zom9288134,2059,upi,none,0,352,12,0.047,1,1,0.62,0,0,0
pay_Zom3860131,252,upi,none,0,109,16,0.319,0,1,1.99,0,1,1
pay_Zom4250925,3360,upi,none,1,19,1,0.071,1,1,1.66,0,0,0
pay_Zom3944885,252,card,mastercard,0,0,0,0.065,0,2,0.54,0,1,1
pay_Zom2096569,252,upi,none,1,228,14,0.212,0,3,3.66,0,0,0
pay_Zom3151617,2059,upi,none,0,54,7,0.145,0,1,0.44,0,0,0
pay_Zom2091346,252,upi,none,1,45,5,0.323,0,2,0.02,0,1,1
pay_Zom3137935,252,card,visa,0,193,33,0.041,0,2,3.32,0,0,0
pay_Zom5355775,2059,upi,none,1,348,32,0.022,0,1,0.3,0,0,0
pay_Zom4824620,252,card,visa,0,165,4,0.14,0,1,0.22,0,0,0
pay_Zom9775825,252,upi,none,0,22,2,0.181,0,1,0.31,0,0,0
pay_Zom5602459,2059,card,visa,0,59,3,0.08,0,1,9.64,0,0,0
pay_Zom4218734,252,card,visa,0,170,12,0.112,1,1,0.39,0,0,0
pay_Zom1387847,2059,upi,none,0,284,14,0.132,0,1,6.39,0,0,0
pay_Zom9941274,3360,upi,none,1,788,54,0.536,0,3,5.25,1,1,1
pay_Zom5243311,252,netbanking,none,0,85,12,0.123,0,1,6.44,0,0,0
pay_Zom8615616,252,netbanking,none,0,207,23,0.135,0,1,3.25,0,0,0
pay_Zom1032798,252,card,visa,0,5,0,0.121,0,1,0.59,0,0,0
pay_Zom8165791,252,card,mastercard,0,40,4,0.13,0,3,5.16,0,1,1
pay_Zom1870113,3360,upi,none,1,55,6,0.158,0,1,2.92,0,0,0
pay_Zom6419028,252,upi,none,1,445,71,0.034,0,1,2.94,0,0,0
pay_Zom8256954,252,netbanking,none,1,0,0,0.056,0,1,3.28,0,0,0
pay_Zom7826244,2059,card,amex,0,44,1,0.085,0,1,0.56,0,0,0
pay_Zom5597554,2059,upi,none,0,319,50,0.169,0,1,1.21,0,0,0
pay_Zom3042084,252,upi,none,0,43,1,0.078,0,1,17.62,0,0,0
pay_Zom9695551,252,upi,none,0,30,1,0.157,0,1,7.24,0,0,0
pay_Zom8828026,2059,upi,none,1,157,5,0.091,0,1,1.56,0,0,0
pay_Zom9314364,3360,upi,none,0,164,8,0.036,0,1,15.08,0,1,1
pay_Zom7064491,2059,upi,none,0,76,11,0.029,0,1,0.25,0,0,0
pay_Zom9678130,252,upi,none,1,352,45,0.055,0,1,1.5,0,1,1
pay_Zom1729216,252,card,rupay,0,27,3,0.396,0,1,2.84,0,1,1
pay_Zom4767293,252,card,amex,0,293,49,0.067,0,2,3.4,0,0,0
pay_Zom1787936,252,card,visa,1,169,13,0.055,0,1,5.72,0,1,1
pay_Zom5662942,3360,card,amex,0,55,1,0.048,0,1,4.67,0,0,0
pay_Zom8047472,2059,upi,none,1,197,24,0.064,0,2,4.08,0,1,1
pay_Zom9932362,3360,card,amex,0,17,2,0.106,0,1,12.82,0,0,0
pay_Zom8530646,252,upi,none,0,16,2,0.024,0,3,3.19,1,0,1
pay_Zom6305659,2059,netbanking,none,0,319,24,0.063,0,1,0.02,0,0,0
pay_Zom1086558,2059,upi,none,0,11,1,0.106,0,1,3.36,0,0,0
pay_Zom7574301,2059,netbanking,none,0,0,0,0.344,0,1,4.98,0,1,1
pay_Zom4264982,252,upi,none,0,59,2,0.001,0,1,8.76,0,0,0
pay_Zom6615431,252,upi,none,0,13,1,0.072,0,1,1.74,0,0,0
pay_Zom2372525,2059,upi,none,0,238,11,0.011,0,1,0.19,0,0,0
pay_Zom1425670,252,upi,none,0,307,28,0.252,0,2,0.47,0,1,1
pay_Zom4785409,3360,upi,none,0,79,12,0.046,2,1,8.35,0,0,0
pay_Zom8110523,252,upi,none,1,66,9,0.02,1,1,10.52,0,0,0
pay_Zom2248902,2059,card,mastercard,1,92,10,0.047,0,2,0.93,0,1,1
pay_Zom5194038,2059,upi,none,0,30,4,0.046,0,1,3.94,0,0,0
pay_Zom4303044,2059,upi,none,0,42,1,0.323,0,1,2.24,0,0,0
pay_Zom3759542,252,upi,none,0,12,0,0.293,0,1,3.25,0,1,1
pay_Zom6523472,3360,upi,none,0,70,3,0.011,0,6,0.18,1,0,1
pay_Zom6214457,2059,card,rupay,0,113,16,0.083,0,1,11.64,0,0,0
pay_Zom2054349,252,upi,none,0,319,51,0.017,0,2,2.23,0,0,0
pay_Zom2622794,2059,netbanking,none,0,161,17,0.013,0,1,5.18,0,0,0
pay_Zom1467627,252,upi,none,0,154,26,0.049,0,2,2.54,0,1,1
pay_Zom9052500,252,card,rupay,1,44,6,0.295,0,1,6.8,0,1,1
pay_Zom8246900,252,card,visa,0,263,28,0.385,0,1,3.51,0,1,1
pay_Zom1403047,2059,card,mastercard,0,352,41,0.262,0,1,1.35,0,1,1
pay_Zom6608665,252,upi,none,1,323,50,0.109,0,2,2.42,0,1,1
pay_Zom5201173,2059,upi,none,1,4,0,0.023,0,1,5.47,0,1,1
pay_Zom5146548,252,upi,none,0,111,5,0.012,1,1,1.09,0,0,0
pay_Zom2809265,252,card,mastercard,1,123,7,0.02,0,2,5.41,0,1,1
pay_Zom8945295,3360,upi,none,0,41,6,0.146,0,1,4.32,0,0,0
pay_Zom4999003,2059,netbanking,none,0,585,100,0.102,0,1,0.03,0,0,0
pay_Zom6717708,3360,upi,none,0,41,3,0.329,0,1,7.05,0,1,1
pay_Zom1913231,252,upi,none,1,29,4,0.057,0,1,2.58,0,0,0
pay_Zom6596685,252,upi,none,0,79,8,0.023,0,1,9.19,0,1,1
pay_Zom9718700,2059,upi,none,0,46,4,0.224,0,2,0.04,0,0,0
pay_Zom4971899,2059,netbanking,none,0,309,47,0.165,0,1,6.93,0,0,0
pay_Zom2223240,252,upi,none,0,69,7,0.339,0,1,5.15,0,0,0
pay_Zom8357303,252,upi,none,0,63,5,0.023,0,1,3.79,0,0,0
pay_Zom2605088,2059,upi,none,0,117,2,0.065,1,1,3.19,0,0,0
pay_Zom8490291,252,upi,none,0,10,0,0.172,0,1,3.2,0,0,0
pay_Zom3094239,2059,upi,none,0,169,20,0.0,0,1,6.39,0,0,0
pay_Zom2435034,252,upi,none,0,175,5,0.038,0,1,17.87,0,0,0
pay_Zom2018157,252,card,mastercard,1,77,10,0.237,0,1,2.17,0,0,0
pay_Zom1559414,3360,upi,none,0,374,44,0.025,0,1,2.93,0,0,0
pay_Zom7331639,252,upi,none,0,103,9,0.16,0,1,0.7,0,0,0
pay_Zom6255956,252,upi,none,1,142,18,0.133,0,1,1.74,0,0,0
pay_Zom2090992,2059,card,mastercard,0,309,55,0.091,0,1,0.65,0,0,0
pay_Zom3139695,252,card,mastercard,0,131,7,0.034,0,1,0.04,0,0,0
pay_Zom2040224,252,netbanking,none,0,67,7,0.253,0,1,4.5,0,0,0
pay_Zom8414160,2059,card,rupay,0,3,0,0.3,0,1,1.28,0,1,1
pay_Zom1919204,252,netbanking,none,0,156,3,0.181,0,1,7.14,0,0,0
pay_Zom6057845,252,upi,none,0,401,21,0.097,0,1,2.37,0,0,0
pay_Zom8245056,252,upi,none,0,76,7,0.065,1,1,5.71,0,0,0
pay_Zom2103777,252,upi,none,0,49,5,0.045,0,2,1.93,0,0,0
pay_Zom2708383,2059,upi,none,0,87,2,0.182,0,1,6.26,0,0,0
pay_Zom1936000,2059,card,rupay,1,156,13,0.028,2,1,6.78,0,0,0
pay_Zom1875823,252,card,amex,1,0,0,0.197,0,1,2.2,0,0,0
pay_Zom5947882,2059,upi,none,0,261,22,0.018,1,1,9.46,0,0,0
pay_Zom7399761,3360,upi,none,0,260,34,0.067,0,1,1.22,0,0,0
pay_Zom7739123,252,card,rupay,0,93,13,0.131,0,1,1.64,0,0,0
pay_Zom2607764,2059,upi,none,0,15,1,0.192,0,1,2.27,0,0,0
pay_Zom7897247,252,upi,none,1,133,11,0.332,1,1,4.83,0,1,1
pay_Zom4910970,2059,card,mastercard,0,17,2,0.368,0,1,1.78,0,1,1
pay_Zom1177948,3360,upi,none,0,85,9,0.036,0,1,0.31,0,0,0
pay_Zom8606978,252,netbanking,none,0,11,1,0.005,1,1,0.01,0,1,1
pay_Zom7441109,252,netbanking,none,0,106,10,0.031,0,1,7.22,0,0,0
pay_Zom8788136,252,upi,none,0,45,5,0.182,0,1,3.58,0,0,0
pay_Zom8182422,252,upi,none,0,213,8,0.182,0,1,0.65,0,0,0
pay_Zom2699161,252,card,amex,0,193,29,0.082,0,1,8.13,0,0,0
pay_Zom6697818,2059,upi,none,1,778,68,0.25,0,3,4.48,0,1,1
pay_Zom1435739,252,upi,none,0,35,4,0.129,0,1,5.07,0,0,0
pay_Zom8618143,252,netbanking,none,1,7,0,0.05,1,1,2.09,0,0,0
pay_Zom9677392,2059,upi,none,1,70,1,0.137,1,1,4.89,0,0,0
pay_Zom6506176,252,upi,none,0,10,0,0.149,0,1,3.26,0,0,0
pay_Zom4229300,3360,upi,none,0,23,1,0.003,0,1,4.64,0,0,0
pay_Zom2812049,2059,upi,none,0,109,9,0.134,0,1,1.45,0,1,1
pay_Zom2722846,252,upi,none,0,107,7,0.144,0,1,2.68,0,0,0
pay_Zom1206168,252,upi,none,0,5,0,0.013,0,1,0.13,0,0,0
pay_Zom2133208,252,upi,none,0,70,2,0.025,0,2,0.62,0,0,0
pay_Zom4248312,2059,upi,none,0,90,12,0.438,0,1,6.79,0,1,1
pay_Zom3113620,252,netbanking,none,1,37,5,0.262,0,1,3.74,0,1,1
pay_Zom9537891,2059,card,rupay,1,246,15,0.271,0,1,6.16,0,0,0
pay_Zom5299767,2059,upi,none,0,21,2,0.002,0,1,2.88,0,0,0
pay_Zom6962475,252,upi,none,0,35,3,0.314,0,1,1.98,0,1,1
pay_Zom8063325,2059,upi,none,1,20,1,0.24,0,1,5.91,0,0,0
pay_Zom9076540,252,upi,none,0,14,0,0.071,1,1,0.17,0,0,0
pay_Zom8459558,3360,card,amex,0,253,12,0.098,0,1,4.06,0,0,0
pay_Zom4119277,252,upi,none,0,39,6,0.055,1,1,3.29,0,0,0
pay_Zom5079421,2059,upi,none,1,153,23,0.012,0,1,0.13,0,0,0
pay_Zom3309764,252,upi,none,0,67,5,0.007,0,1,1.43,0,0,0
pay_Zom1739385,2059,card,rupay,0,121,16,0.119,0,1,2.56,0,0,0
pay_Zom2014873,252,netbanking,none,0,316,31,0.084,0,1,0.12,0,0,0
pay_Zom3142127,252,upi,none,1,223,7,0.071,0,1,1.29,0,0,0
pay_Zom6228902,252,upi,none,1,8,1,0.021,0,1,0.05,0,0,0
pay_Zom8312318,252,upi,none,0,223,12,0.016,1,1,1.11,0,0,0
pay_Zom9608821,2059,upi,none,1,72,9,0.024,0,2,13.28,0,1,1
pay_Zom7001942,2059,upi,none,0,51,5,0.027,0,1,2.12,0,0,0
pay_Zom6220872,252,netbanking,none,0,133,17,0.008,0,1,10.45,0,0,0
pay_Zom3443176,252,upi,none,1,359,34,0.267,0,1,5.71,0,1,1
pay_Zom3473113,252,card,visa,0,11,1,0.104,0,1,1.06,0,0,0
pay_Zom8877301,252,netbanking,none,0,175,4,0.003,1,1,9.66,0,0,0
pay_Zom6178697,252,upi,none,0,27,0,0.024,1,1,1.25,0,0,0
pay_Zom6752912,252,card,rupay,1,57,9,0.186,0,1,1.48,0,0,0
pay_Zom5883242,252,card,amex,1,248,34,0.197,0,1,1.27,0,0,0
pay_Zom7187940,252,upi,none,1,94,14,0.29,0,2,2.04,0,1,1
pay_Zom1135590,3360,upi,none,0,8,0,0.119,0,2,0.27,0,1,1
pay_Zom9685239,252,upi,none,1,85,7,0.088,0,1,5.93,0,0,0
pay_Zom3425991,252,card,visa,0,187,19,0.122,2,6,0.3,0,1,1
pay_Zom1961630,2059,upi,none,0,90,5,0.042,0,1,2.28,0,0,0
pay_Zom4982698,2059,upi,none,1,21,2,0.097,0,2,0.25,0,0,0
pay_Zom9507858,252,upi,none,0,70,10,0.211,0,1,3.72,0,0,0
pay_Zom1916158,2059,upi,none,0,309,51,0.037,0,1,2.09,0,0,0
pay_Zom8081010,2059,upi,none,0,128,13,0.115,1,1,0.0,0,0,0
pay_Zom6768277,252,upi,none,0,157,13,0.159,0,1,1.97,0,0,0
pay_Zom4278387,252,upi,none,0,184,28,0.101,1,1,1.58,0,0,0
pay_Zom4361682,252,upi,none,0,11,1,0.158,0,1,8.59,0,0,0
pay_Zom4376603,252,upi,none,0,104,16,0.138,0,1,3.2,0,0,0
pay_Zom2147624,252,card,mastercard,0,56,6,0.056,1,1,6.14,0,0,0
pay_Zom6730290,2059,card,amex,1,17,2,0.054,0,1,0.55,0,0,0
pay_Zom4176859,252,card,mastercard,0,27,0,0.167,0,3,0.47,0,0,0
pay_Zom8981342,252,netbanking,none,0,182,23,0.034,0,1,0.71,0,0,0
pay_Zom8841710,252,upi,none,0,21,0,0.064,0,1,10.07,0,0,0
pay_Zom6555698,252,upi,none,1,44,6,0.304,0,1,0.37,0,1,1
pay_Zom6631448,2059,upi,none,0,40,4,0.115,0,1,2.31,0,0,0
pay_Zom6026983,252,netbanking,none,0,5,0,0.03,1,1,0.28,0,0,0
pay_Zom8024541,3360,card,mastercard,1,74,8,0.138,0,1,4.98,0,0,0
pay_Zom6513312,252,upi,none,0,174,7,0.022,0,6,1.7,0,1,1
pay_Zom3722606,252,upi,none,1,2,0,0.048,0,1,3.31,0,0,0
pay_Zom2759055,2059,upi,none,0,14,0,0.015,1,1,0.26,0,0,0
pay_Zom8621924,252,upi,none,0,152,14,0.011,2,1,1.98,0,0,0
pay_Zom1707866,252,upi,none,0,108,4,0.032,0,1,0.5,0,0,0
pay_Zom9320336,2059,netbanking,none,0,150,6,0.017,0,1,1.37,0,0,0
pay_Zom4681019,252,upi,none,1,31,1,0.051,1,1,0.73,0,0,0
pay_Zom1062026,2059,netbanking,none,1,195,3,0.074,0,1,2.3,0,0,0
pay_Zom4741740,3360,upi,none,1,78,5,0.133,0,1,7.84,0,1,1
pay_Zom4863356,252,upi,none,1,113,13,0.028,0,1,1.77,0,0,0
pay_Zom8827187,252,card,amex,1,11,1,0.265,0,1,8.19,0,1,1
pay_Zom4575870,252,upi,none,0,27,4,0.032,0,2,5.22,0,0,0
pay_Zom5010074,252,upi,none,1,178,6,0.007,0,2,4.81,0,0,0
pay_Zom9065582,2059,card,mastercard,0,30,4,0.104,0,1,5.32,0,0,0
pay_Zom6561900,2059,card,amex,0,11,0,0.069,0,1,4.34,0,0,0
pay_Zom7306753,252,upi,none,0,109,8,0.069,0,1,0.8,0,0,0
pay_Zom4444636,252,upi,none,1,95,7,0.082,0,6,6.38,0,1,1
pay_Zom7716130,252,upi,none,0,112,4,0.096,0,1,1.65,0,0,0
pay_Zom4091109,252,netbanking,none,1,115,11,0.283,0,1,1.1,0,1,1
pay_Zom1112833,2059,netbanking,none,0,83,12,0.18,0,2,6.27,0,0,0
pay_Zom7087061,252,upi,none,1,81,12,0.082,1,1,3.36,0,0,0
pay_Zom1165961,2059,upi,none,1,309,53,0.034,0,1,1.02,0,0,0
pay_Zom2237003,2059,netbanking,none,0,91,13,0.015,0,1,7.65,0,0,0
pay_Zom7004341,2059,upi,none,1,115,13,0.094,0,1,2.71,0,0,0
pay_Zom1503611,252,upi,none,0,37,3,0.031,0,1,0.08,0,0,0
pay_Zom2932555,2059,upi,none,0,245,39,0.088,0,1,2.62,0,0,0
pay_Zom3389108,2059,upi,none,1,2,0,0.053,0,1,10.86,0,1,1
pay_Zom5875059,2059,card,amex,0,97,4,0.074,0,1,0.62,0,0,0
pay_Zom8388822,252,upi,none,0,58,7,0.004,0,1,1.25,0,0,0
pay_Zom4261548,252,upi,none,0,111,9,0.061,0,1,0.91,0,0,0
pay_Zom7038275,2059,netbanking,none,0,53,6,0.165,0,1,0.87,0,0,0
pay_Zom1736600,252,upi,none,0,151,24,0.016,0,1,0.28,0,0,0
pay_Zom1498041,252,upi,none,0,2,0,0.137,0,1,2.2,0,0,0
pay_Zom4340727,3360,card,rupay,1,62,10,0.363,0,1,5.97,0,1,1
pay_Zom4318952,252,card,visa,0,213,33,0.014,0,1,0.96,0,0,0
pay_Zom5766421,252,upi,none,0,34,1,0.029,0,1,4.35,0,0,0
pay_Zom3921695,252,upi,none,1,6,0,0.002,1,1,2.98,0,0,0
pay_Zom4673288,2059,upi,none,1,82,6,0.033,0,1,0.84,0,0,0
pay_Zom5395611,252,upi,none,1,450,71,0.132,0,1,2.95,0,0,0
pay_Zom3924009,2059,upi,none,0,7,0,0.163,0,1,2.59,0,0,0
pay_Zom6701191,252,upi,none,0,8,1,0.038,0,6,0.9,0,1,1
pay_Zom5126595,252,upi,none,0,108,10,0.112,0,2,0.06,0,0,0
pay_Zom3995428,2059,card,mastercard,0,34,4,0.222,1,1,1.83,0,0,0
pay_Zom4288125,252,upi,none,1,63,2,0.213,0,1,1.37,0,0,0
pay_Zom1360576,3360,upi,none,0,212,12,0.075,0,2,1.16,0,1,1
pay_Zom3954088,252,upi,none,0,26,1,0.019,0,1,4.2,0,0,0
pay_Zom5392083,252,upi,none,0,152,16,0.331,0,1,4.33,0,0,0
pay_Zom2697690,252,card,mastercard,0,84,5,0.086,0,1,9.15,0,0,0
pay_Zom1352216,252,card,visa,0,282,42,0.094,0,2,0.1,0,0,0
pay_Zom3302564,3360,card,visa,1,433,32,0.068,0,1,8.44,0,0,0
pay_Zom7357268,2059,card,visa,0,79,9,0.117,0,1,3.93,0,0,0
pay_Zom2861751,252,upi,none,0,105,18,0.154,0,1,3.77,0,0,0
pay_Zom6677129,252,card,visa,0,164,19,0.074,0,1,16.92,0,0,0
pay_Zom4527197,2059,upi,none,0,46,2,0.068,0,1,0.28,0,0,0
pay_Zom6118265,252,upi,none,0,30,4,0.515,1,2,5.69,0,1,1
pay_Zom8653827,252,card,visa,0,401,8,0.028,0,1,3.15,0,0,0
pay_Zom5029047,3360,card,rupay,0,68,4,0.079,0,1,0.62,0,0,0
pay_Zom7201541,3360,card,amex,1,0,0,0.144,0,1,5.16,1,1,1
pay_Zom7247000,3360,card,visa,0,218,11,0.188,0,1,1.55,0,0,0
pay_Zom3874940,2059,netbanking,none,0,109,12,0.088,0,1,1.02,0,0,0
pay_Zom9840363,2059,upi,none,0,22,2,0.126,0,1,3.01,0,0,0
pay_Zom8276581,252,netbanking,none,0,3,0,0.181,0,1,2.27,0,0,0
pay_Zom2096852,252,upi,none,0,41,2,0.169,0,1,0.6,0,0,0
pay_Zom2987988,252,card,rupay,0,315,28,0.304,0,1,4.6,0,1,1
pay_Zom3423170,2059,card,visa,0,325,21,0.211,0,1,1.31,0,0,0
pay_Zom3194370,2059,upi,none,0,44,2,0.1,0,3,2.37,1,1,1
pay_Zom4181650,2059,card,visa,0,216,16,0.284,1,2,1.19,0,1,1
pay_Zom4215878,3360,upi,none,0,69,8,0.033,0,1,2.03,1,0,1
pay_Zom9934785,2059,netbanking,none,0,127,15,0.117,0,1,1.01,0,0,0
pay_Zom7345068,3360,upi,none,1,48,3,0.035,0,1,2.29,0,0,0
pay_Zom7278962,252,upi,none,0,87,14,0.079,0,1,0.61,0,0,0
pay_Zom6334342,2059,upi,none,0,41,2,0.019,0,1,1.16,0,0,0
pay_Zom8206488,252,upi,none,1,7,0,0.26,0,3,0.84,0,1,1
pay_Zom5102862,252,upi,none,0,18,0,0.015,0,1,1.57,0,0,0
pay_Zom1775026,3360,upi,none,0,41,5,0.059,0,2,6.21,0,0,0
pay_Zom4172607,2059,upi,none,1,448,41,0.14,0,1,2.39,0,0,0
pay_Zom9983668,252,upi,none,0,404,44,0.049,0,1,1.93,0,0,0
pay_Zom5935567,252,upi,none,1,210,10,0.017,0,1,2.97,0,1,1
pay_Zom3492539,2059,upi,none,0,31,2,0.022,0,1,5.37,0,0,0
pay_Zom6497568,2059,netbanking,none,0,69,9,0.064,1,6,1.23,1,0,1
pay_Zom5146852,3360,upi,none,0,69,9,0.008,0,2,5.76,0,0,0
pay_Zom1893537,252,upi,none,0,58,3,0.236,0,1,1.0,0,0,0
pay_Zom5698850,252,upi,none,0,5,0,0.078,0,1,6.59,0,0,0
pay_Zom3121622,252,upi,none,0,91,1,0.348,0,1,6.28,0,0,0
pay_Zom9527346,252,card,mastercard,0,9,0,0.347,0,1,3.13,0,1,1
pay_Zom9203901,252,upi,none,0,194,7,0.071,0,1,1.54,0,0,0
pay_Zom4510423,3360,upi,none,0,141,9,0.063,1,1,1.87,0,0,0
pay_Zom2365794,252,upi,none,1,52,7,0.075,0,1,5.87,0,0,0
pay_Zom8896486,252,card,mastercard,1,125,12,0.087,0,1,0.3,0,0,0
pay_Zom2088389,252,card,mastercard,1,31,4,0.02,0,1,5.41,0,0,0
pay_Zom3809068,252,upi,none,0,36,5,0.209,1,1,0.5,0,0,0
pay_Zom9533123,2059,upi,none,0,45,5,0.113,1,1,5.92,0,0,0
pay_Zom7511503,2059,upi,none,0,191,19,0.012,0,1,8.11,0,0,0
pay_Zom9542262,2059,card,mastercard,0,28,4,0.333,0,1,2.52,0,0,0
pay_Zom7279143,252,upi,none,0,99,10,0.038,0,1,4.89,0,0,0
pay_Zom9364914,252,upi,none,0,26,2,0.158,0,1,0.79,0,0,0
pay_Zom9705569,252,upi,none,0,40,6,0.043,0,3,5.17,1,0,1
pay_Zom8789112,252,upi,none,0,32,1,0.383,0,1,4.25,0,0,0
pay_Zom4003096,2059,upi,none,0,124,15,0.053,0,3,0.43,1,1,1
pay_Zom6399296,252,upi,none,0,89,3,0.253,1,1,2.45,0,1,1
pay_Zom7272644,2059,upi,none,0,153,23,0.073,0,1,5.09,0,0,0
pay_Zom9816018,252,upi,none,0,29,4,0.116,0,2,0.34,0,0,0
pay_Zom9108379,2059,upi,none,0,1,0,0.344,0,1,3.76,0,1,1
pay_Zom9301232,3360,upi,none,1,136,17,0.057,0,1,5.65,0,0,0
pay_Zom8948342,2059,card,amex,0,14,2,0.059,0,1,1.5,0,0,0
pay_Zom5501921,252,card,amex,1,33,3,0.008,0,1,1.68,0,0,0
pay_Zom7726758,3360,card,mastercard,0,43,7,0.134,0,1,1.12,0,0,0
pay_Zom1614121,2059,netbanking,none,0,164,14,0.174,1,6,0.72,0,0,0
pay_Zom4476232,252,upi,none,0,117,19,0.053,0,1,11.08,0,0,0
pay_Zom4683039,252,upi,none,1,24,2,0.404,0,2,4.26,0,1,1
pay_Zom4405783,2059,upi,none,0,109,9,0.16,0,1,0.19,0,0,0
pay_Zom8584644,2059,upi,none,0,147,3,0.01,0,1,9.19,0,0,0
pay_Zom4932320,252,upi,none,0,59,3,0.021,1,1,0.43,0,0,0
pay_Zom7642099,252,upi,none,0,33,5,0.017,0,1,9.02,0,0,0
pay_Zom4667394,3360,upi,none,0,136,12,0.097,0,1,2.1,0,0,0
pay_Zom6133811,252,netbanking,none,0,113,9,0.103,0,1,2.33,0,0,0
pay_Zom8130700,252,upi,none,0,9,0,0.089,0,1,2.72,0,0,0
pay_Zom7326402,252,netbanking,none,0,131,8,0.026,0,2,0.34,0,0,0
pay_Zom3637534,2059,upi,none,1,80,7,0.205,1,1,3.83,0,0,0
pay_Zom7276479,252,upi,none,0,167,13,0.109,0,1,3.72,0,0,0
pay_Zom5270292,2059,upi,none,0,25,4,0.017,1,1,3.02,0,0,0
pay_Zom2422018,252,upi,none,1,35,3,0.411,0,1,7.66,0,1,1
pay_Zom3253688,2059,upi,none,0,94,14,0.053,0,1,2.28,0,0,0
pay_Zom2409758,2059,upi,none,0,78,10,0.116,0,1,4.34,0,0,0
pay_Zom5950084,252,upi,none,0,58,3,0.043,0,1,1.45,0,0,0
pay_Zom8457561,252,upi,none,0,164,26,0.165,0,1,9.05,0,0,0
pay_Zom9704367,252,upi,none,0,99,3,0.008,1,1,9.41,0,0,0
pay_Zom6898448,252,upi,none,1,148,13,0.029,0,1,2.3,0,0,0
pay_Zom4861738,2059,netbanking,none,0,19,1,0.085,0,1,4.66,0,0,0
pay_Zom1690263,252,upi,none,0,156,16,0.241,0,1,0.93,0,0,0
pay_Zom8805651,2059,card,mastercard,1,74,5,0.079,0,1,3.61,0,0,0
pay_Zom9594331,252,upi,none,1,4,0,0.383,0,1,0.31,0,1,1
pay_Zom6643418,252,upi,none,0,32,5,0.076,0,1,6.95,0,0,0
pay_Zom8148811,252,upi,none,1,3,0,0.047,1,2,4.48,0,1,1
pay_Zom8569061,252,upi,none,0,73,5,0.016,0,1,10.85,0,0,0
pay_Zom8844203,252,netbanking,none,1,47,5,0.091,1,1,5.27,0,0,0
pay_Zom8256240,2059,card,visa,1,525,85,0.134,0,2,0.71,0,0,0
pay_Zom7861089,252,netbanking,none,0,243,15,0.009,0,1,2.21,0,0,0
pay_Zom7165827,252,card,visa,0,209,8,0.163,0,1,2.74,0,0,0
pay_Zom9347387,2059,upi,none,0,83,3,0.049,0,2,6.17,0,0,0
pay_Zom6318720,2059,card,mastercard,0,197,19,0.035,0,1,2.8,0,0,0
pay_Zom5580506,252,upi,none,0,37,5,0.002,0,1,2.27,0,0,0
pay_Zom7415119,2059,card,mastercard,1,98,12,0.096,0,1,4.37,0,0,0
pay_Zom1414702,252,upi,none,0,59,5,0.015,0,1,3.6,0,0,0
pay_Zom4012613,2059,upi,none,0,22,3,0.052,0,1,4.83,0,0,0
pay_Zom8410303,2059,upi,none,1,9,1,0.022,0,1,2.26,0,1,1
pay_Zom4922352,2059,upi,none,0,98,11,0.028,0,1,4.5,0,0,0
pay_Zom5456445,2059,upi,none,0,12,0,0.036,0,1,12.4,0,0,0
pay_Zom2273196,252,card,mastercard,0,151,10,0.039,0,1,0.7,0,0,0
pay_Zom7024579,2059,upi,none,0,305,22,0.055,0,1,0.19,0,0,0
pay_Zom2382753,252,upi,none,0,21,3,0.332,0,1,2.96,0,1,1
pay_Zom5941189,252,upi,none,1,76,10,0.064,1,1,0.6,0,1,1
pay_Zom9418218,252,card,visa,0,161,9,0.095,0,2,0.63,0,0,0
pay_Zom9603205,3360,upi,none,0,40,1,0.144,0,1,3.9,0,0,0
pay_Zom2311290,2059,netbanking,none,0,304,43,0.095,0,1,1.92,0,0,0
pay_Zom5637641,252,netbanking,none,0,263,22,0.005,0,1,0.12,0,0,0
pay_Zom4820869,2059,netbanking,none,0,13,0,0.042,0,1,2.89,0,0,0
pay_Zom2651030,2059,upi,none,0,3,0,0.091,0,1,0.98,0,0,0
pay_Zom2989574,252,upi,none,1,449,9,0.018,0,1,1.99,0,0,0
pay_Zom2197032,252,netbanking,none,0,376,33,0.099,0,1,0.14,0,0,0
pay_Zom7043772,2059,card,mastercard,0,65,4,0.007,0,1,0.23,0,0,0
pay_Zom1642255,252,netbanking,none,0,6,0,0.082,1,2,0.74,0,0,0
pay_Zom4360587,252,upi,none,1,115,20,0.024,0,1,4.43,0,0,0
pay_Zom6599527,2059,upi,none,0,41,2,0.151,1,1,5.46,0,0,0
pay_Zom4299177,3360,upi,none,0,331,19,0.325,0,1,1.47,1,1,1
pay_Zom6523752,2059,card,mastercard,0,189,13,0.079,0,1,0.47,0,0,0
pay_Zom5194700,2059,card,amex,0,125,11,0.13,1,1,9.64,0,0,0
pay_Zom6078724,252,upi,none,0,40,5,0.001,0,1,5.42,0,0,0
pay_Zom5604751,252,upi,none,1,144,10,0.178,0,1,0.63,0,0,0
pay_Zom4198449,2059,upi,none,1,40,1,0.035,0,1,0.9,0,0,0
pay_Zom3312992,252,card,amex,0,4,0,0.028,0,1,0.13,0,0,0
pay_Zom5381125,2059,upi,none,0,85,12,0.051,0,1,8.09,0,0,0
pay_Zom1143174,252,upi,none,0,80,4,0.176,0,1,9.48,0,0,0
pay_Zom6024342,252,upi,none,0,172,7,0.17,0,1,0.3,0,0,0
pay_Zom5728578,252,upi,none,0,240,25,0.056,0,1,0.56,0,0,0
pay_Zom6815525,3360,netbanking,none,0,52,2,0.219,0,1,0.8,0,0,0
pay_Zom7774826,252,card,visa,0,71,5,0.146,0,1,0.7,0,0,0
pay_Zom7807497,252,card,amex,0,76,10,0.044,0,1,9.88,0,0,0
pay_Zom1199493,252,card,visa,0,47,2,0.366,0,2,1.06,0,0,0
pay_Zom8918912,2059,upi,none,0,163,24,0.167,0,1,1.64,0,0,0
pay_Zom9600788,252,card,rupay,0,88,11,0.113,0,1,0.25,0,0,0
pay_Zom3504521,252,netbanking,none,0,294,16,0.068,0,1,3.47,0,0,0
pay_Zom7669032,252,card,mastercard,0,126,13,0.083,1,1,1.08,0,1,1
pay_Zom4818133,2059,upi,none,0,28,3,0.014,0,1,0.98,0,0,0
pay_Zom4807191,252,card,visa,1,21,1,0.102,0,1,13.22,0,0,0
pay_Zom4521118,252,netbanking,none,0,55,2,0.019,1,1,0.14,0,0,0
pay_Zom8959753,252,upi,none,0,51,5,0.219,0,2,0.73,0,1,1
pay_Zom4921224,252,upi,none,0,62,8,0.048,0,1,2.52,0,0,0
pay_Zom9654113,2059,netbanking,none,0,24,2,0.344,1,1,2.89,0,1,1
pay_Zom8864124,252,netbanking,none,0,459,14,0.078,0,1,4.37,0,0,0
pay_Zom8741026,3360,upi,none,0,18,3,0.06,1,1,0.82,0,0,0
pay_Zom6715319,3360,upi,none,0,126,16,0.084,0,1,1.75,0,0,0
pay_Zom2440757,252,upi,none,0,1,0,0.112,0,1,1.18,0,0,0
pay_Zom6252524,2059,upi,none,0,62,7,0.224,0,1,6.3,0,0,0
pay_Zom4151542,2059,netbanking,none,0,44,3,0.212,0,1,1.56,0,0,0
pay_Zom8193952,2059,upi,none,0,57,10,0.132,1,1,1.06,0,0,0
pay_Zom8007639,252,upi,none,0,82,3,0.013,0,1,3.36,0,0,0
pay_Zom4516248,252,netbanking,none,1,110,15,0.061,0,1,0.4,0,1,1
pay_Zom8359842,252,upi,none,0,105,9,0.048,0,1,6.62,0,0,0
pay_Zom8549276,2059,card,amex,1,119,19,0.002,1,1,1.15,0,0,0
pay_Zom1505062,252,upi,none,0,223,30,0.091,0,1,6.08,0,0,0
pay_Zom7286425,252,card,rupay,0,261,28,0.038,0,1,16.64,0,0,0
pay_Zom3331197,252,netbanking,none,0,160,27,0.004,1,1,0.08,0,0,0
pay_Zom3153282,252,upi,none,0,9,1,0.105,0,1,0.75,0,0,0
pay_Zom6126646,252,card,amex,1,390,11,0.033,0,1,4.81,0,1,1
pay_Zom1162422,252,netbanking,none,0,353,17,0.128,0,1,0.3,0,0,0
pay_Zom9385256,252,netbanking,none,0,149,19,0.137,0,1,2.07,0,0,0
pay_Zom6950248,3360,upi,none,0,87,14,0.099,0,1,0.57,0,0,0
pay_Zom6701271,252,upi,none,0,34,3,0.076,0,1,2.22,0,0,0
pay_Zom4783105,2059,upi,none,0,169,4,0.08,0,1,0.04,0,0,0
pay_Zom8032125,252,upi,none,1,252,30,0.246,0,1,0.57,0,1,1
pay_Zom8142385,252,upi,none,0,131,6,0.221,0,2,1.13,0,0,0
pay_Zom7767404,2059,upi,none,0,119,12,0.095,0,1,0.77,0,1,1
pay_Zom6027078,2059,card,visa,0,25,2,0.013,1,3,1.57,1,0,1
pay_Zom6470706,252,upi,none,1,53,5,0.027,0,1,0.55,0,0,0
pay_Zom1389899,3360,card,rupay,1,154,26,0.006,1,1,6.02,0,0,0
pay_Zom1540377,3360,card,amex,0,2,0,0.042,0,3,2.57,1,1,1
pay_Zom3334293,3360,upi,none,1,123,3,0.116,0,6,1.3,1,0,1
pay_Zom3578511,252,upi,none,0,174,19,0.109,0,1,1.22,0,0,0
pay_Zom6540684,252,card,rupay,0,48,3,0.147,1,1,0.98,0,0,0
pay_Zom7557976,2059,upi,none,0,9,1,0.103,0,1,2.46,0,0,0
pay_Zom7397463,2059,upi,none,0,205,19,0.194,0,2,2.65,0,0,0
pay_Zom4425984,252,card,mastercard,0,18,2,0.076,0,1,16.72,0,0,0
pay_Zom7553787,2059,upi,none,0,55,9,0.075,1,1,3.47,0,0,0
pay_Zom2068863,252,card,mastercard,0,147,11,0.143,0,1,2.65,0,0,0
pay_Zom9967263,252,netbanking,none,0,203,36,0.152,0,1,0.14,0,0,0
pay_Zom7483284,252,upi,none,0,237,10,0.109,0,1,2.79,0,0,0
pay_Zom4159798,2059,card,rupay,1,90,11,0.28,0,1,2.39,0,1,1
pay_Zom8965447,252,upi,none,0,77,1,0.037,0,1,7.94,0,0,0
pay_Zom2822649,2059,card,amex,0,226,12,0.151,0,1,4.49,0,0,0
pay_Zom6517042,252,card,amex,0,99,12,0.157,0,1,2.29,0,0,0
pay_Zom8575505,2059,upi,none,1,103,2,0.184,0,1,0.91,0,0,0
pay_Zom6111102,3360,upi,none,0,68,2,0.036,0,1,4.39,0,0,0
pay_Zom2564332,2059,upi,none,0,55,3,0.028,0,1,1.18,0,0,0
pay_Zom3876011,3360,upi,none,0,78,8,0.066,0,1,1.52,1,0,1
pay_Zom2750084,252,netbanking,none,1,54,1,0.061,0,1,4.13,0,0,0
pay_Zom3980239,252,upi,none,0,50,4,0.005,0,2,1.31,0,0,0
pay_Zom1537863,252,upi,none,0,607,72,0.171,1,1,1.23,0,0,0
pay_Zom9197571,252,upi,none,0,49,4,0.0,0,1,2.04,0,0,0
pay_Zom1450275,2059,upi,none,1,35,1,0.156,0,1,3.81,0,0,0
pay_Zom4132173,252,card,amex,0,52,6,0.05,0,6,9.96,0,0,0
pay_Zom4338644,252,upi,none,0,107,12,0.181,0,1,0.56,0,0,0
pay_Zom2165866,252,card,mastercard,0,290,29,0.129,0,1,1.02,0,0,0
pay_Zom7474228,252,card,visa,0,186,24,0.013,0,1,14.78,0,0,0
pay_Zom5761669,252,upi,none,0,221,11,0.142,1,2,3.36,0,0,0
pay_Zom4454299,2059,upi,none,1,235,30,0.019,0,1,0.03,0,0,0
pay_Zom4909752,252,upi,none,1,303,13,0.044,0,1,7.88,0,0,0
pay_Zom5883940,252,upi,none,0,32,2,0.015,0,1,1.16,0,0,0
pay_Zom9797899,2059,upi,none,0,73,2,0.122,0,1,2.8,0,0,0
pay_Zom2174060,2059,netbanking,none,0,58,8,0.142,0,1,1.6,0,0,0
pay_Zom8627990,252,netbanking,none,0,57,6,0.091,0,1,0.67,0,0,0
pay_Zom1963904,2059,upi,none,0,126,22,0.005,0,1,3.22,0,0,0
pay_Zom7184958,252,upi,none,0,61,10,0.016,0,1,0.85,0,0,0
pay_Zom9699518,252,upi,none,0,114,20,0.007,0,1,0.91,0,0,0
pay_Zom1185339,252,card,visa,0,57,2,0.046,0,1,5.68,0,0,0
pay_Zom3882757,252,upi,none,1,44,5,0.058,0,3,3.61,0,0,0
pay_Zom6482325,2059,upi,none,0,52,4,0.021,0,1,8.77,0,0,0
pay_Zom7893107,252,upi,none,1,195,20,0.235,0,2,2.02,0,1,1
pay_Zom7561657,252,card,rupay,1,110,7,0.091,0,1,2.46,0,0,0
pay_Zom3634617,2059,upi,none,1,437,12,0.086,0,6,0.25,1,0,1
pay_Zom2857975,252,upi,none,0,214,28,0.0,0,1,1.56,0,0,0
pay_Zom3166570,252,upi,none,0,79,13,0.037,0,1,0.17,0,0,0
pay_Zom8019808,2059,upi,none,0,33,3,0.017,0,1,1.51,0,0,0
pay_Zom9023722,252,netbanking,none,1,134,9,0.299,0,2,1.84,0,1,1
pay_Zom2153651,2059,upi,none,0,155,26,0.19,0,6,0.67,1,0,1
pay_Zom7526217,252,upi,none,1,74,5,0.009,0,1,6.76,0,0,0
pay_Zom4464154,2059,netbanking,none,0,31,5,0.145,1,1,1.44,0,0,0
pay_Zom3179901,252,upi,none,0,97,15,0.103,0,1,0.2,0,0,0
pay_Zom4450687,2059,upi,none,0,35,3,0.235,0,1,1.73,0,0,0
pay_Zom6196863,252,card,amex,1,337,43,0.25,0,1,2.78,0,1,1
pay_Zom8251124,2059,card,rupay,0,118,15,0.015,0,1,2.28,0,0,0
pay_Zom8965487,252,upi,none,0,41,5,0.012,1,1,2.9,0,0,0
pay_Zom3663907,252,card,visa,0,29,1,0.098,0,1,7.5,0,0,0
pay_Zom6206200,252,card,visa,0,151,19,0.061,1,1,0.1,0,0,0
pay_Zom4405319,2059,upi,none,0,147,3,0.124,0,3,5.45,0,0,0
pay_Zom9430131,3360,card,amex,0,109,14,0.044,0,1,1.65,0,0,0
pay_Zom8700011,252,upi,none,0,114,12,0.235,0,1,1.7,0,0,0
pay_Zom5621132,252,netbanking,none,0,111,6,0.135,0,1,3.12,0,0,0
pay_Zom4384010,2059,netbanking,none,1,53,7,0.048,0,1,3.15,0,0,0
pay_Zom1124877,252,upi,none,1,332,28,0.031,1,1,0.39,0,0,0
pay_Zom3393974,3360,upi,none,0,78,7,0.057,0,1,3.52,1,0,1
pay_Zom8478135,2059,upi,none,0,2,0,0.023,0,1,0.67,0,0,0
pay_Zom2073239,2059,upi,none,0,51,4,0.046,0,1,1.22,0,0,0
pay_Zom7698083,252,upi,none,1,16,0,0.095,0,1,2.31,0,0,0
pay_Zom5141290,252,card,rupay,0,54,3,0.047,0,2,3.85,0,0,0
pay_Zom9822408,2059,upi,none,0,112,6,0.109,0,1,4.95,0,0,0
pay_Zom6517883,3360,upi,none,0,2,0,0.072,1,1,4.44,0,1,1
pay_Zom9236918,3360,card,amex,0,245,22,0.464,0,1,2.57,0,1,1
pay_Zom8720951,252,card,visa,0,113,11,0.057,0,1,0.65,0,0,0
pay_Zom8762741,252,card,visa,1,42,4,0.182,0,1,3.95,0,0,0
pay_Zom1655733,252,upi,none,0,44,4,0.019,0,1,13.14,0,0,0
pay_Zom2528449,2059,card,amex,0,75,11,0.022,0,1,5.93,0,0,0
pay_Zom5830358,252,netbanking,none,0,34,0,0.248,0,1,1.97,0,0,0
pay_Zom8655554,252,upi,none,1,0,0,0.044,0,1,2.15,0,0,0
pay_Zom6818033,252,upi,none,0,3,0,0.283,0,1,10.8,0,1,1
pay_Zom5990361,252,netbanking,none,0,53,1,0.015,0,1,0.25,0,0,0
pay_Zom7561407,3360,upi,none,0,15,1,0.024,0,1,3.15,0,0,0
pay_Zom3938131,252,upi,none,1,2,0,0.095,0,2,0.53,0,1,1
pay_Zom7963429,252,upi,none,0,235,11,0.073,0,1,0.27,0,0,0
pay_Zom5179788,252,upi,none,0,38,2,0.008,1,1,1.17,0,0,0
pay_Zom4012820,252,upi,none,0,83,12,0.255,0,3,0.91,0,1,1
pay_Zom8249042,252,upi,none,1,23,2,0.251,0,1,0.16,0,1,1
pay_Zom8681081,252,upi,none,0,5,0,0.01,2,1,6.71,0,0,0
pay_Zom7453607,2059,upi,none,0,163,23,0.165,0,1,6.31,0,0,0
pay_Zom4077684,252,card,rupay,0,16,2,0.119,0,1,4.0,1,0,1
pay_Zom2602797,252,netbanking,none,0,3,0,0.206,0,2,5.12,0,1,1
pay_Zom7602695,252,upi,none,0,106,10,0.133,0,1,0.24,0,0,0
pay_Zom1732568,2059,upi,none,1,1,0,0.077,1,1,1.11,0,0,0
pay_Zom5021419,252,upi,none,0,68,5,0.025,0,1,3.13,0,0,0
pay_Zom3649663,2059,upi,none,1,40,4,0.077,0,1,7.79,0,0,0
pay_Zom5593203,252,netbanking,none,0,46,2,0.01,0,1,4.3,0,0,0
pay_Zom5897094,2059,upi,none,1,0,0,0.362,0,1,0.06,0,1,1
pay_Zom2119776,252,upi,none,0,400,27,0.094,1,1,0.96,0,0,0
pay_Zom4644931,3360,upi,none,0,87,14,0.172,0,1,1.81,0,0,0
pay_Zom9279347,252,card,mastercard,0,101,15,0.082,0,1,3.4,0,0,0
pay_Zom7900102,252,upi,none,0,131,14,0.073,1,1,3.83,0,0,0
pay_Zom3033912,2059,upi,none,0,191,21,0.062,1,1,3.3,0,0,0
pay_Zom7186297,252,card,amex,0,112,3,0.0,0,1,0.26,0,0,0
pay_Zom2284021,3360,upi,none,0,172,21,0.188,0,1,4.96,0,0,0
pay_Zom2765375,252,upi,none,0,71,5,0.09,0,1,3.88,0,0,0
pay_Zom9462341,2059,upi,none,1,55,6,0.204,1,1,0.84,0,0,0
pay_Zom6469592,2059,upi,none,0,207,31,0.101,0,1,2.4,0,0,0
pay_Zom7880270,3360,upi,none,1,240,6,0.032,0,1,1.04,0,0,0
pay_Zom8565450,3360,card,visa,1,17,1,0.234,0,1,4.06,0,0,0
pay_Zom3765541,2059,card,mastercard,0,93,10,0.027,0,1,0.85,0,0,0
pay_Zom5240720,2059,upi,none,0,138,7,0.113,0,1,0.07,0,0,0
pay_Zom4479126,252,upi,none,0,10,1,0.135,0,1,1.98,0,0,0
pay_Zom9490354,252,upi,none,0,318,34,0.002,0,1,0.15,0,0,0
pay_Zom1748853,2059,upi,none,0,88,12,0.135,1,1,0.15,0,0,0
pay_Zom8753883,3360,upi,none,0,124,4,0.135,0,6,0.74,1,0,1
pay_Zom1448251,2059,upi,none,0,23,2,0.051,1,1,4.47,0,0,0
pay_Zom2228016,3360,upi,none,0,36,6,0.026,0,1,10.01,0,0,0
pay_Zom8749462,2059,upi,none,0,15,1,0.078,0,1,2.52,0,0,0
pay_Zom7394729,252,upi,none,1,36,4,0.034,0,2,3.97,0,1,1
pay_Zom6765619,252,upi,none,0,81,5,0.321,1,1,0.18,0,1,1
pay_Zom7699844,252,upi,none,0,215,7,0.027,1,1,5.47,0,0,0
pay_Zom4261550,252,upi,none,0,91,15,0.019,0,1,2.08,0,0,0
pay_Zom7655090,252,card,amex,0,33,1,0.051,0,1,2.3,0,0,0
pay_Zom1633753,3360,upi,none,0,5,0,0.019,0,1,5.68,0,0,0
pay_Zom1180143,2059,upi,none,0,116,4,0.134,0,1,0.43,0,0,0
pay_Zom5204466,252,upi,none,0,65,3,0.213,0,1,2.13,0,0,0
pay_Zom2924056,252,upi,none,0,498,34,0.019,0,1,2.71,0,0,0
pay_Zom3289764,252,card,mastercard,0,181,18,0.594,0,1,3.33,0,0,0
pay_Zom6488001,252,netbanking,none,0,198,28,0.037,2,2,4.3,0,0,0
pay_Zom8788747,252,upi,none,0,1,0,0.036,1,2,3.49,0,0,0
pay_Zom9132910,252,card,amex,0,180,13,0.103,0,1,6.59,0,0,0
pay_Zom8740286,252,upi,none,0,25,0,0.046,1,1,14.06,0,0,0
pay_Zom2144829,252,upi,none,1,105,12,0.048,0,1,0.06,0,0,0
pay_Zom2384936,3360,upi,none,0,71,9,0.082,1,1,1.87,0,0,0
pay_Zom5065012,252,card,visa,0,101,8,0.035,0,1,1.84,0,0,0
pay_Zom8343784,252,upi,none,0,17,0,0.013,0,1,4.86,0,0,0
pay_Zom3353101,252,netbanking,none,1,73,5,0.059,0,3,1.2,0,0,0
pay_Zom8898507,252,upi,none,1,4,0,0.097,0,1,0.05,0,0,0
pay_Zom5683223,2059,upi,none,1,5,0,0.122,0,1,0.27,0,1,1
pay_Zom3707281,2059,card,amex,0,128,17,0.18,1,1,9.0,0,0,0
pay_Zom3862010,252,netbanking,none,1,363,19,0.137,0,1,8.76,0,0,0
pay_Zom1303099,2059,card,mastercard,0,180,27,0.142,0,1,1.04,0,0,0
pay_Zom2686363,252,card,rupay,0,75,3,0.02,0,1,9.62,0,0,0
pay_Zom3973536,2059,upi,none,0,6,0,0.112,1,1,7.31,0,0,0
pay_Zom5934928,252,upi,none,0,5,0,0.019,1,1,4.09,0,0,0
pay_Zom3082914,252,upi,none,0,20,2,0.009,0,1,0.98,0,0,0
pay_Zom9970002,2059,upi,none,0,446,27,0.365,0,1,0.44,0,1,1
pay_Zom7557366,2059,netbanking,none,1,61,10,0.138,0,2,0.64,0,0,0
pay_Zom3826178,2059,card,visa,1,222,29,0.015,0,1,0.77,0,0,0
pay_Zom2301665,252,card,visa,0,146,8,0.118,0,1,5.76,0,0,0
pay_Zom1188082,252,upi,none,0,111,15,0.105,0,2,1.35,0,1,1
pay_Zom5584412,3360,card,mastercard,1,354,46,0.082,0,6,3.97,0,1,1
pay_Zom3575243,252,card,amex,1,31,4,0.043,1,1,5.12,0,1,1
pay_Zom8393014,252,upi,none,0,72,11,0.226,0,2,1.99,0,0,0
pay_Zom7007702,252,upi,none,0,240,32,0.103,0,1,0.84,0,0,0
pay_Zom3985341,252,card,amex,0,96,7,0.131,0,1,2.25,0,0,0
pay_Zom4635160,252,upi,none,0,33,4,0.082,1,1,0.5,0,0,0
pay_Zom1577888,252,netbanking,none,0,28,3,0.048,0,1,5.91,0,0,0
pay_Zom9930492,252,upi,none,0,167,18,0.11,0,1,5.75,0,0,0
pay_Zom4626672,3360,upi,none,0,1,0,0.047,0,1,9.51,0,0,0
pay_Zom8416504,252,upi,none,0,294,49,0.037,0,1,5.85,0,0,0
pay_Zom1801213,252,upi,none,1,2,0,0.092,0,1,3.66,0,1,1
pay_Zom9772377,252,upi,none,0,119,14,0.106,1,1,1.66,0,0,0
pay_Zom2724585,2059,upi,none,0,111,9,0.026,0,1,2.4,0,0,0
pay_Zom7553489,252,netbanking,none,1,103,14,0.176,0,1,0.72,0,0,0
pay_Zom6172822,2059,card,amex,0,77,5,0.001,0,3,3.92,0,1,1
pay_Zom8448860,252,upi,none,0,229,34,0.091,0,1,6.3,0,0,0
pay_Zom1879382,2059,upi,none,0,129,4,0.218,0,1,4.18,0,0,0
pay_Zom1078278,252,upi,none,1,182,24,0.242,0,1,11.01,0,0,0
pay_Zom1816458,252,card,visa,1,14,1,0.071,1,1,12.65,0,0,0
pay_Zom7331646,2059,upi,none,0,6,0,0.195,0,1,4.17,0,1,1
pay_Zom4384602,2059,upi,none,1,3,0,0.084,0,1,4.8,0,0,0
pay_Zom5189267,252,upi,none,0,19,0,0.011,0,1,1.39,0,0,0
pay_Zom7285495,252,card,visa,1,131,12,0.024,0,1,0.16,0,1,1
pay_Zom5002042,252,upi,none,1,81,14,0.165,0,1,6.84,0,0,0
pay_Zom4355203,2059,card,mastercard,0,167,23,0.01,0,1,4.08,0,0,0
pay_Zom2533209,252,netbanking,none,1,25,1,0.139,0,1,11.72,0,0,0
pay_Zom1269080,252,upi,none,0,54,9,0.025,0,1,0.0,0,0,0
pay_Zom8074662,252,upi,none,0,263,38,0.145,1,1,4.4,0,0,0
pay_Zom1468825,2059,upi,none,1,329,25,0.054,1,1,1.09,0,0,0
pay_Zom1244275,2059,upi,none,0,305,35,0.054,0,2,2.06,0,0,0
pay_Zom6655878,2059,upi,none,0,204,18,0.017,0,1,2.1,0,0,0
pay_Zom4223772,252,upi,none,0,139,4,0.093,0,2,0.13,0,1,1
pay_Zom2059841,3360,card,amex,1,293,43,0.012,0,1,6.69,0,1,1
pay_Zom4700514,2059,upi,none,1,150,7,0.03,0,1,0.32,0,0,0
pay_Zom2620732,2059,upi,none,0,369,34,0.002,1,1,10.69,0,0,0
pay_Zom3816607,252,upi,none,0,3,0,0.142,0,1,2.96,0,0,0
pay_Zom3802587,252,upi,none,1,305,51,0.054,0,1,1.12,0,0,0
pay_Zom1738407,2059,upi,none,0,97,2,0.123,0,1,3.56,0,0,0
pay_Zom7973953,252,upi,none,1,14,1,0.005,0,1,9.18,0,0,0
pay_Zom9598324,252,upi,none,1,29,3,0.102,1,1,5.31,0,1,1
pay_Zom2806634,2059,netbanking,none,0,229,33,0.212,0,1,0.63,0,0,0
pay_Zom6488523,2059,upi,none,0,84,14,0.296,0,2,1.3,0,1,1
pay_Zom6413664,3360,card,amex,0,487,9,0.063,0,1,0.4,0,1,1
pay_Zom4180079,2059,upi,none,0,15,1,0.113,1,1,4.6,0,0,0
pay_Zom4474885,252,upi,none,0,63,1,0.031,0,1,0.79,0,0,0
pay_Zom7628072,252,upi,none,1,48,7,0.07,0,1,4.79,0,0,0
pay_Zom8178640,252,card,mastercard,1,87,3,0.022,0,1,0.49,0,1,1
pay_Zom3026754,252,upi,none,0,120,19,0.072,0,2,5.03,0,0,0
pay_Zom4899161,252,upi,none,1,130,5,0.153,0,1,2.53,0,0,0
pay_Zom4586633,252,upi,none,0,0,0,0.146,0,1,6.39,0,0,0
pay_Zom2776460,252,upi,none,0,11,0,0.077,0,1,2.56,0,0,0
pay_Zom6982358,2059,upi,none,0,4,0,0.085,0,1,1.0,0,0,0
pay_Zom6425211,3360,card,visa,1,239,28,0.052,0,1,4.0,0,1,1
pay_Zom3912886,2059,upi,none,0,45,2,0.184,0,1,1.25,0,0,0
pay_Zom1251567,2059,card,visa,0,54,3,0.222,0,1,0.34,0,0,0
pay_Zom7746781,2059,upi,none,0,71,2,0.012,0,1,6.14,0,0,0
pay_Zom6305630,3360,upi,none,0,227,4,0.144,0,1,4.58,0,0,0
pay_Zom1201014,2059,upi,none,0,1,0,0.343,0,1,0.21,0,1,1
pay_Zom7529468,2059,upi,none,0,15,1,0.073,1,1,9.16,0,0,0
pay_Zom4569653,3360,upi,none,1,138,18,0.193,0,1,0.8,0,0,0
pay_Zom8696982,3360,card,rupay,0,398,58,0.039,0,1,4.76,0,0,0
pay_Zom4692601,252,upi,none,0,123,3,0.141,0,1,0.08,0,0,0
pay_Zom2107569,252,card,rupay,0,36,2,0.071,0,1,2.28,0,0,0
pay_Zom5671743,252,card,amex,1,88,12,0.128,1,1,1.04,0,0,0
pay_Zom7190456,252,upi,none,0,442,42,0.266,0,1,2.84,0,1,1
pay_Zom1737173,252,card,visa,1,90,4,0.046,0,2,1.1,0,1,1
pay_Zom2129631,252,upi,none,1,56,4,0.013,0,2,2.4,0,1,1
pay_Zom4666842,252,upi,none,1,58,3,0.009,0,1,0.04,0,0,0
pay_Zom7897060,252,upi,none,1,409,11,0.228,0,1,8.35,0,0,0
pay_Zom6058905,2059,upi,none,0,152,21,0.234,1,1,5.79,0,0,0
pay_Zom9381494,252,card,amex,0,139,9,0.093,0,1,0.09,0,0,0
pay_Zom2708148,2059,card,visa,0,31,5,0.229,0,1,15.06,0,0,0
pay_Zom9995633,2059,upi,none,1,98,15,0.315,0,1,9.21,0,1,1
pay_Zom3876606,252,upi,none,1,52,6,0.033,0,1,3.77,0,0,0
pay_Zom5226854,3360,upi,none,1,32,2,0.09,0,1,1.75,0,0,0
pay_Zom2589550,252,card,rupay,0,271,17,0.102,0,1,7.54,0,0,0
pay_Zom6441761,252,upi,none,0,57,5,0.056,0,1,6.84,0,0,0
pay_Zom7519046,252,upi,none,0,39,2,0.005,0,1,1.91,0,0,0
pay_Zom3230219,252,card,mastercard,0,322,52,0.161,0,1,4.27,0,0,0
pay_Zom6570816,252,upi,none,0,26,1,0.073,0,1,5.82,0,0,0
pay_Zom3941566,252,netbanking,none,0,164,22,0.021,0,2,5.95,0,1,1
pay_Zom6334600,252,upi,none,1,126,14,0.295,0,1,12.71,0,0,0
pay_Zom9088805,252,netbanking,none,0,303,45,0.001,0,2,5.63,0,0,0
pay_Zom2132688,252,upi,none,0,214,22,0.016,0,1,2.83,0,0,0
pay_Zom6622132,2059,upi,none,0,146,17,0.062,0,2,5.7,0,1,1
pay_Zom1296097,252,card,visa,0,45,7,0.008,0,1,1.26,0,0,0
pay_Zom8531486,252,card,rupay,1,82,2,0.021,0,1,0.99,0,0,0
pay_Zom7415127,252,card,rupay,0,346,12,0.035,0,1,1.23,0,0,0
pay_Zom9573595,252,upi,none,0,2,0,0.06,0,1,2.75,0,0,0
pay_Zom4899452,252,netbanking,none,0,189,18,0.015,0,1,3.11,0,0,0
pay_Zom9445986,2059,upi,none,1,34,1,0.007,1,1,1.35,0,0,0
pay_Zom1222997,252,upi,none,0,24,0,0.009,0,1,2.3,0,0,0
pay_Zom4902479,2059,upi,none,0,31,0,0.094,0,1,3.01,0,0,0
pay_Zom1355901,2059,card,visa,0,7,0,0.031,0,1,1.14,0,0,0
pay_Zom3081317,252,card,amex,0,579,56,0.071,0,1,0.2,0,0,0
pay_Zom6181620,252,upi,none,1,244,37,0.072,0,1,0.39,0,0,0
pay_Zom4966072,3360,upi,none,0,88,6,0.249,2,1,3.32,0,0,0
pay_Zom8189001,2059,upi,none,0,150,19,0.051,0,1,8.92,0,0,0
pay_Zom5086019,252,upi,none,0,97,9,0.287,0,1,2.06,0,1,1
pay_Zom2331937,2059,upi,none,1,200,23,0.161,0,1,2.49,0,0,0
pay_Zom2005341,2059,card,visa,0,223,17,0.043,1,2,0.14,0,0,0
pay_Zom3307798,252,upi,none,1,31,1,0.144,1,1,10.65,0,0,0
pay_Zom7283463,2059,netbanking,none,0,73,12,0.014,0,1,6.84,0,0,0
pay_Zom9367241,252,upi,none,1,120,18,0.102,0,1,2.34,0,0,0
pay_Zom5976369,252,upi,none,1,460,32,0.067,0,3,7.49,0,1,1
pay_Zom4389195,3360,upi,none,0,137,23,0.269,0,1,2.01,0,1,1
pay_Zom3544610,2059,card,rupay,0,273,18,0.114,1,1,2.14,0,0,0
pay_Zom7304004,252,upi,none,0,224,20,0.239,0,1,4.02,0,0,0
pay_Zom4429016,252,netbanking,none,1,104,14,0.109,1,1,1.37,0,0,0
pay_Zom1635969,2059,upi,none,0,268,18,0.178,0,1,7.47,0,0,0
pay_Zom4994050,2059,upi,none,0,56,4,0.009,0,1,0.84,0,0,0
pay_Zom8444490,2059,upi,none,0,57,4,0.037,1,1,11.32,0,0,0
pay_Zom6514500,3360,card,visa,0,182,17,0.03,0,1,9.16,0,0,0
pay_Zom3252626,2059,card,mastercard,0,17,0,0.031,0,1,1.48,0,0,0
pay_Zom5666187,252,upi,none,1,43,0,0.175,1,1,3.78,0,1,1
pay_Zom6327414,252,upi,none,1,112,18,0.342,0,1,2.4,0,1,1
pay_Zom1664503,252,upi,none,0,65,4,0.135,1,2,3.07,0,0,0
pay_Zom9738796,2059,upi,none,0,339,12,0.061,0,1,0.66,0,0,0
pay_Zom7960756,2059,upi,none,0,381,53,0.237,0,1,4.83,0,1,1
pay_Zom5839473,252,upi,none,1,83,5,0.286,1,1,2.5,0,1,1
pay_Zom1397508,252,upi,none,0,92,4,0.005,0,1,0.39,0,0,0
pay_Zom4842150,252,netbanking,none,0,154,26,0.536,0,3,5.62,0,1,1
pay_Zom6557792,252,upi,none,0,73,12,0.07,0,1,8.12,0,0,0
pay_Zom6750028,252,card,amex,1,25,0,0.077,0,1,0.02,0,0,0
pay_Zom5064263,252,upi,none,0,164,26,0.14,0,1,5.76,0,0,0
pay_Zom4453043,252,upi,none,0,160,26,0.391,0,1,2.93,0,1,1
pay_Zom1907210,252,upi,none,0,33,4,0.066,0,1,0.18,0,0,0
pay_Zom5166421,252,upi,none,0,214,22,0.119,0,1,2.06,0,0,0
pay_Zom4731991,252,card,visa,0,114,6,0.065,2,2,1.88,0,0,0
pay_Zom7400271,2059,upi,none,0,32,1,0.005,0,1,0.75,0,0,0
pay_Zom9748847,252,upi,none,0,126,14,0.011,0,1,1.56,0,0,0
pay_Zom6396173,2059,upi,none,1,31,4,0.22,1,1,2.45,0,0,0
pay_Zom4079382,2059,card,rupay,0,36,4,0.028,0,1,2.79,0,0,0
pay_Zom8421584,252,upi,none,0,226,11,0.014,0,2,0.55,0,0,0
pay_Zom1101379,252,upi,none,0,318,21,0.072,1,1,3.09,0,0,0
pay_Zom2084091,3360,upi,none,0,35,3,0.045,0,1,1.04,1,0,1
pay_Zom9248388,2059,netbanking,none,0,315,37,0.032,1,1,0.62,0,0,0
pay_Zom2174152,3360,upi,none,1,32,1,0.149,0,1,1.41,0,0,0
pay_Zom4229034,2059,card,rupay,0,14,1,0.024,1,1,3.55,0,0,0
pay_Zom1874208,252,upi,none,1,7,0,0.019,0,2,11.24,0,1,1
pay_Zom3374513,252,upi,none,1,33,1,0.173,1,1,6.09,0,0,0
pay_Zom4426243,252,upi,none,0,58,3,0.023,0,1,7.02,0,0,0
pay_Zom3106564,252,upi,none,1,314,19,0.016,0,1,0.85,0,1,1
pay_Zom2539467,252,card,amex,0,33,5,0.256,0,1,2.17,0,1,1
pay_Zom3913796,2059,upi,none,0,54,4,0.012,0,1,2.07,0,0,0
pay_Zom4428815,252,upi,none,1,158,16,0.032,0,1,2.16,0,0,0
pay_Zom4964626,252,card,visa,0,43,5,0.007,0,1,0.78,0,1,1
pay_Zom9513171,2059,upi,none,0,138,10,0.002,0,1,6.49,0,0,0
pay_Zom2311382,2059,upi,none,0,67,2,0.022,0,1,1.41,0,0,0
pay_Zom8151117,252,card,rupay,0,26,3,0.122,0,1,2.25,0,0,0
pay_Zom8836205,2059,upi,none,0,158,20,0.051,0,1,1.58,0,0,0
pay_Zom6225481,2059,upi,none,1,3,0,0.002,0,1,1.49,1,0,1
pay_Zom3754127,252,upi,none,0,41,1,0.133,1,1,3.33,0,0,0
pay_Zom4314108,252,upi,none,1,52,6,0.031,0,1,17.37,0,0,0
pay_Zom5109158,252,upi,none,0,73,9,0.121,0,2,7.57,0,0,0
pay_Zom8113821,252,card,amex,0,136,3,0.029,1,1,9.2,0,0,0
pay_Zom3960096,252,upi,none,0,73,9,0.232,0,1,1.99,0,0,0
pay_Zom5177013,3360,upi,none,0,108,18,0.098,0,1,0.74,0,0,0
pay_Zom6085186,2059,card,mastercard,0,108,5,0.21,0,1,0.05,0,0,0
pay_Zom5787427,2059,upi,none,1,56,5,0.05,0,1,0.16,0,0,0
pay_Zom8520742,3360,card,amex,0,326,42,0.126,0,1,4.54,0,0,0
pay_Zom4378948,2059,upi,none,0,374,21,0.08,0,1,1.58,0,0,0
pay_Zom5561067,252,upi,none,0,104,14,0.021,0,1,3.71,0,0,0
pay_Zom9072704,252,upi,none,0,8,1,0.221,0,6,2.82,1,0,1
pay_Zom2342445,2059,upi,none,0,81,12,0.247,0,1,13.67,0,0,0
pay_Zom7032783,252,card,visa,0,24,1,0.183,0,1,4.36,0,0,0
pay_Zom7681433,252,card,visa,1,79,11,0.101,0,1,14.19,0,0,0
pay_Zom7337047,2059,upi,none,1,25,2,0.078,0,3,1.25,0,0,0
pay_Zom3814647,3360,card,rupay,0,146,9,0.016,0,1,1.41,0,0,0
pay_Zom8897261,252,upi,none,0,10,0,0.134,0,1,2.5,0,0,0
pay_Zom8405061,2059,netbanking,none,0,367,60,0.035,0,1,2.4,0,0,0
pay_Zom8091683,252,netbanking,none,1,26,2,0.035,1,1,2.57,0,0,0
pay_Zom9477402,2059,upi,none,1,129,20,0.058,0,6,6.69,0,1,1
pay_Zom8271756,252,upi,none,1,298,13,0.041,0,1,4.38,0,0,0
pay_Zom3615206,2059,card,mastercard,0,34,4,0.103,0,1,0.69,0,0,0
pay_Zom9086630,252,upi,none,0,326,12,0.209,0,2,3.09,0,0,0
pay_Zom1332374,2059,card,visa,0,59,1,0.249,0,1,0.67,0,0,0
pay_Zom7399154,252,upi,none,1,387,69,0.076,0,1,1.91,0,0,0
pay_Zom8170536,252,upi,none,1,426,13,0.006,0,1,8.41,0,0,0
pay_Zom2396415,252,upi,none,0,25,2,0.08,0,1,0.27,0,0,0
pay_Zom6037049,252,upi,none,1,213,34,0.153,0,1,11.57,0,1,1
pay_Zom3563536,252,upi,none,1,25,3,0.218,0,1,0.88,0,0,0
pay_Zom3947745,252,upi,none,0,30,2,0.003,0,1,0.68,0,0,0
pay_Zom5316638,2059,upi,none,1,10,1,0.029,0,1,2.29,0,0,0
pay_Zom7382895,2059,card,rupay,0,20,2,0.158,0,1,7.88,0,0,0
pay_Zom8778776,252,upi,none,0,120,4,0.121,0,1,0.73,0,0,0
pay_Zom6131265,2059,card,amex,0,71,4,0.065,0,1,0.03,0,0,0
pay_Zom8610197,252,upi,none,0,187,12,0.181,0,1,1.9,0,0,0
pay_Zom5751739,252,card,amex,1,48,3,0.049,0,1,2.98,0,0,0
pay_Zom7293920,252,netbanking,none,0,415,26,0.082,0,1,4.81,0,0,0
pay_Zom9067229,252,upi,none,0,6,0,0.072,0,1,0.2,0,0,0
pay_Zom2206947,252,netbanking,none,0,7,0,0.03,0,1,2.58,0,0,0
pay_Zom6590741,3360,upi,none,0,145,11,0.186,0,1,0.64,0,0,0
pay_Zom3292713,252,upi,none,0,262,25,0.125,0,1,1.97,0,0,0
pay_Zom8872850,252,card,visa,0,190,9,0.004,0,2,12.2,0,1,1
pay_Zom4283565,252,upi,none,0,80,11,0.003,0,1,13.66,0,0,0
pay_Zom3595845,2059,upi,none,1,37,5,0.055,0,2,14.78,0,1,1
pay_Zom4181393,2059,upi,none,1,1,0,0.105,0,2,1.58,0,1,1
pay_Zom1070138,2059,card,mastercard,0,85,3,0.015,0,2,4.25,0,0,0
pay_Zom1215323,3360,card,rupay,1,77,10,0.065,0,1,7.21,0,0,0
pay_Zom9400348,3360,upi,none,1,50,8,0.099,0,1,2.47,0,0,0
pay_Zom7279004,2059,netbanking,none,0,103,2,0.205,0,1,2.25,0,0,0
pay_Zom9245225,252,card,visa,0,156,3,0.089,0,1,4.48,0,0,0
pay_Zom7787310,2059,netbanking,none,1,144,7,0.008,0,2,2.45,0,1,1
pay_Zom7976304,252,upi,none,0,36,4,0.01,0,1,3.06,0,0,0
pay_Zom7621123,2059,card,rupay,0,105,18,0.09,1,1,2.11,0,0,0
pay_Zom7260332,2059,card,amex,1,19,2,0.048,0,1,4.6,0,0,0
pay_Zom7443078,2059,upi,none,0,15,1,0.276,0,1,6.63,0,0,0
pay_Zom9213304,252,netbanking,none,1,184,24,0.119,0,1,2.12,0,0,0
pay_Zom6164208,2059,upi,none,0,142,8,0.077,0,3,2.36,0,0,0
pay_Zom2195114,3360,upi,none,0,175,22,0.24,0,1,8.96,0,0,0
pay_Zom7858317,252,netbanking,none,0,19,1,0.277,0,1,2.9,0,1,1
pay_Zom1651407,252,netbanking,none,0,295,16,0.02,0,2,2.25,0,0,0
pay_Zom3088386,2059,upi,none,1,17,0,0.404,0,1,12.37,0,0,0
pay_Zom7456309,3360,upi,none,0,244,30,0.038,0,1,0.24,0,0,0
pay_Zom3723988,252,card,rupay,1,52,7,0.04,0,1,3.41,0,0,0
pay_Zom4258608,252,netbanking,none,0,13,1,0.034,0,1,0.09,0,0,0
pay_Zom8319864,252,upi,none,0,40,1,0.077,0,1,2.09,0,0,0
pay_Zom5282525,252,upi,none,1,24,0,0.025,1,1,1.37,0,0,0
pay_Zom6848179,3360,card,amex,0,80,4,0.085,0,2,2.0,0,1,1
pay_Zom9549809,2059,upi,none,1,358,23,0.036,0,1,8.17,1,0,1
pay_Zom9197714,2059,netbanking,none,0,47,3,0.032,0,1,2.49,0,0,0
pay_Zom7177044,252,upi,none,1,113,3,0.199,0,1,3.07,0,0,0
pay_Zom1968122,2059,upi,none,0,266,36,0.104,1,6,1.4,1,1,1
pay_Zom7464817,252,upi,none,1,119,15,0.016,0,2,14.76,0,0,0
pay_Zom8114216,252,upi,none,1,53,3,0.026,1,1,12.88,0,0,0
pay_Zom5140479,252,card,mastercard,0,563,61,0.163,0,1,7.19,0,0,0
pay_Zom5066006,252,netbanking,none,0,24,0,0.016,0,6,4.31,0,0,0
pay_Zom9014904,252,card,mastercard,0,88,7,0.026,0,1,1.96,0,0,0
pay_Zom1578940,252,card,amex,0,191,30,0.354,0,1,0.47,0,1,1
pay_Zom7063525,252,upi,none,0,0,0,0.088,0,1,8.39,0,1,1
pay_Zom1474058,252,card,visa,0,145,5,0.106,1,1,2.67,0,0,0
pay_Zom3481086,2059,upi,none,0,37,5,0.289,0,1,2.89,0,1,1
pay_Zom5384401,252,upi,none,0,22,2,0.146,0,1,0.38,0,0,0
pay_Zom8641531,3360,upi,none,1,38,3,0.169,0,1,5.51,0,0,0
pay_Zom3472414,252,card,amex,1,408,53,0.008,0,1,2.81,0,1,1
pay_Zom5266245,2059,netbanking,none,1,267,12,0.028,1,1,1.05,0,0,0
pay_Zom5150931,2059,card,rupay,0,28,3,0.19,0,1,0.66,0,0,0
pay_Zom3708302,3360,upi,none,0,14,1,0.074,1,1,3.33,0,0,0
pay_Zom1206987,2059,upi,none,0,54,9,0.074,1,1,6.98,0,0,0
pay_Zom2958415,252,upi,none,1,107,3,0.091,1,1,2.61,0,0,0
pay_Zom2548634,252,upi,none,0,242,19,0.182,0,1,6.9,0,0,0
pay_Zom7448284,252,upi,none,0,406,68,0.205,1,2,0.73,0,0,0
pay_Zom7671743,252,card,rupay,0,166,9,0.093,0,1,2.82,0,0,0
pay_Zom2348021,252,netbanking,none,0,109,16,0.008,0,1,2.04,0,0,0
pay_Zom9699607,2059,upi,none,0,18,0,0.026,1,2,1.37,0,0,0
pay_Zom4167928,252,upi,none,0,9,0,0.006,2,1,0.37,0,0,0
pay_Zom8095837,2059,card,rupay,0,108,7,0.015,0,2,0.81,0,0,0
pay_Zom3782058,3360,card,visa,0,92,13,0.047,0,3,7.67,0,0,0
pay_Zom8161714,2059,card,mastercard,0,224,8,0.126,0,1,1.57,0,0,0
pay_Zom5242475,2059,upi,none,0,46,3,0.018,0,1,6.83,0,0,0
pay_Zom6070402,2059,upi,none,1,4,0,0.051,0,1,5.89,0,0,0
pay_Zom9399459,252,netbanking,none,0,66,3,0.189,1,6,1.27,1,0,1
pay_Zom9945633,252,upi,none,0,417,41,0.144,0,1,2.28,0,0,0
pay_Zom7422127,3360,card,mastercard,1,190,13,0.074,0,1,2.11,0,0,0
pay_Zom6167027,3360,upi,none,1,4,0,0.297,0,1,7.96,0,1,1
pay_Zom7905652,2059,upi,none,0,249,20,0.136,0,1,3.34,0,0,0
pay_Zom2491048,252,card,rupay,0,76,10,0.203,0,1,2.01,0,0,0
pay_Zom2833314,2059,upi,none,1,54,2,0.008,0,1,2.56,0,0,0
pay_Zom6777952,252,card,visa,0,51,4,0.159,0,1,6.45,0,0,0
pay_Zom3394334,252,upi,none,1,108,6,0.08,0,1,1.29,0,0,0
pay_Zom5513429,252,netbanking,none,0,90,7,0.022,0,1,1.88,0,0,0
pay_Zom4515255,252,upi,none,1,128,19,0.252,0,1,0.49,0,1,1
pay_Zom7676832,252,upi,none,0,102,17,0.141,0,1,2.94,0,0,0
pay_Zom6169066,252,upi,none,1,18,1,0.154,0,1,12.25,0,1,1
pay_Zom1107714,252,card,rupay,0,35,4,0.202,0,1,1.48,0,0,0
pay_Zom3825261,252,card,mastercard,1,220,28,0.009,0,1,9.89,0,0,0
pay_Zom9249747,2059,upi,none,0,130,20,0.089,0,1,5.71,0,0,0
pay_Zom1026484,2059,upi,none,0,71,11,0.071,0,1,5.5,0,0,0
pay_Zom2625220,252,card,amex,0,24,2,0.092,0,1,4.75,0,0,0
pay_Zom2171745,252,card,rupay,1,0,0,0.064,0,1,4.99,0,0,0
pay_Zom8010185,2059,card,rupay,0,44,7,0.168,1,1,1.44,0,0,0
pay_Zom9807400,252,card,rupay,0,6,0,0.022,0,1,6.25,0,0,0
pay_Zom7993453,252,upi,none,0,78,8,0.014,0,1,12.74,0,0,0
pay_Zom5837546,2059,upi,none,1,206,26,0.011,0,1,0.39,0,0,0
pay_Zom8230134,3360,upi,none,0,40,3,0.129,0,1,0.47,0,0,0
pay_Zom3862767,252,netbanking,none,0,225,28,0.709,1,1,0.04,0,1,1
pay_Zom3959522,252,upi,none,1,146,14,0.07,0,2,4.24,0,0,0
pay_Zom7285607,252,upi,none,1,16,0,0.04,0,1,0.26,0,0,0
pay_Zom4127273,252,netbanking,none,0,124,19,0.123,0,1,2.58,0,0,0
pay_Zom3253718,252,upi,none,0,19,3,0.218,0,2,4.07,0,0,0
pay_Zom4322233,252,card,mastercard,0,127,3,0.132,1,1,3.16,0,0,0
pay_Zom9161633,252,card,visa,0,18,2,0.192,0,1,3.27,0,0,0
pay_Zom4053190,3360,netbanking,none,0,59,4,0.139,0,1,11.4,1,0,1
pay_Zom9432459,2059,upi,none,0,100,11,0.008,0,1,1.26,0,0,0
pay_Zom2849490,2059,upi,none,1,6,0,0.24,0,1,3.39,0,0,0
pay_Zom8560833,2059,netbanking,none,0,19,2,0.031,0,1,3.45,0,0,0
pay_Zom4566389,252,upi,none,1,46,4,0.165,1,1,1.13,0,0,0
pay_Zom4114489,2059,upi,none,0,74,11,0.073,0,1,1.26,0,0,0
pay_Zom4371228,252,card,amex,0,234,30,0.012,0,1,4.73,0,0,0
pay_Zom1989554,252,upi,none,0,24,2,0.03,0,6,1.32,1,0,1
pay_Zom4065690,2059,netbanking,none,1,51,6,0.082,1,1,0.92,0,0,0
pay_Zom4219293,2059,card,amex,0,77,13,0.25,0,2,14.4,0,0,0
pay_Zom5351203,2059,upi,none,0,42,1,0.126,0,1,0.34,0,0,0
pay_Zom7858398,252,upi,none,0,117,9,0.019,1,1,1.31,0,0,0
pay_Zom8394229,3360,upi,none,0,35,5,0.156,0,1,6.43,0,0,0
pay_Zom2831995,3360,upi,none,0,177,24,0.168,0,2,0.79,0,0,0
pay_Zom3787134,252,card,amex,1,84,14,0.006,0,1,1.04,0,0,0
pay_Zom2338986,252,upi,none,1,10,0,0.005,0,1,0.62,0,1,1
pay_Zom5917831,252,upi,none,0,118,18,0.144,0,1,3.08,0,0,0
pay_Zom2437925,3360,netbanking,none,1,101,14,0.294,0,1,0.01,0,1,1
pay_Zom7337233,252,upi,none,0,49,7,0.026,0,1,7.3,0,0,0
pay_Zom3091809,252,upi,none,1,1,0,0.135,0,1,1.65,1,0,1
pay_Zom5643299,252,netbanking,none,0,26,0,0.043,0,1,2.44,0,0,0
pay_Zom2078144,252,upi,none,1,62,6,0.071,0,1,1.0,0,0,0
pay_Zom6740356,2059,netbanking,none,1,26,2,0.294,1,2,0.15,0,1,1
pay_Zom1497723,252,card,rupay,1,103,10,0.072,0,2,11.48,0,0,0
pay_Zom4938956,3360,card,mastercard,0,149,20,0.267,0,1,7.44,0,1,1
pay_Zom9017783,2059,card,amex,0,232,26,0.153,0,1,1.13,0,0,0
pay_Zom9140210,2059,upi,none,1,124,8,0.012,0,1,0.37,0,0,0
pay_Zom2691296,252,card,rupay,1,140,16,0.094,0,3,2.09,0,0,0
pay_Zom1159493,252,card,visa,0,112,3,0.007,0,1,2.8,0,0,0
pay_Zom2024357,252,upi,none,0,507,10,0.217,1,1,2.96,0,0,0
pay_Zom5464094,252,upi,none,0,36,3,0.476,0,1,8.7,0,1,1
pay_Zom1121243,252,card,rupay,0,37,5,0.034,0,1,3.91,0,0,0
pay_Zom1702283,3360,upi,none,1,16,2,0.057,0,1,3.35,0,0,0
pay_Zom2624736,252,card,amex,1,79,8,0.06,2,1,0.31,0,0,0
pay_Zom4541139,252,upi,none,0,12,1,0.259,0,1,2.6,0,1,1
pay_Zom9763319,252,upi,none,1,37,1,0.186,0,1,2.82,0,0,0
pay_Zom1121835,252,upi,none,0,79,13,0.1,0,1,3.48,0,0,0
pay_Zom7302626,3360,upi,none,0,379,63,0.198,0,1,0.61,0,0,0
pay_Zom9725395,252,upi,none,0,398,46,0.103,0,3,11.34,0,0,0
pay_Zom5459984,252,upi,none,1,163,4,0.134,0,1,2.97,0,0,0
pay_Zom9152488,2059,upi,none,1,59,5,0.039,0,1,1.89,0,0,0
pay_Zom8939511,252,card,amex,0,240,11,0.104,0,1,3.81,0,0,0
pay_Zom6654424,252,card,visa,0,249,30,0.033,0,1,0.55,0,0,0
pay_Zom8205036,252,card,mastercard,0,289,14,0.215,1,1,2.01,0,0,0
pay_Zom6646375,252,upi,none,0,122,11,0.138,0,1,4.47,0,0,0
pay_Zom7220742,252,upi,none,0,27,1,0.057,0,2,9.88,0,0,0
pay_Zom6755884,252,upi,none,0,11,0,0.291,0,2,2.07,0,1,1
pay_Zom6288577,2059,upi,none,1,295,17,0.462,0,1,3.48,0,1,1
pay_Zom5019771,252,upi,none,0,6,0,0.444,1,1,1.97,0,1,1
pay_Zom7060108,2059,upi,none,0,42,5,0.111,1,1,2.6,0,0,0
pay_Zom7685239,2059,upi,none,0,80,5,0.258,0,1,2.45,0,1,1
pay_Zom7349097,252,upi,none,0,2,0,0.161,0,1,4.17,0,0,0
pay_Zom1960353,252,upi,none,0,284,35,0.049,0,1,3.71,0,0,0
pay_Zom6973179,252,netbanking,none,0,40,1,0.042,0,1,0.03,0,0,0
pay_Zom6540763,2059,upi,none,0,3,0,0.078,0,1,0.3,0,0,0
pay_Zom2680697,2059,card,visa,1,605,66,0.114,0,1,5.0,0,1,1
pay_Zom1051752,2059,upi,none,0,44,7,0.124,0,1,0.62,0,0,0
pay_Zom8665833,252,upi,none,0,251,21,0.036,0,1,5.14,0,0,0
pay_Zom7741225,3360,upi,none,1,72,7,0.027,0,1,5.91,0,0,0
pay_Zom3329735,252,upi,none,0,130,18,0.216,0,1,9.55,0,0,0
pay_Zom1430846,252,card,visa,0,33,4,0.048,0,1,5.89,0,0,0
pay_Zom3061828,252,upi,none,0,83,13,0.044,0,1,2.67,0,0,0
pay_Zom9902483,252,upi,none,0,35,3,0.026,0,1,0.83,0,0,0
pay_Zom5688687,252,upi,none,0,362,18,0.006,1,1,0.48,0,0,0
pay_Zom5169769,2059,upi,none,0,7,0,0.038,0,1,7.25,0,0,0
pay_Zom7181227,2059,card,amex,1,38,1,0.205,1,1,1.73,0,0,0
pay_Zom8581927,2059,upi,none,1,268,23,0.11,1,1,0.19,0,0,0
pay_Zom8972523,252,upi,none,0,78,9,0.061,0,1,1.49,0,0,0
pay_Zom9638823,2059,upi,none,0,109,14,0.098,0,1,7.11,0,0,0
pay_Zom7931114,252,upi,none,0,126,17,0.0,0,1,2.89,0,0,0
pay_Zom4153025,252,upi,none,0,8,0,0.244,0,1,3.59,0,0,0
pay_Zom1052497,252,upi,none,0,2,0,0.064,0,1,1.02,0,0,0
pay_Zom6405343,252,upi,none,0,333,16,0.052,0,2,0.07,0,0,0
pay_Zom1279010,252,card,amex,0,38,1,0.182,0,1,8.7,0,0,0
pay_Zom7043247,252,card,mastercard,0,57,7,0.048,1,1,0.27,0,0,0
pay_Zom1767629,252,upi,none,0,137,22,0.013,0,1,25.36,0,0,0
pay_Zom6461406,3360,upi,none,0,32,3,0.182,0,1,7.12,0,0,0
pay_Zom8454220,252,upi,none,0,158,18,0.151,0,1,0.43,0,0,0
pay_Zom4918463,3360,card,amex,0,73,7,0.028,0,1,25.61,0,0,0
pay_Zom9129167,2059,upi,none,0,233,6,0.037,0,1,5.78,0,0,0
pay_Zom7713657,252,netbanking,none,0,39,5,0.105,0,1,6.6,0,0,0
pay_Zom2365149,2059,upi,none,0,27,2,0.014,0,2,5.81,0,0,0
pay_Zom6844074,252,upi,none,0,213,36,0.034,0,1,9.25,0,0,0
pay_Zom8179243,2059,card,visa,0,47,2,0.061,0,1,4.95,0,0,0
pay_Zom8988000,252,upi,none,0,63,4,0.269,0,2,2.62,0,1,1
pay_Zom2685367,3360,upi,none,1,189,19,0.35,0,3,0.0,0,1,1
pay_Zom7456854,2059,upi,none,0,121,11,0.043,1,1,1.15,0,0,0
pay_Zom5930202,2059,upi,none,0,69,5,0.02,1,1,3.21,0,0,0
pay_Zom4272848,2059,card,visa,0,34,2,0.151,0,1,1.31,0,0,0
pay_Zom3401850,252,card,mastercard,0,173,7,0.059,1,1,1.85,0,0,0
pay_Zom9725065,252,upi,none,0,23,3,0.007,0,1,0.4,0,0,0
pay_Zom9466397,252,upi,none,1,316,29,0.025,0,1,13.69,0,1,1
pay_Zom1532605,252,upi,none,1,19,2,0.231,0,1,0.43,0,0,0
pay_Zom3145157,252,card,amex,0,196,21,0.212,0,1,0.26,0,0,0
pay_Zom9353796,2059,upi,none,0,66,7,0.063,0,1,3.07,0,0,0
pay_Zom2461125,252,upi,none,0,24,3,0.084,0,1,3.4,0,0,0
pay_Zom6055785,3360,upi,none,0,61,7,0.092,0,1,2.6,0,0,0
pay_Zom8831655,2059,upi,none,1,30,1,0.145,0,1,1.53,0,0,0
pay_Zom3819458,252,card,amex,0,17,1,0.05,0,1,9.03,0,0,0
pay_Zom8487448,3360,card,visa,0,32,1,0.101,0,1,1.47,0,0,0
pay_Zom2940765,252,upi,none,0,242,27,0.002,0,2,1.3,0,0,0
pay_Zom9089445,2059,card,visa,0,13,1,0.181,1,2,10.16,0,1,1
pay_Zom5041658,252,upi,none,1,431,11,0.01,0,1,7.57,0,0,0
pay_Zom5082836,252,upi,none,1,0,0,0.134,0,1,2.27,0,0,0
pay_Zom4550743,252,upi,none,1,128,8,0.064,0,1,1.06,0,0,0
pay_Zom3859391,252,upi,none,0,232,38,0.018,0,1,0.49,0,0,0
pay_Zom2500416,252,card,amex,0,326,21,0.166,0,1,5.62,0,0,0
pay_Zom2769487,252,netbanking,none,1,18,3,0.136,1,1,4.53,0,0,0
pay_Zom8296300,252,upi,none,1,143,13,0.061,0,1,0.39,0,0,0
pay_Zom1490260,3360,upi,none,0,13,0,0.092,0,1,4.72,0,0,0
pay_Zom3688301,252,upi,none,1,52,1,0.109,0,1,7.98,0,0,0
pay_Zom6477774,252,card,rupay,0,157,5,0.264,0,1,0.2,0,0,0
pay_Zom7433891,2059,card,visa,0,50,1,0.088,0,2,1.85,0,0,0
pay_Zom5703624,2059,upi,none,0,45,2,0.027,0,2,1.84,0,0,0
pay_Zom4697296,3360,card,visa,0,14,1,0.178,0,2,5.82,0,0,0
pay_Zom5322289,252,card,visa,1,8,0,0.044,1,3,0.44,0,0,0
pay_Zom8991026,252,upi,none,0,14,1,0.057,0,1,0.57,0,0,0
pay_Zom3065243,252,upi,none,1,249,19,0.106,1,1,1.69,0,0,0
pay_Zom3277614,252,upi,none,0,1,0,0.221,0,1,6.68,0,0,0
pay_Zom9968148,2059,upi,none,0,141,7,0.329,0,1,15.11,0,1,1
pay_Zom9253698,252,upi,none,1,175,29,0.064,2,1,2.76,0,0,0
pay_Zom2517360,3360,upi,none,0,100,10,0.099,0,1,0.6,0,0,0
pay_Zom6583476,252,upi,none,1,157,18,0.021,1,1,8.16,0,0,0
pay_Zom4754845,3360,card,mastercard,0,126,3,0.127,0,1,0.62,0,0,0
pay_Zom2084932,252,upi,none,0,72,7,0.113,0,1,1.6,0,0,0
pay_Zom6758373,2059,upi,none,0,57,4,0.222,0,1,4.72,0,0,0
pay_Zom7325183,3360,upi,none,1,340,57,0.004,0,1,0.22,0,0,0
pay_Zom7403032,3360,upi,none,0,428,69,0.027,1,1,2.32,0,0,0
pay_Zom8331010,252,upi,none,0,126,15,0.062,0,1,1.83,0,0,0
pay_Zom4915256,252,upi,none,1,26,3,0.115,0,1,10.18,0,0,0
pay_Zom4750560,2059,upi,none,0,71,8,0.065,0,1,2.77,0,0,0
pay_Zom5346875,252,card,amex,1,82,1,0.14,1,1,7.65,0,0,0
pay_Zom2940955,252,card,amex,0,170,22,0.061,0,1,0.33,0,0,0
pay_Zom5881775,252,card,amex,0,132,6,0.083,0,2,2.86,0,0,0
pay_Zom2471032,252,upi,none,0,86,11,0.216,2,1,4.12,0,0,0
pay_Zom2868688,252,card,visa,0,136,2,0.014,1,2,0.57,0,0,0
pay_Zom2495511,252,upi,none,0,2,0,0.146,0,1,6.6,0,0,0
pay_Zom6708243,252,card,amex,0,179,18,0.051,0,1,7.4,0,0,0
pay_Zom4156740,252,upi,none,0,28,2,0.197,0,2,3.96,0,0,0
pay_Zom2947939,252,card,amex,0,128,16,0.084,0,1,2.57,0,0,0
pay_Zom7169603,252,upi,none,0,14,1,0.147,0,1,4.15,0,0,0
pay_Zom3137710,252,card,amex,0,14,2,0.144,0,1,1.18,0,0,0
pay_Zom6257514,3360,card,mastercard,0,4,0,0.019,0,1,0.41,0,0,0
pay_Zom7378615,3360,upi,none,1,289,39,0.065,0,1,2.81,0,0,0
pay_Zom1028160,3360,netbanking,none,0,111,17,0.023,0,1,2.31,0,0,0
pay_Zom6214340,2059,upi,none,0,53,3,0.007,0,1,1.95,0,0,0
pay_Zom2038256,252,netbanking,none,0,186,26,0.135,0,1,0.73,0,0,0
pay_Zom9985927,2059,card,mastercard,0,118,9,0.005,0,1,0.74,0,0,0
pay_Zom4185283,252,netbanking,none,0,116,4,0.138,0,1,14.76,0,0,0
pay_Zom7512001,2059,upi,none,1,80,1,0.033,0,1,9.16,0,0,0
pay_Zom8108481,252,upi,none,1,0,0,0.022,0,1,1.02,0,0,0
pay_Zom6362719,2059,card,visa,1,35,1,0.285,0,1,0.22,0,1,1
pay_Zom7124083,252,netbanking,none,0,13,0,0.003,0,2,1.37,0,0,0
pay_Zom3119085,252,upi,none,0,130,12,0.127,0,1,6.53,0,0,0
pay_Zom9719981,2059,upi,none,1,34,2,0.127,0,1,0.88,0,0,0
pay_Zom4726916,252,upi,none,0,71,9,0.077,0,2,14.49,0,1,1
pay_Zom2788215,252,card,amex,1,52,1,0.084,0,1,0.8,0,0,0
pay_Zom7632241,252,card,visa,0,18,0,0.044,0,1,2.86,0,0,0
pay_Zom1154157,252,upi,none,1,381,32,0.123,0,1,17.02,0,0,0
pay_Zom8727632,252,upi,none,1,325,33,0.149,0,1,0.49,0,0,0
pay_Zom6300362,3360,upi,none,0,10,1,0.056,0,1,0.77,0,0,0
pay_Zom3427676,252,upi,none,0,210,23,0.066,0,1,3.12,0,0,0
pay_Zom5979872,252,card,visa,0,80,13,0.028,0,1,5.45,0,0,0
pay_Zom4672603,252,upi,none,1,178,9,0.003,0,1,4.24,0,0,0
pay_Zom9385800,2059,card,visa,1,19,2,0.168,1,1,3.11,0,0,0
pay_Zom8646795,2059,card,visa,0,17,2,0.066,0,1,1.97,0,0,0
pay_Zom3473387,2059,upi,none,0,265,36,0.4,0,1,5.4,0,1,1
pay_Zom5754542,2059,upi,none,1,273,48,0.003,0,2,0.53,0,1,1
pay_Zom3447304,3360,card,visa,0,75,7,0.148,0,1,0.98,0,0,0
pay_Zom1576194,2059,upi,none,1,244,19,0.071,0,1,5.45,0,0,0
pay_Zom6371047,2059,card,visa,1,132,20,0.002,0,1,1.16,0,1,1
pay_Zom6182338,252,upi,none,1,24,1,0.04,0,1,0.52,0,0,0
pay_Zom9428504,2059,card,mastercard,0,47,1,0.144,0,1,6.48,0,0,0
pay_Zom3071382,252,upi,none,0,17,1,0.158,0,1,5.12,0,0,0
pay_Zom5587772,2059,upi,none,0,178,10,0.1,0,1,3.56,0,0,0
pay_Zom9024252,2059,upi,none,1,505,42,0.231,0,1,3.73,0,1,1
pay_Zom4618930,2059,netbanking,none,0,94,16,0.009,0,1,3.81,0,0,0
pay_Zom9305150,2059,netbanking,none,0,128,9,0.088,2,1,4.59,0,1,1
pay_Zom5890476,252,upi,none,0,164,21,0.265,0,1,1.32,0,1,1
pay_Zom7320122,252,upi,none,0,30,1,0.028,0,1,7.02,0,0,0
pay_Zom1986711,252,upi,none,1,49,3,0.249,0,1,1.05,0,0,0
pay_Zom6589238,3360,upi,none,1,63,3,0.013,0,1,1.87,0,1,1
pay_Zom3561918,2059,card,rupay,0,108,12,0.136,0,1,2.5,0,0,0
pay_Zom4533501,2059,upi,none,0,228,12,0.031,0,1,5.74,0,0,0
pay_Zom4776077,2059,card,mastercard,1,35,4,0.037,0,1,1.99,0,0,0
pay_Zom1881916,2059,card,visa,0,76,9,0.078,0,1,2.48,0,0,0
pay_Zom4003461,3360,upi,none,0,167,14,0.032,2,1,6.69,0,0,0
pay_Zom9178970,2059,card,rupay,0,10,0,0.246,0,1,28.77,0,0,0
pay_Zom7573445,2059,upi,none,0,86,2,0.071,0,1,5.52,0,1,1
pay_Zom6018095,2059,upi,none,0,18,1,0.028,0,1,1.26,0,0,0
pay_Zom3670819,252,card,rupay,0,92,14,0.03,0,1,0.41,0,0,0
pay_Zom1361814,2059,upi,none,0,175,20,0.185,0,1,4.16,0,0,0
pay_Zom7581459,252,upi,none,0,32,2,0.25,0,1,4.06,0,0,0
pay_Zom6660802,252,netbanking,none,0,227,36,0.078,0,1,2.35,0,0,0
pay_Zom8087324,2059,upi,none,1,48,2,0.174,0,1,4.51,0,0,0
pay_Zom8942696,252,upi,none,0,25,1,0.116,1,1,0.23,0,0,0
pay_Zom6843624,3360,card,amex,0,75,8,0.459,0,1,18.13,0,1,1
pay_Zom7565976,252,upi,none,0,250,16,0.05,0,1,2.32,0,0,0
pay_Zom7560950,252,netbanking,none,1,8,1,0.104,0,1,2.93,0,0,0
pay_Zom2204993,252,upi,none,0,47,4,0.099,0,1,2.66,0,0,0
pay_Zom9855760,252,upi,none,1,127,3,0.005,1,1,2.75,0,0,0
pay_Zom5748621,252,card,visa,0,53,2,0.021,1,1,5.34,0,0,0
pay_Zom5737283,252,upi,none,0,8,0,0.037,1,1,0.26,0,0,0
pay_Zom4273103,252,card,visa,0,48,5,0.284,0,1,8.87,0,1,1
pay_Zom7606405,252,netbanking,none,0,206,36,0.006,1,1,1.47,0,0,0
pay_Zom2632751,252,card,mastercard,0,413,47,0.026,0,1,3.43,0,0,0
pay_Zom3196149,2059,upi,none,0,4,0,0.02,1,2,0.21,0,1,1
pay_Zom6426063,252,upi,none,0,101,5,0.337,0,1,2.35,0,1,1
pay_Zom1908038,2059,netbanking,none,0,13,0,0.042,1,1,5.9,0,0,0
pay_Zom6101515,2059,upi,none,1,136,15,0.153,0,1,1.32,0,0,0
pay_Zom8676121,252,card,rupay,1,0,0,0.117,0,1,1.56,0,1,1
pay_Zom3746337,3360,upi,none,0,1,0,0.038,2,1,3.62,1,0,1
pay_Zom3307889,2059,upi,none,0,180,16,0.063,0,1,0.25,0,0,0
pay_Zom8413578,2059,upi,none,0,9,1,0.048,0,1,1.69,0,0,0
pay_Zom9094028,252,netbanking,none,0,43,4,0.008,1,1,5.32,0,0,0
pay_Zom5883538,2059,upi,none,0,380,16,0.116,0,1,3.87,0,0,0
pay_Zom3429724,2059,upi,none,0,505,69,0.02,0,1,2.76,0,0,0
pay_Zom4519295,252,card,rupay,0,21,2,0.1,0,1,3.08,0,0,0
pay_Zom4659722,252,upi,none,1,98,8,0.12,0,1,1.03,0,0,0
pay_Zom4282547,252,card,visa,0,98,10,0.025,0,1,10.3,0,0,0
pay_Zom1153218,2059,upi,none,0,72,4,0.094,0,2,19.72,0,1,1
pay_Zom7077140,252,netbanking,none,0,310,27,0.014,0,1,0.62,0,0,0
pay_Zom2710400,2059,upi,none,1,168,20,0.112,0,1,0.28,0,0,0
pay_Zom3476408,252,card,amex,1,173,9,0.096,0,1,0.67,0,0,0
pay_Zom7317557,2059,upi,none,0,37,5,0.014,0,1,1.33,0,0,0
pay_Zom8165734,252,upi,none,0,68,7,0.125,0,1,4.35,0,0,0
pay_Zom3822312,252,upi,none,0,80,12,0.126,0,1,2.69,0,0,0
pay_Zom1945085,252,netbanking,none,0,42,6,0.058,0,2,0.2,0,0,0
pay_Zom2611413,252,upi,none,0,11,1,0.261,0,2,2.45,0,1,1
pay_Zom6965707,252,card,visa,1,16,0,0.193,0,1,3.17,0,0,0
pay_Zom8950315,252,upi,none,0,23,3,0.032,0,1,0.5,0,0,0
pay_Zom4013739,252,upi,none,0,27,2,0.243,0,1,0.32,0,0,0
pay_Zom1880336,3360,upi,none,1,33,3,0.051,1,1,1.9,0,0,0
pay_Zom2968753,2059,card,rupay,1,35,1,0.001,0,1,5.22,0,0,0
pay_Zom9647567,252,card,amex,0,72,8,0.163,0,1,0.63,0,0,0
pay_Zom6678849,252,netbanking,none,0,85,6,0.094,0,1,0.48,0,0,0
pay_Zom8278315,252,netbanking,none,0,44,3,0.201,1,2,6.41,0,0,0
pay_Zom3492562,2059,upi,none,0,285,50,0.005,0,1,1.04,0,0,0
pay_Zom7777894,252,card,amex,1,96,8,0.045,0,1,0.44,0,0,0
pay_Zom5110434,252,upi,none,1,185,23,0.236,0,1,8.29,0,0,0
pay_Zom1570305,252,card,rupay,1,309,37,0.003,0,1,1.69,0,0,0
pay_Zom2993175,2059,upi,none,0,21,0,0.027,0,1,1.89,0,0,0
pay_Zom5040883,252,card,visa,1,67,9,0.053,0,1,12.08,0,0,0
pay_Zom7654595,2059,upi,none,0,68,4,0.024,1,1,4.27,0,0,0
pay_Zom9197782,252,upi,none,0,52,7,0.238,0,2,8.48,0,0,0
pay_Zom6078288,252,upi,none,0,1,0,0.34,1,1,1.27,0,1,1
pay_Zom3893851,252,upi,none,0,203,14,0.361,1,1,3.26,0,1,1
pay_Zom7297691,252,upi,none,1,14,1,0.003,1,1,2.19,0,1,1
pay_Zom2503425,252,card,visa,0,647,88,0.097,0,1,24.31,0,0,0
pay_Zom8779155,252,card,visa,0,177,19,0.215,2,1,2.32,0,0,0
pay_Zom7410589,252,upi,none,0,104,13,0.122,1,3,4.07,1,0,1
pay_Zom5617358,252,upi,none,1,20,0,0.003,0,1,0.79,0,1,1
pay_Zom8467845,252,upi,none,0,86,12,0.091,0,2,0.53,0,0,0
pay_Zom7162658,3360,card,mastercard,0,36,2,0.082,0,1,0.36,0,0,0
pay_Zom1194656,252,upi,none,1,34,4,0.003,0,1,2.97,0,0,0
pay_Zom3013272,2059,upi,none,0,212,8,0.052,0,1,7.24,0,0,0
pay_Zom2956687,252,upi,none,0,57,4,0.005,2,1,7.24,0,0,0
pay_Zom2386418,252,upi,none,0,71,8,0.081,1,1,0.25,0,0,0
pay_Zom3047685,252,upi,none,0,222,14,0.262,0,1,5.54,0,1,1
pay_Zom9207723,252,upi,none,1,11,1,0.05,0,1,7.42,0,0,0
pay_Zom9552160,252,upi,none,0,108,13,0.268,0,2,5.76,0,1,1
pay_Zom4773783,252,upi,none,1,103,16,0.043,0,1,0.09,0,0,0
pay_Zom1386324,2059,upi,none,0,66,5,0.138,0,1,4.28,0,0,0
pay_Zom9044647,252,upi,none,1,212,5,0.089,0,1,1.62,0,0,0
pay_Zom5592340,252,upi,none,0,343,38,0.418,0,1,4.55,0,1,1
pay_Zom2586340,252,upi,none,0,75,5,0.031,1,1,2.15,0,0,0
pay_Zom4038296,252,upi,none,0,73,6,0.058,0,1,3.88,0,0,0
pay_Zom7441777,2059,card,mastercard,0,83,10,0.165,0,1,1.12,0,0,0
pay_Zom9123384,252,upi,none,0,154,20,0.126,0,1,0.55,0,0,0
pay_Zom8275548,252,card,amex,0,132,3,0.296,0,1,8.91,0,1,1
pay_Zom6005706,252,upi,none,0,30,4,0.051,0,1,4.44,0,0,0
pay_Zom3101118,252,upi,none,0,7,0,0.015,0,1,10.06,0,1,1
pay_Zom2668347,2059,upi,none,0,357,38,0.139,0,1,5.76,0,0,0
pay_Zom6456436,2059,upi,none,0,36,2,0.012,0,2,0.91,0,0,0
pay_Zom2065324,252,upi,none,1,122,10,0.007,0,1,4.22,0,0,0
pay_Zom4101936,252,card,visa,0,211,28,0.07,0,1,2.88,0,0,0
pay_Zom7800317,2059,card,mastercard,1,42,6,0.251,0,1,1.13,0,1,1
pay_Zom1331289,252,upi,none,0,121,9,0.187,0,2,7.04,0,0,0
pay_Zom7606809,252,upi,none,1,13,1,0.252,1,1,5.29,0,1,1
pay_Zom9999580,2059,upi,none,0,420,25,0.062,0,1,0.48,0,0,0
pay_Zom9893395,252,upi,none,1,7,1,0.234,0,1,2.95,0,0,0
pay_Zom9196731,252,netbanking,none,0,69,8,0.13,0,1,5.12,0,0,0
pay_Zom2072595,252,upi,none,1,92,13,0.026,0,2,0.62,0,0,0
pay_Zom9705716,2059,netbanking,none,1,187,18,0.098,1,1,16.81,0,0,0
pay_Zom3081873,252,upi,none,0,15,0,0.416,0,2,3.25,0,1,1
pay_Zom4480664,3360,upi,none,0,69,6,0.001,0,1,6.93,0,0,0
pay_Zom2968404,2059,upi,none,1,42,3,0.078,0,1,2.77,0,0,0
pay_Zom4031041,252,card,amex,0,44,3,0.228,0,1,1.29,0,0,0
pay_Zom4018851,252,upi,none,0,181,9,0.135,1,1,6.32,0,0,0
pay_Zom1089321,252,upi,none,0,0,0,0.01,0,1,2.08,0,0,0
pay_Zom8503322,252,upi,none,0,165,5,0.094,0,1,3.06,0,0,0
pay_Zom6273013,2059,upi,none,1,199,32,0.103,0,2,3.0,0,0,0
pay_Zom3064357,252,upi,none,0,277,13,0.081,1,1,0.21,0,0,0
pay_Zom1656713,252,upi,none,0,118,20,0.187,0,1,1.45,0,0,0
pay_Zom3161173,2059,card,rupay,0,48,8,0.113,1,1,1.42,0,0,0
pay_Zom4459963,252,card,rupay,0,66,5,0.025,0,1,0.16,0,0,0
pay_Zom3704659,2059,upi,none,1,419,74,0.022,0,1,0.39,0,0,0
pay_Zom2473390,2059,card,visa,0,255,40,0.267,0,1,2.96,0,1,1
pay_Zom5307726,252,upi,none,0,74,2,0.053,0,1,1.36,0,0,0
pay_Zom1587291,252,card,rupay,0,343,58,0.042,0,1,2.44,0,0,0
pay_Zom2419525,2059,upi,none,1,207,5,0.15,0,1,2.31,0,0,0
pay_Zom3092406,2059,upi,none,0,277,13,0.222,0,1,3.72,0,0,0
pay_Zom9491759,252,upi,none,0,137,15,0.13,0,1,6.63,0,0,0
pay_Zom6009306,252,card,rupay,0,233,7,0.037,0,3,0.9,0,0,0
pay_Zom7099518,252,upi,none,0,266,12,0.066,0,1,1.57,0,0,0
pay_Zom3879023,252,upi,none,0,11,1,0.012,0,1,2.85,0,0,0
pay_Zom8097623,252,upi,none,0,403,72,0.13,0,6,4.73,1,1,1
pay_Zom1001435,252,upi,none,1,48,7,0.233,1,1,1.69,0,0,0
pay_Zom5166404,252,card,rupay,1,69,7,0.04,1,1,1.08,0,1,1
pay_Zom6043230,252,upi,none,1,188,30,0.061,0,1,3.94,0,0,0
pay_Zom1774541,3360,netbanking,none,0,131,4,0.074,0,1,3.82,0,0,0
pay_Zom9714808,2059,upi,none,0,268,45,0.023,1,1,4.95,0,0,0
pay_Zom5922381,252,upi,none,0,61,4,0.049,0,1,2.41,0,0,0
pay_Zom9960751,252,card,amex,1,56,8,0.278,0,1,0.27,0,1,1
pay_Zom8464523,252,card,rupay,0,3,0,0.092,0,1,3.11,0,0,0
pay_Zom3346378,252,upi,none,1,74,12,0.043,0,1,1.32,0,0,0
pay_Zom9228265,3360,upi,none,0,154,24,0.029,0,1,21.53,1,0,1
pay_Zom6250195,252,card,rupay,1,43,6,0.13,0,1,3.05,0,1,1
pay_Zom9768884,3360,upi,none,0,74,8,0.007,1,1,2.04,0,1,1
pay_Zom6907545,252,card,amex,0,29,4,0.304,0,1,5.02,0,1,1
pay_Zom9566284,2059,upi,none,0,177,24,0.083,0,1,13.38,0,0,0
pay_Zom4520522,252,netbanking,none,1,7,0,0.019,0,1,2.38,0,0,0
pay_Zom2661097,252,upi,none,1,146,18,0.038,1,1,1.41,0,0,0
pay_Zom1750538,252,upi,none,1,57,2,0.109,0,1,2.3,0,0,0
pay_Zom4977883,2059,upi,none,0,5,0,0.022,1,1,4.14,0,0,0
pay_Zom1616293,2059,netbanking,none,1,230,7,0.053,1,6,3.91,1,0,1
pay_Zom4155352,2059,card,mastercard,0,80,14,0.024,0,2,4.78,0,0,0
pay_Zom3376783,2059,upi,none,0,109,9,0.254,2,1,3.39,0,1,1
pay_Zom6028286,2059,upi,none,0,158,7,0.175,0,1,10.8,0,0,0
pay_Zom4610673,252,upi,none,0,127,21,0.004,0,6,1.59,1,0,1
pay_Zom3251636,252,upi,none,0,157,4,0.181,0,1,0.0,0,0,0
pay_Zom4624549,2059,upi,none,1,172,16,0.006,0,1,0.57,0,0,0
pay_Zom7024113,2059,upi,none,0,106,15,0.113,0,1,0.16,0,0,0
pay_Zom5653927,2059,upi,none,0,54,3,0.194,0,1,0.58,0,0,0
pay_Zom3155739,252,upi,none,0,33,3,0.065,0,1,0.85,0,0,0
pay_Zom8080237,252,card,amex,0,279,36,0.071,0,1,1.11,0,0,0
pay_Zom2247548,3360,upi,none,0,420,72,0.038,0,1,0.09,0,0,0
pay_Zom5277642,252,upi,none,0,53,1,0.075,0,1,1.16,0,0,0
pay_Zom5373391,252,upi,none,0,14,0,0.001,0,1,0.56,0,0,0
pay_Zom7405244,2059,upi,none,0,30,3,0.05,0,1,0.31,0,0,0
pay_Zom3740044,3360,card,mastercard,0,133,11,0.327,0,1,3.05,0,0,0
pay_Zom7711882,252,card,amex,0,22,1,0.276,0,2,0.75,0,0,0
pay_Zom8651547,2059,upi,none,0,181,12,0.14,0,1,0.3,0,0,0
pay_Zom2396771,3360,upi,none,0,307,33,0.02,0,1,0.69,0,0,0
pay_Zom5264422,3360,netbanking,none,0,397,64,0.148,0,2,7.08,0,0,0
pay_Zom8136077,3360,upi,none,0,1,0,0.123,0,1,2.64,0,1,1
pay_Zom3403234,252,upi,none,0,380,20,0.142,0,1,2.68,0,0,0
pay_Zom9990982,252,card,visa,0,161,20,0.099,0,6,1.11,0,0,0
pay_Zom4418574,252,upi,none,0,10,0,0.036,1,2,2.54,0,1,1
pay_Zom2183767,252,upi,none,1,64,8,0.08,0,1,4.66,0,0,0
pay_Zom5519776,252,upi,none,0,144,10,0.03,0,1,3.18,0,0,0
pay_Zom4231751,252,upi,none,1,376,29,0.022,0,6,2.7,0,1,1
pay_Zom7243511,252,upi,none,1,21,1,0.113,1,1,1.58,0,0,0
pay_Zom9580328,252,upi,none,1,16,1,0.173,2,1,3.49,0,0,0
pay_Zom3752186,252,card,rupay,0,76,11,0.032,0,1,6.81,0,0,0
pay_Zom8041170,2059,upi,none,1,413,70,0.267,0,1,0.74,0,1,1
pay_Zom3575158,252,upi,none,0,426,45,0.211,0,1,6.08,0,0,0
pay_Zom6307645,252,upi,none,0,31,3,0.051,1,1,2.32,0,0,0
pay_Zom8275056,252,card,mastercard,0,46,1,0.014,0,1,13.56,0,0,0
pay_Zom7357590,252,upi,none,1,286,38,0.088,0,1,1.06,0,0,0
pay_Zom1434695,3360,card,amex,0,159,18,0.038,0,1,0.36,0,0,0
pay_Zom5152322,252,card,mastercard,1,430,12,0.304,0,3,0.61,1,1,1
pay_Zom2300646,252,card,mastercard,0,268,13,0.158,0,2,0.07,0,0,0
pay_Zom5531949,252,upi,none,1,29,1,0.291,0,1,1.59,0,1,1
pay_Zom3090797,252,card,rupay,1,171,8,0.012,0,1,1.35,0,0,0
pay_Zom9916589,252,upi,none,1,5,0,0.075,0,1,3.56,0,0,0
pay_Zom2845328,252,upi,none,0,204,34,0.122,0,1,0.62,0,0,0
pay_Zom7824657,252,upi,none,1,110,15,0.003,0,1,5.01,0,0,0
pay_Zom2106614,2059,netbanking,none,1,375,36,0.103,0,2,1.36,0,1,1
pay_Zom6525702,2059,upi,none,0,386,32,0.055,0,3,7.31,0,0,0
pay_Zom2492738,252,card,mastercard,0,6,0,0.018,0,2,0.71,0,0,0
pay_Zom7087100,252,upi,none,1,20,2,0.299,0,1,5.59,0,1,1
pay_Zom6595492,252,upi,none,0,79,6,0.163,0,1,0.72,0,1,1
pay_Zom5584424,252,card,amex,1,253,14,0.074,0,1,0.07,0,0,0
pay_Zom3455003,252,upi,none,0,202,23,0.184,1,1,0.21,0,0,0
pay_Zom4787716,2059,card,visa,0,400,33,0.071,0,1,5.92,0,0,0
pay_Zom5591031,252,card,visa,0,115,2,0.004,0,1,2.66,0,0,0
pay_Zom1165479,2059,upi,none,0,35,0,0.097,0,2,1.36,0,0,0
pay_Zom2643275,252,upi,none,0,3,0,0.075,1,1,3.59,0,0,0
pay_Zom7327627,3360,upi,none,1,30,3,0.226,0,1,1.66,0,0,0
pay_Zom4728326,2059,upi,none,0,134,10,0.205,1,1,6.0,0,0,0
pay_Zom7352396,2059,upi,none,1,312,7,0.145,0,1,4.83,0,0,0
pay_Zom2761653,252,upi,none,1,46,2,0.075,0,1,2.2,0,0,0
pay_Zom3072044,2059,netbanking,none,0,250,8,0.292,1,1,0.04,0,1,1
pay_Zom3948283,2059,upi,none,0,60,10,0.043,2,1,2.56,0,0,0
pay_Zom9832796,2059,card,rupay,0,44,3,0.114,0,1,1.69,0,0,0
pay_Zom6143048,252,upi,none,0,85,1,0.017,0,2,3.15,0,0,0
pay_Zom9214437,2059,upi,none,0,70,8,0.065,0,1,0.61,0,0,0
pay_Zom2602904,252,upi,none,0,294,16,0.016,0,1,3.83,0,0,0
pay_Zom9874478,252,card,amex,1,75,8,0.005,0,1,0.81,0,0,0
pay_Zom6853574,2059,upi,none,0,38,1,0.027,0,1,13.68,0,0,0
pay_Zom5731119,252,card,amex,0,221,39,0.156,0,1,5.98,0,0,0
pay_Zom5547530,252,upi,none,1,802,140,0.123,1,1,0.7,0,0,0
pay_Zom2662054,252,upi,none,1,125,15,0.2,0,2,2.75,0,1,1
pay_Zom1804690,2059,upi,none,1,34,4,0.181,0,1,2.12,0,0,0
pay_Zom3864666,252,upi,none,1,32,2,0.393,1,1,5.82,0,1,1
pay_Zom6335094,252,upi,none,0,7,1,0.178,0,1,4.71,0,0,0
pay_Zom7535788,252,card,visa,1,9,0,0.032,0,1,1.23,0,0,0
pay_Zom4031181,2059,card,amex,1,295,17,0.396,0,1,1.59,0,1,1
pay_Zom6791040,252,card,mastercard,0,12,0,0.011,0,1,0.22,0,0,0
pay_Zom9920146,2059,card,rupay,0,79,4,0.173,0,1,2.93,0,0,0
pay_Zom7755367,252,netbanking,none,0,143,15,0.343,0,1,4.98,0,1,1
pay_Zom9000414,2059,netbanking,none,0,227,13,0.112,0,1,1.9,0,0,0
pay_Zom3140306,3360,upi,none,0,22,2,0.084,0,1,10.2,0,0,0
pay_Zom5346322,252,upi,none,0,69,5,0.093,0,1,0.52,0,0,0
pay_Zom1159341,252,upi,none,0,34,5,0.135,0,2,7.75,0,0,0
pay_Zom9616197,2059,upi,none,0,35,3,0.015,0,1,0.08,0,0,0
pay_Zom3608710,252,netbanking,none,0,43,5,0.088,0,1,8.56,0,0,0
pay_Zom3120109,252,upi,none,1,106,11,0.081,1,2,1.28,0,1,1
pay_Zom3393607,2059,upi,none,0,2,0,0.119,0,1,0.41,0,0,0
pay_Zom7355220,3360,upi,none,0,63,1,0.054,0,2,15.87,0,0,0
pay_Zom5485722,252,upi,none,0,24,0,0.276,0,1,4.78,0,1,1
pay_Zom1886921,252,upi,none,0,409,54,0.059,0,1,2.64,0,0,0
pay_Zom7210098,252,upi,none,0,104,14,0.021,0,1,1.75,0,0,0
pay_Zom5179399,252,upi,none,0,243,21,0.007,0,1,1.03,0,0,0
pay_Zom8016965,2059,upi,none,1,26,1,0.017,1,2,3.19,0,0,0
pay_Zom8680384,2059,upi,none,0,199,12,0.14,0,1,2.09,0,0,0
pay_Zom4071984,2059,upi,none,0,64,3,0.262,0,1,2.47,0,1,1
pay_Zom8364526,252,upi,none,0,23,3,0.081,0,1,2.17,0,0,0
pay_Zom6939158,252,upi,none,0,171,11,0.122,0,1,3.6,0,0,0
pay_Zom8862907,252,upi,none,1,172,21,0.138,0,1,9.02,0,0,0
pay_Zom9426008,252,card,visa,0,659,96,0.094,0,2,10.69,0,0,0
pay_Zom5812035,2059,upi,none,1,182,4,0.225,0,1,6.31,0,0,0
pay_Zom5627541,252,card,rupay,0,18,0,0.055,0,2,1.09,0,0,0
pay_Zom8176707,2059,card,mastercard,1,46,3,0.217,0,1,1.0,0,0,0
pay_Zom9734129,2059,card,visa,1,72,9,0.138,0,6,3.01,0,1,1
pay_Zom4838024,3360,upi,none,1,16,0,0.001,0,1,12.86,0,0,0
pay_Zom6120195,2059,upi,none,1,186,3,0.132,0,1,2.81,0,0,0
pay_Zom2458649,2059,upi,none,0,89,5,0.119,0,1,0.42,0,0,0
pay_Zom6128149,252,upi,none,1,346,11,0.104,0,1,7.01,0,0,0
pay_Zom7820186,252,netbanking,none,0,106,5,0.021,0,1,4.81,0,0,0
pay_Zom6246854,252,upi,none,1,88,6,0.097,0,1,0.96,0,0,0
pay_Zom2512308,252,netbanking,none,0,8,0,0.176,1,1,3.48,0,0,0
pay_Zom2333367,2059,card,amex,0,19,2,0.307,0,1,0.89,0,1,1
pay_Zom2286698,2059,upi,none,1,227,13,0.09,0,1,1.94,0,0,0
pay_Zom5027148,252,card,amex,0,561,70,0.242,0,1,0.95,0,0,0
pay_Zom2570911,252,upi,none,0,64,7,0.024,0,1,3.18,0,0,0
pay_Zom3770138,252,upi,none,1,199,32,0.303,0,1,1.26,0,1,1
pay_Zom1963205,2059,upi,none,0,118,4,0.238,0,2,0.64,0,1,1
pay_Zom2419102,2059,netbanking,none,0,383,20,0.018,1,1,0.22,0,0,0
pay_Zom5795781,2059,upi,none,0,32,5,0.128,0,1,3.5,0,0,0
pay_Zom9268659,252,card,mastercard,0,94,14,0.012,0,1,3.18,0,0,0
pay_Zom1179426,252,upi,none,0,63,3,0.294,0,2,0.76,0,1,1
pay_Zom8113264,2059,upi,none,0,93,3,0.077,0,1,0.01,0,0,0
pay_Zom9534273,2059,upi,none,0,37,5,0.02,0,1,0.51,0,1,1
pay_Zom3288888,252,upi,none,0,82,3,0.472,1,1,1.28,0,0,0
pay_Zom9047291,2059,upi,none,0,117,18,0.152,2,2,2.59,0,0,0
pay_Zom9351785,252,upi,none,1,10,1,0.037,0,2,7.59,0,0,0
pay_Zom9640458,2059,card,visa,0,163,9,0.114,0,1,0.83,0,0,0
pay_Zom9932346,2059,upi,none,1,147,22,0.024,0,1,0.85,0,0,0
pay_Zom3091977,2059,netbanking,none,0,254,22,0.072,0,1,6.51,0,0,0
pay_Zom7802682,252,upi,none,0,66,9,0.256,0,1,2.48,0,1,1
pay_Zom1233207,252,upi,none,0,7,0,0.111,0,1,4.12,0,0,0
pay_Zom4190758,2059,upi,none,1,74,2,0.083,0,1,1.49,0,0,0
pay_Zom1122310,2059,upi,none,1,17,2,0.339,0,1,6.39,0,1,1
pay_Zom8129962,252,netbanking,none,1,125,5,0.0,0,1,2.09,0,0,0
pay_Zom9964482,2059,card,rupay,0,5,0,0.072,0,2,8.16,0,0,0
pay_Zom6789156,252,card,visa,1,56,4,0.061,0,1,1.79,0,0,0
pay_Zom5097436,3360,card,amex,0,10,0,0.06,0,1,5.79,1,0,1
pay_Zom9860239,2059,card,visa,1,0,0,0.367,0,1,0.2,0,1,1
pay_Zom1710615,252,upi,none,0,387,61,0.028,0,1,4.02,0,0,0
pay_Zom8527132,252,card,visa,0,666,47,0.271,0,1,0.53,0,1,1
pay_Zom3827503,252,upi,none,0,97,15,0.066,0,2,7.96,0,0,0
pay_Zom9783147,252,upi,none,0,32,1,0.003,0,1,11.7,0,0,0
pay_Zom4776024,252,card,amex,0,290,27,0.045,0,1,1.36,0,0,0
pay_Zom3932895,2059,upi,none,0,307,49,0.317,0,1,2.89,0,1,1
pay_Zom2260344,2059,card,amex,0,231,6,0.167,0,1,1.79,0,0,0
pay_Zom7158092,252,upi,none,1,94,6,0.084,0,1,3.32,0,0,0
pay_Zom3236718,252,card,rupay,0,9,1,0.024,0,2,1.53,0,0,0
pay_Zom9618195,252,upi,none,1,11,1,0.233,0,1,5.99,0,1,1
pay_Zom6927248,252,upi,none,1,272,36,0.319,0,1,0.11,0,1,1
pay_Zom1854070,252,upi,none,1,250,38,0.152,0,1,4.73,0,0,0
pay_Zom8092102,2059,card,visa,1,68,7,0.142,0,1,0.05,0,0,0
pay_Zom9313242,3360,upi,none,1,47,7,0.127,0,1,11.53,0,1,1
pay_Zom7360154,252,upi,none,0,123,15,0.062,0,1,0.14,0,0,0
pay_Zom3860246,2059,upi,none,0,197,25,0.048,0,1,5.55,0,0,0
pay_Zom7262661,3360,upi,none,0,157,6,0.294,1,1,4.21,0,1,1
pay_Zom2899743,252,netbanking,none,0,114,19,0.077,0,1,6.9,0,0,0
pay_Zom6670004,2059,upi,none,0,31,4,0.201,0,3,0.48,1,1,1
pay_Zom5190365,2059,upi,none,0,36,2,0.314,0,1,1.53,0,0,0
pay_Zom2977453,252,upi,none,0,154,17,0.071,0,1,0.31,0,0,0
pay_Zom5866478,252,upi,none,1,194,15,0.024,0,2,1.19,0,1,1
pay_Zom6019373,2059,upi,none,0,14,1,0.126,0,1,3.29,0,0,0
pay_Zom9105487,2059,card,amex,0,24,4,0.354,0,1,12.26,0,0,0
pay_Zom5924868,252,netbanking,none,0,136,3,0.051,0,6,1.03,0,1,1
pay_Zom5441781,252,upi,none,0,59,10,0.094,0,1,1.46,0,0,0
pay_Zom4574653,252,upi,none,1,99,3,0.06,0,1,1.83,0,0,0
pay_Zom1037485,2059,netbanking,none,0,114,10,0.202,0,1,0.11,0,0,0
pay_Zom7603872,252,upi,none,0,179,17,0.236,0,1,4.08,0,0,0
pay_Zom4648426,2059,upi,none,0,196,12,0.156,0,2,0.47,0,0,0
pay_Zom6114027,252,upi,none,0,39,4,0.454,0,1,7.37,0,1,1
pay_Zom9649141,252,upi,none,0,93,14,0.222,0,1,1.88,0,0,0
pay_Zom1594402,252,card,mastercard,0,15,1,0.158,1,1,7.26,0,0,0
pay_Zom8768806,252,netbanking,none,0,221,6,0.06,0,1,4.64,0,0,0
pay_Zom9191751,252,upi,none,0,224,27,0.018,0,1,5.28,0,0,0
pay_Zom1964635,252,card,amex,1,42,5,0.005,0,1,1.65,0,0,0
pay_Zom6968395,252,upi,none,0,21,3,0.137,0,2,5.87,0,0,0
pay_Zom1098836,252,upi,none,0,8,0,0.035,0,1,2.88,0,0,0
pay_Zom8723456,252,upi,none,0,102,16,0.075,0,1,0.65,0,0,0
pay_Zom6512184,252,card,rupay,0,11,1,0.222,0,1,7.8,0,0,0
pay_Zom6005493,2059,upi,none,1,136,7,0.015,1,2,1.83,0,0,0
pay_Zom6937335,2059,upi,none,0,136,23,0.009,0,2,7.98,0,0,0
pay_Zom2797914,3360,netbanking,none,1,114,6,0.048,0,1,3.0,0,0,0
pay_Zom1086476,252,card,rupay,0,251,34,0.018,0,1,0.18,0,0,0
pay_Zom6867356,252,netbanking,none,1,57,8,0.137,0,1,5.38,0,0,0
pay_Zom4123208,252,upi,none,0,279,24,0.072,0,1,0.09,0,0,0
pay_Zom7745583,252,card,mastercard,0,4,0,0.282,0,1,0.37,0,1,1
pay_Zom6948065,2059,upi,none,0,14,1,0.061,0,1,1.44,0,0,0
pay_Zom1148708,252,netbanking,none,0,63,3,0.07,1,1,3.49,0,0,0
pay_Zom2700165,252,netbanking,none,0,108,15,0.079,1,1,1.95,0,0,0
pay_Zom8227688,252,netbanking,none,0,3,0,0.035,0,1,1.77,0,0,0
pay_Zom9255164,3360,netbanking,none,1,100,9,0.008,0,1,1.95,0,0,0
pay_Zom4314245,3360,upi,none,0,44,7,0.165,0,1,0.48,0,0,0
pay_Zom2421764,252,card,rupay,0,261,23,0.136,1,1,4.2,0,0,0
pay_Zom9876767,252,upi,none,1,91,8,0.227,0,1,0.79,0,0,0
pay_Zom9628834,2059,card,visa,0,106,13,0.065,0,1,2.0,0,0,0
pay_Zom3578837,3360,netbanking,none,1,349,17,0.128,0,1,12.26,0,0,0
pay_Zom7890722,252,upi,none,0,173,28,0.051,0,1,9.2,0,0,0
pay_Zom3077734,252,upi,none,0,69,10,0.166,0,1,5.12,0,0,0
pay_Zom9177419,3360,card,rupay,0,77,12,0.279,1,3,7.6,0,1,1
pay_Zom1115938,2059,upi,none,1,125,14,0.004,0,2,4.05,0,1,1
pay_Zom3611044,252,upi,none,1,26,4,0.032,0,1,6.0,0,0,0
pay_Zom5196564,252,upi,none,1,11,1,0.121,0,1,1.0,0,1,1
pay_Zom4793248,3360,upi,none,0,44,4,0.074,0,3,2.12,1,0,1
pay_Zom8897013,2059,card,mastercard,1,180,30,0.037,0,1,1.18,0,0,0
pay_Zom7633020,2059,upi,none,0,35,3,0.072,0,1,0.14,0,0,0
pay_Zom7279870,2059,upi,none,0,16,1,0.221,0,1,0.96,0,0,0
pay_Zom6021168,252,netbanking,none,1,29,1,0.094,0,1,1.04,0,0,0
pay_Zom7115223,2059,card,rupay,0,136,23,0.095,0,1,4.04,0,0,0
pay_Zom8186377,252,upi,none,0,114,6,0.051,0,1,1.47,0,0,0
pay_Zom4056507,3360,upi,none,0,139,7,0.037,0,1,0.85,0,0,0
pay_Zom9999758,252,card,mastercard,1,46,1,0.165,0,1,0.05,0,0,0
pay_Zom5521152,2059,upi,none,0,277,25,0.03,1,2,1.79,0,0,0
pay_Zom2823599,252,card,rupay,0,72,4,0.083,0,1,5.16,0,0,0
pay_Zom8358018,252,card,amex,1,86,11,0.169,0,1,3.45,0,0,0
pay_Zom8371182,252,upi,none,0,356,24,0.03,0,1,7.97,0,0,0
pay_Zom3715129,2059,netbanking,none,0,465,62,0.119,0,2,2.99,0,0,0
pay_Zom3346703,2059,upi,none,0,130,6,0.499,0,1,0.17,0,1,1
pay_Zom6934735,2059,upi,none,1,347,19,0.075,1,1,2.0,0,0,0
pay_Zom8280643,252,netbanking,none,0,93,13,0.106,0,1,1.9,0,0,0
pay_Zom1097479,252,upi,none,0,44,3,0.002,0,1,6.63,0,0,0
pay_Zom7026992,3360,card,mastercard,0,45,1,0.084,0,1,3.74,0,0,0
pay_Zom4329683,2059,card,rupay,0,98,17,0.13,0,1,1.08,0,0,0
pay_Zom2856661,2059,upi,none,0,111,5,0.01,0,2,4.23,0,0,0
pay_Zom4180407,2059,netbanking,none,0,69,3,0.005,0,1,6.23,0,0,0
pay_Zom5779824,2059,upi,none,0,258,19,0.049,0,1,0.21,0,0,0
pay_Zom1675388,252,upi,none,1,66,2,0.046,0,1,4.47,0,0,0
pay_Zom3242783,2059,netbanking,none,1,38,1,0.018,1,2,5.55,0,0,0
pay_Zom7619383,2059,upi,none,1,0,0,0.215,0,1,1.57,0,0,0
pay_Zom8064143,2059,card,visa,0,423,20,0.072,0,1,10.57,0,0,0
pay_Zom6556840,2059,card,mastercard,0,208,7,0.273,0,1,6.25,0,1,1
pay_Zom1530269,252,upi,none,0,114,18,0.059,0,1,1.07,0,0,0
pay_Zom3689597,252,upi,none,1,213,19,0.019,0,1,1.75,0,0,0
pay_Zom4338530,252,upi,none,0,199,8,0.015,1,1,8.36,0,0,0
pay_Zom9041235,252,card,mastercard,1,322,36,0.196,1,1,6.25,0,0,0
pay_Zom5459377,2059,upi,none,0,58,1,0.0,0,1,5.76,0,0,0
pay_Zom2993004,2059,upi,none,0,97,8,0.047,0,6,12.42,0,1,1
pay_Zom8064807,252,upi,none,0,12,1,0.03,0,1,0.27,0,1,1
pay_Zom9205196,252,upi,none,0,403,69,0.011,0,1,0.23,0,0,0
pay_Zom9314244,3360,card,rupay,0,504,36,0.01,0,2,2.0,0,0,0
pay_Zom3137987,2059,netbanking,none,0,186,26,0.196,0,1,8.53,0,0,0
pay_Zom6450711,252,upi,none,0,72,2,0.009,0,1,2.67,0,0,0
pay_Zom7708806,2059,upi,none,0,82,7,0.125,0,1,9.49,0,0,0
pay_Zom9419789,252,card,amex,0,68,3,0.098,0,1,0.59,0,0,0
pay_Zom7523795,252,upi,none,1,41,4,0.291,0,1,4.68,0,1,1
pay_Zom3204822,252,netbanking,none,0,90,7,0.054,0,1,1.36,0,0,0
pay_Zom2841010,252,upi,none,0,6,1,0.065,0,1,3.96,0,0,0
pay_Zom2809919,252,upi,none,0,577,96,0.365,0,1,1.96,0,1,1
pay_Zom1354875,3360,netbanking,none,1,66,7,0.126,0,2,1.27,0,1,1
pay_Zom3116002,2059,upi,none,0,314,15,0.454,0,1,6.77,0,1,1
pay_Zom3609561,252,upi,none,1,154,16,0.205,1,1,1.73,0,1,1
pay_Zom6773384,252,upi,none,0,41,6,0.249,0,1,0.91,0,0,0
pay_Zom9388623,252,netbanking,none,0,30,0,0.085,1,1,0.57,0,0,0
pay_Zom1228991,2059,card,amex,0,653,58,0.052,0,1,0.68,0,0,0
pay_Zom4967894,2059,upi,none,0,177,4,0.178,1,1,2.59,0,0,0
pay_Zom1873083,252,card,rupay,0,34,2,0.183,1,2,0.19,0,0,0
pay_Zom6740173,252,upi,none,0,8,0,0.031,0,1,0.28,0,0,0
pay_Zom8208583,2059,upi,none,0,143,24,0.046,0,1,2.1,0,0,0
pay_Zom1134702,252,card,rupay,0,43,2,0.175,0,2,4.22,0,0,0
pay_Zom8286823,252,card,visa,1,30,1,0.131,0,1,4.09,0,0,0
pay_Zom9056301,2059,upi,none,0,159,27,0.041,0,1,8.04,0,0,0
pay_Zom5856444,252,upi,none,0,136,13,0.236,0,1,2.47,0,0,0
pay_Zom5734922,252,upi,none,1,78,11,0.241,0,3,0.86,1,1,1
pay_Zom9152539,252,card,rupay,0,343,24,0.308,0,1,5.64,0,1,1
pay_Zom2386047,252,card,mastercard,0,136,14,0.272,0,1,0.56,0,0,0
pay_Zom8196619,2059,card,rupay,1,268,5,0.122,0,1,3.92,0,0,0
pay_Zom5156509,3360,card,visa,0,25,2,0.036,0,2,4.2,0,0,0
pay_Zom3558453,2059,card,rupay,1,42,4,0.05,0,1,0.75,0,0,0
pay_Zom9577181,2059,card,rupay,0,13,1,0.216,0,1,0.2,0,0,0
pay_Zom4134994,252,upi,none,0,43,3,0.272,0,2,0.73,0,1,1
pay_Zom5185358,2059,upi,none,0,428,62,0.053,0,1,5.52,0,0,0
pay_Zom5716726,3360,upi,none,0,395,39,0.11,0,1,6.29,0,0,0
pay_Zom2929715,252,upi,none,0,171,20,0.074,0,1,1.06,0,0,0
pay_Zom5421311,252,card,mastercard,0,88,4,0.005,0,1,2.57,0,0,0
pay_Zom5149917,2059,netbanking,none,1,182,28,0.098,0,2,0.2,0,1,1
pay_Zom8200092,2059,upi,none,1,96,7,0.09,0,1,0.75,0,0,0
pay_Zom4328808,252,netbanking,none,1,0,0,0.026,1,3,2.93,1,1,1
pay_Zom8950602,252,upi,none,1,83,6,0.009,0,1,0.93,0,1,1
pay_Zom2729141,2059,upi,none,0,109,17,0.036,0,1,0.18,0,0,0
pay_Zom9427765,252,upi,none,1,37,6,0.232,0,1,7.71,0,0,0
pay_Zom4039834,2059,upi,none,0,27,1,0.349,0,1,0.93,0,1,1
pay_Zom4165340,252,upi,none,0,38,5,0.125,1,1,5.25,0,0,0
pay_Zom3495209,3360,upi,none,1,117,4,0.019,0,1,1.92,0,0,0
pay_Zom4848428,252,netbanking,none,0,18,0,0.052,1,1,4.28,0,0,0
pay_Zom3021003,252,upi,none,1,152,23,0.071,0,1,1.54,0,0,0
pay_Zom3219555,252,upi,none,0,65,2,0.124,0,1,3.23,0,0,0
pay_Zom7732414,252,upi,none,0,52,2,0.006,0,1,3.74,0,0,0
pay_Zom1643681,2059,netbanking,none,0,197,23,0.02,0,1,0.46,0,0,0
pay_Zom5594635,252,upi,none,0,84,12,0.13,0,1,7.54,0,0,0
pay_Zom4224201,252,netbanking,none,1,57,2,0.139,0,1,1.52,0,0,0
pay_Zom3452982,252,upi,none,1,252,9,0.024,0,1,5.42,0,1,1
pay_Zom8152177,2059,upi,none,0,55,1,0.336,1,1,2.81,0,0,0
pay_Zom1296308,2059,card,amex,0,235,5,0.253,0,1,0.71,0,0,0
pay_Zom4349462,252,upi,none,0,84,3,0.102,0,1,1.54,0,0,0
pay_Zom2525643,2059,card,rupay,1,27,4,0.272,0,1,0.31,0,1,1
pay_Zom1854889,2059,upi,none,0,113,3,0.124,0,1,1.11,0,0,0
pay_Zom7381258,2059,card,visa,1,40,4,0.063,0,1,0.81,0,0,0
pay_Zom7833312,252,card,rupay,0,19,3,0.199,0,3,1.12,0,0,0
pay_Zom9807554,2059,upi,none,1,10,1,0.092,0,1,5.69,0,0,0
pay_Zom6141309,252,upi,none,0,33,0,0.004,0,1,0.29,0,0,0
pay_Zom4882711,252,upi,none,0,160,18,0.034,1,1,3.5,0,0,0
pay_Zom4720771,252,upi,none,0,218,35,0.218,0,1,1.53,0,0,0
pay_Zom6640128,252,card,rupay,1,237,16,0.377,0,1,2.31,0,1,1
pay_Zom8148366,252,upi,none,1,37,2,0.229,2,1,0.84,0,0,0
pay_Zom9039562,3360,upi,none,0,129,7,0.252,0,1,10.74,0,1,1
pay_Zom2029277,252,upi,none,0,31,3,0.432,1,6,3.81,0,0,0
pay_Zom9554093,252,upi,none,1,116,6,0.19,0,1,0.79,0,0,0
pay_Zom8165093,252,upi,none,1,261,35,0.219,0,1,2.36,0,0,0
pay_Zom1866635,252,upi,none,0,5,0,0.149,0,1,0.59,0,0,0
pay_Zom6105138,252,card,mastercard,0,505,42,0.127,0,1,8.41,0,0,0
pay_Zom2846415,252,upi,none,0,210,28,0.085,0,1,2.23,0,0,0
pay_Zom5517199,252,netbanking,none,1,172,6,0.061,0,1,0.27,0,0,0
pay_Zom7099795,252,upi,none,0,141,19,0.278,0,1,0.57,0,1,1
pay_Zom5706947,252,card,amex,0,176,20,0.065,0,1,2.41,0,0,0
pay_Zom6889214,252,card,amex,0,626,75,0.22,0,1,0.77,0,0,0
pay_Zom8014121,2059,upi,none,0,176,5,0.032,0,6,4.35,0,0,0
pay_Zom5143446,2059,card,amex,0,51,6,0.012,0,1,1.94,0,0,0
pay_Zom6366039,2059,card,rupay,0,114,11,0.042,2,1,2.91,0,0,0
pay_Zom1797863,252,upi,none,0,49,4,0.083,1,1,3.37,0,0,0
pay_Zom4049286,252,card,mastercard,1,421,30,0.091,0,1,10.35,0,0,0
pay_Zom1686005,3360,upi,none,1,276,5,0.117,0,2,9.49,0,0,0
pay_Zom1008991,252,upi,none,0,100,8,0.502,0,1,1.65,0,1,1
pay_Zom1874606,252,upi,none,0,182,15,0.171,0,1,7.92,0,0,0
pay_Zom6396217,252,card,mastercard,0,288,25,0.001,0,1,17.89,0,0,0
pay_Zom4556393,252,upi,none,1,33,3,0.022,0,1,7.42,0,0,0
pay_Zom5786824,252,upi,none,1,103,7,0.051,0,1,0.18,0,0,0
pay_Zom8919821,2059,upi,none,1,78,4,0.084,0,1,1.39,0,1,1
pay_Zom5700293,252,card,rupay,1,177,17,0.19,0,1,0.41,0,0,0
pay_Zom2690500,3360,card,mastercard,0,57,6,0.236,0,2,4.03,0,0,0
pay_Zom8229428,252,upi,none,0,148,16,0.103,0,1,1.51,0,0,0
pay_Zom4101100,252,card,amex,0,61,9,0.179,0,1,0.73,0,0,0
pay_Zom5232271,3360,upi,none,1,14,2,0.06,0,1,0.81,0,0,0
pay_Zom9242417,2059,upi,none,0,13,0,0.063,0,2,1.65,0,0,0
pay_Zom7099881,252,upi,none,1,15,1,0.102,0,3,3.17,1,1,1
pay_Zom6608323,252,card,mastercard,1,3,0,0.023,1,1,4.0,0,0,0
pay_Zom6106258,2059,card,rupay,1,91,7,0.01,1,1,0.08,0,0,0
pay_Zom2871139,252,upi,none,0,133,23,0.19,1,1,13.91,0,0,0
pay_Zom2625497,252,upi,none,0,16,1,0.139,0,1,0.15,0,0,0
pay_Zom1229203,2059,upi,none,1,113,15,0.061,0,1,13.72,0,0,0
pay_Zom3186206,252,upi,none,0,109,19,0.188,0,2,1.1,0,1,1
pay_Zom6556810,252,netbanking,none,0,19,0,0.017,0,1,7.8,0,0,0
pay_Zom7049339,252,upi,none,1,62,1,0.57,1,1,7.43,0,1,1
pay_Zom7063033,252,upi,none,1,168,11,0.09,0,1,2.32,0,1,1
pay_Zom9872833,2059,card,rupay,0,2,0,0.12,1,1,4.87,0,0,0
pay_Zom7234284,252,upi,none,1,19,0,0.02,0,6,3.82,0,0,0
pay_Zom4997208,2059,card,visa,0,657,117,0.004,0,1,6.04,0,0,0
pay_Zom5629621,252,card,visa,0,158,27,0.037,0,1,2.84,0,0,0
pay_Zom4523774,252,card,mastercard,0,74,9,0.018,0,1,1.44,0,0,0
pay_Zom7443279,252,upi,none,1,119,16,0.096,0,1,1.89,0,0,0
pay_Zom2463496,2059,upi,none,0,224,9,0.001,0,1,0.53,0,0,0
pay_Zom2784517,3360,upi,none,0,221,25,0.069,0,1,1.18,0,0,0
pay_Zom3189181,252,upi,none,0,47,2,0.103,0,1,11.98,0,0,0
pay_Zom3019210,252,card,mastercard,1,81,6,0.069,0,1,1.96,0,0,0
pay_Zom1688519,252,upi,none,0,121,9,0.051,0,2,4.38,0,0,0
pay_Zom4194945,2059,card,rupay,0,8,0,0.098,0,1,1.3,0,0,0
pay_Zom4236786,252,upi,none,0,349,11,0.055,0,1,4.45,0,0,0
pay_Zom8478776,2059,card,visa,0,68,2,0.028,0,1,2.27,0,0,0
pay_Zom2654861,252,upi,none,0,55,6,0.066,0,1,5.44,0,0,0
pay_Zom2256271,252,upi,none,1,285,34,0.256,0,1,1.78,0,1,1
pay_Zom6752873,252,upi,none,0,15,1,0.036,0,1,11.68,0,0,0
pay_Zom6057934,252,card,visa,1,4,0,0.011,1,1,0.71,0,0,0
pay_Zom8955730,2059,upi,none,0,138,22,0.101,0,1,2.46,0,0,0
pay_Zom4388982,2059,upi,none,0,58,1,0.077,0,1,0.63,0,0,0
pay_Zom9951610,252,upi,none,0,173,23,0.033,0,1,1.07,0,0,0
pay_Zom3578194,252,upi,none,0,8,0,0.279,0,1,2.56,0,1,1
pay_Zom1735028,252,card,amex,1,58,7,0.135,0,1,0.67,0,0,0
pay_Zom3144664,2059,card,amex,1,32,4,0.008,0,6,0.4,0,0,0
pay_Zom4216305,252,upi,none,0,161,23,0.003,0,1,6.58,0,0,0
pay_Zom8016442,252,upi,none,0,30,2,0.083,0,1,1.59,0,0,0
pay_Zom5236674,252,upi,none,0,73,1,0.044,0,1,4.35,0,0,0
pay_Zom6827390,252,netbanking,none,0,205,30,0.076,0,3,2.29,1,0,1
pay_Zom7140662,252,upi,none,1,296,26,0.075,0,1,4.8,0,1,1
pay_Zom8524283,252,card,rupay,1,153,23,0.175,0,1,1.06,0,0,0
pay_Zom2970130,252,card,rupay,0,67,9,0.224,0,1,0.36,0,0,0
pay_Zom8316976,2059,card,rupay,0,101,10,0.296,0,1,2.59,0,0,0
pay_Zom2135960,252,netbanking,none,0,140,25,0.16,0,3,3.53,0,0,0
pay_Zom9100385,252,upi,none,1,249,23,0.075,0,1,10.41,0,0,0
pay_Zom8029723,2059,netbanking,none,0,263,34,0.026,0,1,5.19,0,0,0
pay_Zom9787280,252,card,rupay,0,320,40,0.006,0,1,7.26,0,0,0
pay_Zom9453526,2059,upi,none,0,199,20,0.081,0,1,4.58,0,0,0
pay_Zom1366999,252,card,visa,0,19,2,0.062,0,1,18.41,0,0,0
pay_Zom3800706,252,card,rupay,0,165,24,0.196,0,3,4.72,0,0,0
pay_Zom5599450,252,card,rupay,1,202,22,0.14,0,1,3.71,0,0,0
pay_Zom3163157,252,upi,none,1,252,23,0.248,0,1,1.33,0,0,0
pay_Zom5859627,2059,upi,none,0,310,39,0.018,0,1,0.99,0,0,0
pay_Zom1762444,252,upi,none,0,85,2,0.356,1,1,1.15,0,1,1
pay_Zom2019943,252,card,visa,0,127,4,0.065,0,1,0.1,0,0,0
pay_Zom4190874,252,netbanking,none,1,1,0,0.136,0,1,0.93,0,1,1
pay_Zom7668839,252,card,amex,0,102,8,0.057,0,2,1.18,0,0,0
pay_Zom9305156,252,upi,none,1,76,12,0.121,0,1,0.31,0,0,0
pay_Zom9933361,252,card,rupay,1,393,48,0.153,0,1,0.04,0,1,1
pay_Zom9614893,252,upi,none,0,278,48,0.245,1,1,2.45,0,0,0
pay_Zom2258048,2059,upi,none,0,191,5,0.289,0,2,0.7,0,1,1
pay_Zom3776934,252,card,amex,1,7,0,0.084,0,1,0.93,0,0,0
pay_Zom8344141,2059,upi,none,0,61,4,0.173,0,1,13.85,0,0,0
pay_Zom9544273,2059,upi,none,0,142,3,0.05,0,1,0.56,0,0,0
pay_Zom7444974,252,card,visa,0,3,0,0.341,0,1,0.18,0,1,1
pay_Zom7547256,2059,upi,none,0,32,1,0.067,0,1,6.1,0,0,0
pay_Zom7725129,2059,card,amex,1,262,14,0.069,0,1,1.1,0,0,0
pay_Zom5554916,252,upi,none,0,16,1,0.187,0,1,2.46,0,0,0
pay_Zom4471618,3360,upi,none,0,6,0,0.079,0,2,6.28,0,0,0
pay_Zom4088120,252,upi,none,1,104,12,0.257,0,1,2.47,0,1,1
pay_Zom1060407,252,card,visa,0,351,21,0.059,0,1,7.82,0,0,0
pay_Zom3684405,2059,upi,none,1,215,10,0.019,0,1,3.81,0,0,0
pay_Zom4654207,252,card,rupay,0,441,16,0.036,1,1,3.35,0,0,0
pay_Zom1148668,252,upi,none,0,168,7,0.022,0,2,4.95,0,0,0
pay_Zom9603283,252,card,amex,0,69,10,0.368,0,1,0.86,0,0,0
pay_Zom8641031,2059,upi,none,1,351,58,0.021,0,1,0.66,0,1,1
pay_Zom9452659,2059,upi,none,1,66,11,0.062,0,1,6.42,0,0,0
pay_Zom9809266,252,upi,none,0,51,7,0.14,0,1,8.06,0,0,0
pay_Zom5342524,3360,upi,none,1,71,11,0.088,0,1,0.61,0,1,1
pay_Zom6090377,252,upi,none,1,201,30,0.145,0,1,2.65,0,0,0
pay_Zom4696630,252,upi,none,0,299,51,0.12,0,1,0.65,0,0,0
pay_Zom5972157,2059,netbanking,none,0,53,8,0.357,0,2,0.11,0,1,1
pay_Zom5504928,2059,upi,none,0,74,6,0.06,0,1,2.43,0,0,0
pay_Zom2998223,252,upi,none,0,274,19,0.001,0,1,3.22,0,0,0
pay_Zom3870734,252,card,rupay,0,5,0,0.016,1,1,2.22,0,0,0
pay_Zom4756912,2059,upi,none,0,183,21,0.047,1,1,5.32,0,0,0
pay_Zom1765250,3360,upi,none,0,72,8,0.172,0,1,0.92,0,0,0
pay_Zom9951748,2059,upi,none,0,56,7,0.01,0,1,8.86,0,0,0
pay_Zom4996614,252,upi,none,0,71,9,0.026,0,1,2.9,0,0,0
pay_Zom5896318,3360,upi,none,0,65,2,0.02,0,1,2.66,0,0,0
pay_Zom1655832,2059,upi,none,0,169,11,0.138,0,1,2.11,0,0,0
pay_Zom3485367,252,card,mastercard,0,315,51,0.092,0,2,0.85,0,0,0
pay_Zom5659980,2059,upi,none,1,81,9,0.103,0,1,1.17,0,0,0
pay_Zom3230889,2059,upi,none,0,214,15,0.04,0,1,2.82,0,0,0
pay_Zom5537143,3360,upi,none,0,157,24,0.018,0,1,4.74,0,0,0
pay_Zom1864361,2059,upi,none,0,48,2,0.243,0,1,0.53,0,0,0
pay_Zom5177662,2059,upi,none,0,106,9,0.085,0,1,2.59,0,0,0
pay_Zom4522752,2059,card,mastercard,1,131,8,0.13,0,1,0.11,0,0,0
pay_Zom9969014,252,netbanking,none,0,2,0,0.118,0,1,0.71,0,0,0
pay_Zom2949258,2059,card,amex,0,60,8,0.279,1,1,5.7,0,1,1
pay_Zom1023487,2059,upi,none,0,589,55,0.113,1,2,1.13,0,1,1
pay_Zom6829443,3360,netbanking,none,0,121,20,0.133,1,3,1.16,1,1,1
pay_Zom7192640,252,upi,none,0,48,8,0.088,0,1,2.65,0,0,0
pay_Zom6445244,252,upi,none,0,34,4,0.18,0,2,1.62,0,0,0
pay_Zom2396638,252,upi,none,0,28,4,0.175,0,1,6.44,0,0,0
pay_Zom5429825,2059,card,visa,1,61,8,0.139,0,1,2.12,0,0,0
pay_Zom3241630,2059,upi,none,0,25,3,0.165,0,1,6.78,0,0,0
pay_Zom7850856,252,upi,none,0,17,1,0.658,0,1,0.03,0,1,1
pay_Zom5947522,252,card,amex,0,54,3,0.005,0,1,5.78,0,0,0
pay_Zom6446473,252,upi,none,1,112,3,0.132,0,1,0.1,0,0,0
pay_Zom1960720,252,card,visa,0,18,2,0.056,0,1,7.13,0,0,0
pay_Zom1174620,2059,upi,none,0,5,0,0.045,1,3,10.6,0,1,1
pay_Zom6964017,252,upi,none,0,4,0,0.206,0,1,7.61,0,0,0
pay_Zom4678901,252,upi,none,0,37,2,0.099,2,1,7.75,0,0,0
pay_Zom5692416,252,upi,none,0,25,2,0.003,0,1,2.82,0,0,0
pay_Zom3965125,252,upi,none,1,92,6,0.046,1,1,10.27,0,0,0
pay_Zom5294752,2059,card,mastercard,0,72,10,0.082,0,1,0.45,0,0,0
pay_Zom1262370,252,netbanking,none,1,47,8,0.002,0,1,0.42,0,0,0
pay_Zom2785812,2059,netbanking,none,0,215,36,0.042,0,2,1.13,0,0,0
pay_Zom7408577,252,upi,none,1,84,10,0.216,1,3,2.77,0,0,0
pay_Zom5317535,252,upi,none,0,11,1,0.037,0,2,0.64,0,1,1
pay_Zom4458774,252,upi,none,0,42,3,0.017,1,6,7.38,0,0,0
pay_Zom8418631,2059,card,visa,1,434,44,0.173,0,1,1.06,0,0,0
pay_Zom4701708,252,netbanking,none,0,452,27,0.163,0,1,8.62,1,0,1
pay_Zom6440230,3360,card,mastercard,1,35,5,0.174,0,2,1.18,0,1,1
pay_Zom5509606,2059,upi,none,0,21,1,0.326,1,1,0.52,0,0,0
pay_Zom4421186,252,upi,none,1,82,9,0.297,0,2,4.75,0,1,1
pay_Zom7634775,2059,card,amex,0,78,11,0.035,0,2,0.18,0,0,0
pay_Zom3611230,3360,upi,none,1,63,7,0.086,1,1,5.28,0,0,0
pay_Zom8483576,252,upi,none,0,90,2,0.009,0,2,9.54,0,0,0
pay_Zom4887669,252,card,rupay,0,31,3,0.197,0,1,0.92,0,0,0
pay_Zom8279693,2059,upi,none,1,14,1,0.181,0,1,5.88,0,0,0
pay_Zom7184753,252,upi,none,1,101,5,0.024,0,1,8.76,0,1,1
pay_Zom3488634,3360,upi,none,0,323,44,0.08,0,1,1.37,1,0,1
pay_Zom9036402,252,upi,none,0,17,2,0.033,0,1,5.28,0,0,0
pay_Zom2571875,252,upi,none,0,146,25,0.146,0,3,0.37,0,1,1
pay_Zom9320847,3360,upi,none,0,69,5,0.077,0,1,7.03,0,0,0
pay_Zom4045291,2059,card,rupay,0,41,0,0.18,0,1,2.19,0,0,0
pay_Zom8707287,252,upi,none,1,230,20,0.077,0,2,1.0,0,0,0
pay_Zom4104255,3360,upi,none,0,73,9,0.102,0,1,2.62,0,0,0
pay_Zom3954644,252,upi,none,0,105,17,0.153,0,1,1.04,0,1,1
pay_Zom4168543,252,upi,none,1,70,11,0.177,0,1,5.59,0,0,0
pay_Zom9229532,3360,card,rupay,0,10,1,0.176,0,1,1.36,0,0,0
pay_Zom4026721,252,card,visa,0,108,13,0.085,0,2,0.27,0,0,0
pay_Zom5731917,252,upi,none,1,65,8,0.281,0,1,0.12,0,1,1
pay_Zom1353115,252,upi,none,1,10,0,0.136,0,2,1.05,0,1,1
pay_Zom6203625,2059,card,rupay,1,108,8,0.224,1,1,2.66,0,0,0
pay_Zom3733321,252,upi,none,1,1,0,0.081,0,1,3.53,1,0,1
pay_Zom3981886,252,upi,none,0,28,3,0.259,0,1,2.47,0,0,0
pay_Zom7613533,2059,upi,none,0,182,17,0.183,0,1,4.2,0,0,0
pay_Zom4151566,252,upi,none,1,4,0,0.16,0,1,4.0,0,0,0
pay_Zom2165246,2059,upi,none,0,124,7,0.231,1,1,2.99,0,0,0
pay_Zom3407905,2059,upi,none,0,358,38,0.13,0,2,4.01,0,0,0
pay_Zom2208776,252,upi,none,1,22,3,0.056,0,1,6.93,0,0,0
pay_Zom8153721,252,netbanking,none,1,64,2,0.059,0,1,0.14,0,0,0
pay_Zom5114676,252,upi,none,0,102,4,0.174,0,1,6.26,0,0,0
pay_Zom8634038,2059,upi,none,1,71,8,0.147,0,1,1.54,0,0,0
pay_Zom7752901,2059,upi,none,1,116,7,0.058,0,1,1.28,0,0,0
pay_Zom2681644,252,upi,none,1,62,2,0.105,0,1,6.96,0,0,0
pay_Zom9837877,252,upi,none,1,19,0,0.014,0,1,3.27,0,0,0
pay_Zom3303365,252,upi,none,0,11,1,0.054,0,1,0.21,0,0,0
pay_Zom1197778,252,netbanking,none,1,163,18,0.045,0,1,0.74,0,0,0
pay_Zom2673190,252,card,visa,0,32,5,0.033,0,1,9.59,0,0,0
pay_Zom7339692,2059,upi,none,1,225,23,0.43,0,1,1.86,0,1,1
pay_Zom7442292,252,card,rupay,1,163,21,0.22,0,1,1.12,0,0,0
pay_Zom1347555,2059,upi,none,0,6,0,0.214,0,1,0.77,0,0,0
pay_Zom2846089,252,upi,none,0,26,3,0.062,0,1,2.85,0,0,0
pay_Zom1227365,252,netbanking,none,0,41,5,0.063,0,1,12.06,0,0,0
pay_Zom1733836,252,netbanking,none,1,108,5,0.154,1,1,0.5,0,1,1
pay_Zom3217596,2059,upi,none,1,199,25,0.143,2,1,0.96,0,0,0
pay_Zom5166503,252,upi,none,0,7,0,0.025,0,1,2.39,0,1,1
pay_Zom2402500,252,upi,none,0,34,3,0.115,0,1,0.85,0,0,0
pay_Zom5490530,252,upi,none,1,56,7,0.258,0,3,26.32,1,1,1
pay_Zom3393028,2059,card,visa,0,24,3,0.032,0,1,1.84,1,0,1
pay_Zom1226440,252,upi,none,0,94,15,0.235,0,1,2.03,0,0,0
pay_Zom1157641,252,upi,none,0,78,13,0.013,0,2,0.87,0,1,1
pay_Zom2784071,2059,upi,none,1,45,6,0.104,0,1,5.56,0,0,0
pay_Zom6677240,2059,upi,none,1,87,13,0.09,0,2,2.19,0,0,0
pay_Zom2425479,252,card,visa,0,52,1,0.093,0,1,3.66,0,0,0
pay_Zom4394393,2059,card,mastercard,0,50,3,0.075,0,1,0.67,0,0,0
pay_Zom3335893,252,upi,none,0,37,0,0.302,1,1,0.48,0,0,0
pay_Zom9060201,2059,upi,none,1,93,5,0.025,1,1,2.88,0,0,0
pay_Zom8454556,2059,upi,none,0,70,5,0.033,1,1,0.69,0,0,0
pay_Zom3737109,252,upi,none,0,26,4,0.234,0,1,2.53,0,0,0
pay_Zom6157064,2059,upi,none,0,1,0,0.009,0,2,24.99,0,0,0
pay_Zom6565947,252,upi,none,1,19,2,0.27,0,1,2.04,0,1,1
pay_Zom9034749,252,upi,none,0,5,0,0.073,0,1,0.09,0,0,0
pay_Zom3592303,2059,upi,none,0,67,7,0.114,0,1,3.52,0,0,0
pay_Zom5090433,3360,card,mastercard,1,30,4,0.028,2,1,1.05,0,0,0
pay_Zom1937435,252,upi,none,1,65,4,0.03,1,1,9.89,0,0,0
pay_Zom5487177,252,card,amex,0,47,7,0.123,0,1,0.93,0,0,0
pay_Zom3064864,252,upi,none,0,92,4,0.286,2,1,9.44,0,1,1
pay_Zom1355809,3360,card,mastercard,0,154,25,0.116,0,1,0.06,0,0,0
pay_Zom1747019,2059,upi,none,0,78,1,0.0,0,1,13.42,0,0,0
pay_Zom2724954,2059,card,visa,0,7,0,0.096,0,1,1.12,0,1,1
pay_Zom5978445,252,upi,none,0,2,0,0.027,1,1,5.33,0,0,0
pay_Zom2720773,2059,netbanking,none,0,28,3,0.123,0,1,2.2,0,0,0
pay_Zom9582257,2059,card,mastercard,1,66,7,0.059,0,1,1.62,0,0,0
pay_Zom7967320,2059,upi,none,0,5,0,0.123,1,1,11.1,0,0,0
pay_Zom3379596,252,upi,none,0,47,3,0.023,0,1,9.96,0,0,0
pay_Zom1020307,252,card,mastercard,0,261,7,0.002,0,1,3.24,0,0,0
pay_Zom4763343,252,netbanking,none,0,11,0,0.075,0,1,9.8,0,1,1
pay_Zom1402667,2059,card,mastercard,0,355,17,0.045,0,1,5.44,0,0,0
pay_Zom4802977,252,card,visa,1,233,39,0.067,0,1,1.58,0,0,0
pay_Zom8166143,2059,card,visa,0,213,33,0.107,0,1,7.92,0,0,0
pay_Zom7465654,252,upi,none,1,239,16,0.044,0,1,1.56,0,1,1
pay_Zom3472567,2059,upi,none,0,10,1,0.057,0,2,10.23,0,1,1
pay_Zom6927556,252,upi,none,0,19,1,0.185,0,1,2.54,0,0,0
pay_Zom5812480,252,upi,none,0,17,0,0.018,0,1,4.7,0,0,0
pay_Zom4789711,252,upi,none,0,14,1,0.019,1,1,3.55,0,0,0
pay_Zom7454929,252,upi,none,1,47,3,0.02,0,1,4.63,0,0,0
pay_Zom2885904,252,upi,none,1,212,6,0.136,0,1,0.7,0,0,0
pay_Zom9251380,2059,upi,none,0,34,4,0.006,0,1,7.7,0,0,0
pay_Zom3844728,252,upi,none,0,33,5,0.13,0,2,6.05,0,0,0
pay_Zom2847769,252,upi,none,0,135,14,0.115,0,1,3.49,0,0,0
pay_Zom4766861,252,upi,none,1,12,0,0.171,0,1,0.83,0,1,1
pay_Zom2706851,252,upi,none,0,53,4,0.206,0,6,2.98,0,0,0
pay_Zom5728058,252,card,amex,0,42,5,0.048,0,1,2.0,0,0,0
pay_Zom6994631,252,upi,none,0,225,29,0.193,0,1,0.06,0,0,0
pay_Zom2279932,252,card,mastercard,0,86,13,0.045,0,1,8.98,0,0,0
pay_Zom6598972,252,upi,none,0,124,20,0.298,0,1,5.13,0,1,1
pay_Zom2985599,2059,upi,none,0,16,2,0.395,1,1,7.98,0,1,1
pay_Zom7048077,252,upi,none,0,317,39,0.152,0,1,3.23,0,0,0
pay_Zom2422780,252,upi,none,0,46,4,0.062,0,1,1.41,0,0,0
pay_Zom1727239,252,upi,none,0,147,18,0.07,0,1,2.03,0,0,0
pay_Zom3535087,2059,upi,none,0,371,46,0.08,0,1,6.19,0,0,0
pay_Zom3987481,2059,card,mastercard,0,85,4,0.212,0,1,0.78,0,0,0
pay_Zom8191191,2059,netbanking,none,0,84,8,0.151,0,1,0.57,0,0,0
pay_Zom9899988,252,netbanking,none,0,14,0,0.191,1,1,0.37,0,1,1
pay_Zom6617751,2059,netbanking,none,0,59,9,0.129,0,1,0.37,0,1,1
pay_Zom4042807,252,upi,none,0,229,16,0.109,0,1,2.33,0,0,0
pay_Zom8134419,252,upi,none,0,17,2,0.096,0,1,4.66,0,0,0
pay_Zom3520273,2059,upi,none,0,299,24,0.01,0,1,7.74,0,0,0
pay_Zom6059400,252,upi,none,0,132,18,0.102,0,1,2.94,0,0,0
pay_Zom5815154,3360,card,visa,0,65,3,0.3,0,1,2.4,0,1,1
pay_Zom6844941,252,card,amex,1,94,13,0.082,0,1,1.71,0,0,0
pay_Zom2743531,3360,card,amex,0,19,0,0.106,0,1,1.25,0,0,0
pay_Zom5548190,2059,card,visa,1,29,2,0.404,0,1,0.12,0,0,0
pay_Zom9376038,252,upi,none,1,40,1,0.008,0,1,4.59,0,0,0
pay_Zom7192680,252,upi,none,0,58,6,0.227,0,2,0.26,0,0,0
pay_Zom5452689,252,upi,none,1,296,44,0.093,1,2,4.97,0,1,1
pay_Zom2281267,3360,netbanking,none,0,54,7,0.047,0,1,4.38,0,1,1
pay_Zom1036553,252,netbanking,none,0,89,2,0.09,1,1,15.33,0,0,0
pay_Zom3493814,2059,upi,none,0,21,2,0.165,0,2,0.07,0,0,0
pay_Zom3459356,3360,upi,none,0,159,24,0.153,0,1,0.97,0,0,0
pay_Zom6373004,252,upi,none,0,98,12,0.136,0,1,0.3,0,0,0
pay_Zom3479340,252,upi,none,0,69,2,0.175,0,1,9.45,0,0,0
pay_Zom7553173,2059,card,mastercard,0,352,25,0.456,0,1,2.53,0,1,1
pay_Zom8494305,252,upi,none,0,265,28,0.086,0,1,10.91,0,0,0
pay_Zom9026757,252,upi,none,0,129,6,0.096,0,2,0.59,0,0,0
pay_Zom2129335,252,upi,none,0,305,39,0.101,0,2,1.4,0,0,0
pay_Zom2898577,252,netbanking,none,1,99,12,0.319,1,1,3.57,0,1,1
pay_Zom8171473,2059,upi,none,0,210,11,0.138,0,1,1.13,0,0,0
pay_Zom5672054,252,upi,none,0,63,6,0.01,0,1,8.92,0,0,0
pay_Zom3427123,3360,upi,none,0,10,1,0.039,0,1,2.02,0,0,0
pay_Zom2517449,252,upi,none,1,616,49,0.019,0,1,3.33,0,0,0
pay_Zom6419936,2059,upi,none,0,21,1,0.217,0,1,1.51,0,0,0
pay_Zom3139694,252,card,amex,1,34,4,0.026,0,1,0.82,0,0,0
pay_Zom4051311,252,card,amex,0,21,0,0.275,0,1,5.6,0,1,1
pay_Zom7459520,252,upi,none,0,49,7,0.183,0,1,5.51,0,0,0
pay_Zom6915793,2059,upi,none,1,40,6,0.013,0,1,5.91,0,0,0
pay_Zom6357229,2059,card,mastercard,1,110,19,0.014,0,1,1.4,0,0,0
pay_Zom9291408,252,card,amex,0,677,60,0.325,0,1,6.74,0,1,1
pay_Zom8110722,252,upi,none,0,6,0,0.018,0,2,1.34,0,1,1
pay_Zom9074681,252,upi,none,1,180,28,0.178,0,2,1.57,0,1,1
pay_Zom7944833,252,card,mastercard,0,16,0,0.194,0,1,1.25,0,0,0
pay_Zom6594616,2059,upi,none,0,2,0,0.004,1,1,1.97,0,0,0
pay_Zom3318968,2059,netbanking,none,0,122,9,0.017,0,1,0.09,0,0,0
pay_Zom5125653,252,card,amex,0,247,39,0.124,0,1,1.01,0,0,0
pay_Zom7428781,3360,upi,none,1,23,2,0.103,0,1,1.03,0,0,0
pay_Zom8023943,252,card,amex,0,50,5,0.237,0,1,6.69,0,0,0
pay_Zom9339992,2059,upi,none,1,22,2,0.045,0,6,4.15,0,0,0
pay_Zom9955185,252,card,visa,0,284,31,0.203,1,1,1.07,0,0,0
pay_Zom9264480,252,upi,none,0,37,1,0.024,0,1,1.58,0,0,0
pay_Zom9933438,252,upi,none,0,70,7,0.181,0,1,11.51,0,0,0
pay_Zom9996153,252,card,amex,1,270,33,0.129,1,1,3.18,0,0,0
pay_Zom4860680,2059,card,mastercard,1,96,11,0.044,0,1,4.21,0,0,0
pay_Zom7452974,2059,card,amex,1,324,44,0.042,0,1,12.39,0,0,0
pay_Zom2402872,252,upi,none,0,313,32,0.002,0,1,3.77,0,0,0
pay_Zom8077313,2059,upi,none,1,74,12,0.058,0,1,1.79,0,0,0
pay_Zom9840685,252,upi,none,1,104,9,0.01,2,3,1.69,0,1,1
pay_Zom4679813,2059,netbanking,none,0,31,3,0.062,0,1,0.42,0,0,0
pay_Zom2463815,252,upi,none,0,559,80,0.249,0,1,0.37,0,0,0
pay_Zom4945884,252,upi,none,0,39,5,0.048,0,2,1.66,0,0,0
pay_Zom7068477,252,upi,none,0,183,22,0.122,1,1,1.9,0,0,0
pay_Zom1048085,252,upi,none,1,45,1,0.094,0,1,3.74,0,0,0
pay_Zom4410466,2059,card,visa,0,45,3,0.123,1,1,2.16,0,0,0
pay_Zom1287807,252,card,amex,0,13,0,0.226,0,1,4.54,0,0,0
pay_Zom7080036,252,netbanking,none,0,98,6,0.003,1,1,0.37,0,0,0
pay_Zom8951164,252,card,rupay,0,33,3,0.227,0,1,1.33,0,0,0
pay_Zom3241313,2059,upi,none,1,19,2,0.077,1,1,8.19,0,0,0
pay_Zom2848116,2059,upi,none,0,30,3,0.038,0,1,0.16,0,0,0
pay_Zom1999542,252,card,mastercard,0,34,0,0.015,1,1,3.75,0,0,0
pay_Zom6861079,252,netbanking,none,1,84,5,0.063,0,3,2.83,0,1,1
pay_Zom7054201,2059,upi,none,1,58,6,0.233,0,1,0.22,0,0,0
pay_Zom3337892,252,upi,none,0,9,1,0.006,0,1,0.49,0,0,0
pay_Zom5944200,252,upi,none,0,92,14,0.27,0,1,1.18,0,1,1
pay_Zom8724035,252,upi,none,0,185,32,0.062,0,1,0.38,0,0,0
pay_Zom3418271,252,upi,none,1,102,16,0.135,1,1,1.62,0,0,0
pay_Zom8064499,252,card,rupay,1,440,41,0.068,0,1,3.88,0,0,0
pay_Zom5068431,2059,card,visa,0,12,1,0.054,1,2,4.63,0,0,0
pay_Zom4535586,252,upi,none,0,206,12,0.068,0,1,1.6,0,0,0
pay_Zom4767947,2059,upi,none,0,84,2,0.041,0,1,7.49,0,0,0
pay_Zom1937270,252,netbanking,none,0,88,2,0.018,0,1,7.26,0,0,0
pay_Zom3311922,2059,upi,none,0,87,5,0.0,0,1,0.54,0,0,0
pay_Zom2966890,252,upi,none,0,47,1,0.025,0,1,3.92,0,0,0
pay_Zom3400426,252,upi,none,0,47,7,0.172,0,1,1.09,0,0,0
pay_Zom7332741,252,upi,none,1,119,11,0.066,0,1,3.15,0,0,0
pay_Zom1442027,252,upi,none,0,5,0,0.081,0,1,1.65,0,0,0
pay_Zom8125430,252,upi,none,1,106,18,0.174,0,1,2.94,0,0,0
pay_Zom7235826,2059,netbanking,none,0,154,27,0.11,0,1,3.46,0,0,0
pay_Zom1907367,252,card,rupay,1,52,8,0.016,0,1,0.57,0,0,0
pay_Zom2778549,3360,upi,none,0,29,3,0.026,0,1,2.45,0,0,0
pay_Zom2237660,3360,upi,none,0,28,2,0.037,0,1,0.63,0,0,0
pay_Zom8999822,252,netbanking,none,0,10,1,0.085,0,1,0.7,0,0,0
pay_Zom3653705,3360,card,amex,0,11,1,0.033,1,1,4.78,0,0,0
pay_Zom1506432,252,upi,none,1,21,3,0.291,0,1,8.58,0,1,1
pay_Zom3464349,252,upi,none,0,2,0,0.102,0,1,2.04,0,0,0
pay_Zom7127781,252,card,mastercard,0,37,5,0.092,0,2,4.94,0,0,0
pay_Zom3370243,252,upi,none,0,43,4,0.006,0,1,3.0,0,0,0
pay_Zom2325287,252,upi,none,1,641,112,0.078,0,1,7.33,0,0,0
pay_Zom5111186,3360,upi,none,0,574,99,0.017,1,1,9.34,0,0,0
pay_Zom2292941,252,upi,none,0,24,2,0.098,0,1,6.33,0,0,0
pay_Zom1209341,252,upi,none,1,28,3,0.13,0,1,8.99,0,0,0
pay_Zom7987624,2059,upi,none,0,81,12,0.191,0,1,1.01,0,0,0
pay_Zom3511838,252,upi,none,0,19,1,0.086,0,1,1.19,0,0,0
pay_Zom4060575,252,upi,none,0,84,12,0.084,0,1,3.09,0,0,0
pay_Zom8881344,2059,upi,none,0,61,2,0.068,0,1,5.64,0,0,0
pay_Zom3350695,252,upi,none,0,47,4,0.071,1,1,0.31,0,0,0
pay_Zom9849143,252,netbanking,none,0,207,20,0.039,0,1,1.35,0,0,0
pay_Zom6024905,252,upi,none,1,211,27,0.063,1,1,1.38,0,0,0
pay_Zom8888386,252,upi,none,1,529,20,0.051,1,1,7.11,0,0,0
pay_Zom7904201,3360,upi,none,1,30,1,0.096,0,1,4.78,0,1,1
pay_Zom6659575,2059,card,rupay,0,263,43,0.068,0,1,3.68,0,1,1
pay_Zom8448641,252,upi,none,0,92,6,0.024,0,1,0.72,0,0,0
pay_Zom1221617,252,upi,none,1,107,7,0.469,0,1,2.6,0,1,1
pay_Zom5811186,252,upi,none,0,271,39,0.046,0,2,0.03,0,0,0
pay_Zom2866744,3360,upi,none,1,342,29,0.125,0,1,0.81,0,0,0
pay_Zom3615355,252,card,amex,0,155,23,0.053,0,1,5.67,0,0,0
pay_Zom2006646,252,card,rupay,1,51,4,0.04,0,1,3.73,0,0,0
pay_Zom1538869,2059,netbanking,none,1,80,11,0.205,0,1,2.77,0,0,0
pay_Zom3912192,3360,upi,none,0,114,11,0.021,0,1,6.49,0,0,0
pay_Zom9443896,252,upi,none,0,211,35,0.086,0,1,2.04,0,0,0
pay_Zom3690206,252,netbanking,none,0,128,9,0.094,0,2,1.15,0,0,0
pay_Zom1182327,252,upi,none,0,54,4,0.086,0,1,6.38,0,0,0
pay_Zom7650332,252,card,amex,0,64,11,0.096,0,1,1.26,0,0,0
pay_Zom8107177,2059,upi,none,0,6,0,0.003,0,1,6.78,0,0,0
pay_Zom8621830,2059,upi,none,0,309,44,0.051,0,1,3.81,0,0,0
pay_Zom5329433,2059,upi,none,0,11,0,0.185,0,1,3.49,0,0,0
pay_Zom9420022,252,upi,none,0,104,10,0.067,0,1,0.29,0,0,0
pay_Zom6134397,252,upi,none,0,246,17,0.018,1,1,2.27,0,0,0
pay_Zom4813710,252,upi,none,0,65,4,0.055,0,1,1.64,0,0,0
pay_Zom8108007,252,upi,none,1,193,20,0.366,0,1,9.17,0,1,1
pay_Zom3630678,2059,upi,none,1,195,34,0.048,0,1,0.04,0,0,0
pay_Zom5560510,252,upi,none,0,7,0,0.083,0,1,3.23,0,0,0
pay_Zom2542438,252,upi,none,0,63,3,0.025,1,2,1.86,0,0,0
pay_Zom9749335,252,upi,none,1,140,8,0.141,0,1,5.72,0,0,0
pay_Zom7334410,252,upi,none,0,65,9,0.009,0,1,6.29,0,0,0
pay_Zom3099389,252,upi,none,0,94,9,0.059,0,1,2.18,0,0,0
pay_Zom4554492,2059,upi,none,0,108,8,0.007,0,1,0.61,0,0,0
pay_Zom7717637,252,card,amex,0,19,2,0.163,0,1,0.8,0,0,0
pay_Zom1939470,2059,upi,none,0,63,4,0.117,0,1,4.51,0,0,0
pay_Zom4672640,252,card,rupay,1,3,0,0.088,1,1,6.06,0,1,1
pay_Zom7581550,252,card,visa,0,19,0,0.022,1,1,1.6,0,0,0
pay_Zom4081870,3360,card,mastercard,1,86,3,0.065,0,1,1.6,0,0,0
pay_Zom2295356,252,upi,none,0,102,4,0.308,0,1,0.64,0,1,1
pay_Zom8859053,2059,upi,none,1,18,1,0.074,0,1,3.75,0,0,0
pay_Zom9009715,252,card,visa,0,169,17,0.185,0,2,0.45,0,0,0
pay_Zom6254450,252,netbanking,none,0,56,1,0.051,0,1,4.25,0,0,0
pay_Zom7796448,2059,netbanking,none,1,304,15,0.169,0,1,3.19,0,0,0
pay_Zom7383228,2059,upi,none,1,58,2,0.039,0,2,5.82,0,0,0
pay_Zom3765293,2059,upi,none,0,19,1,0.075,0,1,3.19,0,0,0
pay_Zom1917238,252,card,rupay,1,170,7,0.229,0,1,0.81,0,0,0
pay_Zom7232368,252,card,amex,0,100,5,0.212,0,1,3.02,0,0,0
pay_Zom8117262,2059,upi,none,1,58,10,0.033,0,1,8.23,0,0,0
pay_Zom4267037,2059,upi,none,1,52,5,0.044,0,1,5.5,0,0,0
pay_Zom5528498,252,upi,none,0,19,2,0.037,0,1,0.66,0,0,0
pay_Zom2818665,252,upi,none,0,50,7,0.039,1,1,0.34,0,0,0
pay_Zom2751542,2059,card,rupay,0,3,0,0.053,0,1,11.18,0,0,0
pay_Zom2305411,252,netbanking,none,1,83,11,0.134,0,1,4.8,0,1,1
pay_Zom7085123,252,card,amex,0,272,32,0.078,1,1,6.15,0,0,0
pay_Zom6628280,2059,upi,none,0,190,23,0.103,0,1,8.07,0,0,0
pay_Zom1470581,252,card,amex,0,3,0,0.241,0,1,2.2,0,0,0
pay_Zom5018645,252,upi,none,1,255,12,0.206,0,1,7.25,0,0,0
pay_Zom5734646,2059,card,visa,0,72,4,0.019,0,1,0.49,0,0,0
pay_Zom3730666,252,card,visa,1,25,0,0.126,0,2,1.45,0,1,1
pay_Zom2786178,2059,upi,none,1,167,25,0.103,0,1,1.46,0,0,0
pay_Zom2095873,252,upi,none,0,46,4,0.367,1,1,0.13,0,1,1
pay_Zom4555258,252,upi,none,0,35,5,0.072,1,1,0.73,0,0,0
pay_Zom1184163,252,upi,none,1,21,1,0.087,0,1,4.57,0,0,0
pay_Zom6186174,3360,card,rupay,0,80,7,0.138,0,1,2.17,0,0,0
pay_Zom4149818,252,upi,none,1,11,1,0.095,0,1,3.18,0,1,1
pay_Zom4384399,252,upi,none,1,184,21,0.117,0,1,3.34,0,0,0
pay_Zom1543024,252,upi,none,0,76,10,0.004,1,2,0.83,0,0,0
pay_Zom5032154,252,card,mastercard,0,71,5,0.025,0,2,9.14,0,0,0
pay_Zom5515889,252,upi,none,0,0,0,0.04,0,1,0.53,0,0,0
pay_Zom2426723,252,upi,none,0,204,10,0.127,0,1,0.01,0,0,0
pay_Zom1752869,252,card,visa,0,81,8,0.007,1,1,1.07,0,0,0
pay_Zom9116934,252,upi,none,0,69,7,0.314,0,1,2.47,0,1,1
pay_Zom1766393,2059,upi,none,0,171,27,0.299,0,3,0.64,0,1,1
pay_Zom1806126,2059,card,amex,0,7,1,0.041,0,1,5.2,0,0,0
pay_Zom6277781,252,upi,none,0,54,5,0.106,0,1,0.82,0,0,0
pay_Zom2563819,252,card,rupay,1,102,2,0.019,1,1,10.81,0,0,0
pay_Zom6177530,2059,upi,none,0,74,11,0.013,1,1,4.33,0,0,0
pay_Zom1142249,2059,upi,none,0,24,0,0.273,0,1,6.77,0,0,0
pay_Zom6983579,252,upi,none,1,42,4,0.047,0,1,2.78,0,0,0
pay_Zom5737922,3360,card,rupay,0,42,0,0.099,0,1,2.82,1,0,1
pay_Zom7679620,252,upi,none,1,578,44,0.077,0,1,12.88,0,0,0
pay_Zom9392233,252,upi,none,0,47,5,0.02,1,1,0.44,0,0,0
pay_Zom4269606,252,upi,none,1,27,2,0.229,1,1,3.04,0,0,0
pay_Zom6275972,3360,upi,none,0,207,34,0.07,1,1,0.25,0,0,0
pay_Zom7553873,252,card,mastercard,1,65,7,0.083,0,1,16.19,0,0,0
pay_Zom6969959,2059,netbanking,none,1,70,8,0.123,0,1,3.49,0,1,1
pay_Zom3172932,252,card,rupay,0,95,7,0.09,2,1,0.3,0,0,0
pay_Zom2633762,252,upi,none,0,108,2,0.026,0,1,1.18,0,0,0
pay_Zom6558596,252,upi,none,1,107,14,0.079,1,1,7.76,0,0,0
pay_Zom7833134,2059,card,visa,0,4,0,0.076,1,1,0.3,0,0,0
pay_Zom9448643,252,netbanking,none,1,205,21,0.457,0,1,1.12,0,1,1
pay_Zom2694547,252,upi,none,0,26,2,0.029,0,1,2.46,0,0,0
pay_Zom9425133,252,upi,none,1,41,4,0.077,0,2,14.17,0,1,1
pay_Zom3519714,2059,upi,none,0,22,3,0.112,1,1,0.82,0,0,0
pay_Zom1397373,252,upi,none,0,174,23,0.176,0,6,5.5,0,0,0
pay_Zom7410771,252,upi,none,0,105,13,0.294,2,1,1.47,0,1,1
pay_Zom9001944,252,netbanking,none,0,168,27,0.03,1,1,0.03,0,0,0
pay_Zom1627606,3360,upi,none,0,127,14,0.123,0,1,5.33,0,0,0
pay_Zom5867395,2059,upi,none,0,13,0,0.009,0,2,2.36,0,1,1
pay_Zom3704873,2059,upi,none,0,43,5,0.031,0,1,2.29,0,0,0
pay_Zom3542382,252,netbanking,none,1,84,9,0.001,0,1,3.92,0,0,0
pay_Zom8769633,252,upi,none,0,43,1,0.003,0,1,3.68,0,0,0
pay_Zom2321253,3360,upi,none,1,27,2,0.118,0,1,3.74,0,0,0
pay_Zom2565160,252,upi,none,0,244,30,0.016,0,1,1.38,0,0,0
pay_Zom4885101,252,upi,none,0,165,21,0.082,0,1,3.04,0,0,0
pay_Zom4617959,252,card,amex,0,50,8,0.125,0,1,7.35,0,0,0
pay_Zom3363282,3360,upi,none,0,173,26,0.063,2,1,7.83,0,0,0
pay_Zom3701920,252,upi,none,0,118,4,0.181,0,1,1.82,0,0,0
pay_Zom9415785,252,upi,none,0,0,0,0.088,0,2,0.93,0,1,1
pay_Zom9662089,2059,upi,none,0,57,6,0.076,1,1,0.27,0,0,0
pay_Zom9779300,252,upi,none,0,41,2,0.032,0,1,6.83,0,0,0
pay_Zom6727998,252,netbanking,none,0,29,1,0.064,0,1,0.63,0,0,0
pay_Zom8507472,3360,upi,none,0,34,1,0.012,0,1,1.33,0,0,0
pay_Zom3201130,3360,card,rupay,0,342,16,0.061,1,3,5.85,1,0,1
pay_Zom6687823,2059,upi,none,0,79,11,0.153,0,1,5.36,0,0,0
pay_Zom5879512,2059,netbanking,none,0,225,9,0.089,0,3,1.99,0,0,0
pay_Zom7045105,252,upi,none,0,28,1,0.039,0,2,4.14,0,0,0
pay_Zom8229326,3360,upi,none,0,22,1,0.353,0,6,0.95,1,1,1
pay_Zom1671305,252,upi,none,0,263,35,0.085,0,2,9.3,0,0,0
pay_Zom7503423,2059,upi,none,0,82,3,0.265,1,2,10.61,0,1,1
pay_Zom5011610,3360,upi,none,0,270,6,0.29,0,1,9.97,0,1,1
pay_Zom4503428,2059,netbanking,none,1,7,0,0.153,0,1,3.41,0,1,1
pay_Zom2258262,2059,card,rupay,0,297,20,0.281,1,2,0.26,0,1,1
pay_Zom3556871,2059,upi,none,0,64,5,0.01,0,3,3.33,0,1,1
pay_Zom9347047,252,upi,none,0,20,2,0.011,0,2,1.92,0,0,0
pay_Zom2634202,2059,upi,none,0,138,3,0.065,0,1,1.76,0,0,0
pay_Zom1250681,252,card,amex,1,191,4,0.041,1,2,0.1,0,0,0
pay_Zom3392808,252,upi,none,1,5,0,0.118,0,1,7.25,0,0,0
pay_Zom6193258,252,upi,none,0,522,84,0.211,0,1,6.82,0,0,0
pay_Zom2462431,252,netbanking,none,1,143,6,0.005,0,1,1.37,0,0,0
pay_Zom9370358,2059,upi,none,0,46,8,0.036,0,1,13.3,0,0,0
pay_Zom2578970,3360,card,rupay,0,19,2,0.032,0,1,0.51,0,0,0
pay_Zom8630409,252,upi,none,0,59,5,0.038,0,1,6.31,0,0,0
pay_Zom6263326,252,card,rupay,0,29,4,0.136,0,1,3.4,0,0,0
pay_Zom3847389,252,upi,none,1,81,8,0.081,0,1,2.33,0,0,0
pay_Zom5959482,3360,upi,none,1,182,20,0.02,0,1,11.59,0,0,0
pay_Zom3709058,252,netbanking,none,0,129,14,0.088,0,1,3.06,0,0,0
pay_Zom2143565,2059,upi,none,0,68,8,0.048,1,3,6.28,0,0,0
pay_Zom5699588,3360,upi,none,0,15,0,0.01,0,1,0.92,0,0,0
pay_Zom7095636,252,upi,none,1,378,44,0.201,0,1,0.11,0,1,1
pay_Zom6928539,3360,upi,none,0,37,4,0.252,0,1,0.83,0,1,1
pay_Zom2497018,3360,card,mastercard,0,39,2,0.072,0,1,15.58,0,0,0
pay_Zom2193429,3360,upi,none,0,124,21,0.188,1,1,2.88,0,0,0
pay_Zom4006246,252,card,visa,1,176,7,0.026,0,1,6.46,0,0,0
pay_Zom8729953,252,upi,none,1,497,82,0.031,0,1,4.04,0,0,0
pay_Zom5327583,2059,upi,none,0,417,53,0.132,0,1,0.59,0,0,0
pay_Zom8940001,252,card,rupay,0,294,37,0.025,0,1,0.42,0,0,0
pay_Zom5295408,2059,upi,none,1,68,10,0.088,0,1,2.33,0,1,1
pay_Zom8416290,252,card,visa,1,21,3,0.039,1,1,9.97,0,0,0
pay_Zom3356313,252,upi,none,0,105,7,0.039,0,1,0.5,0,0,0
pay_Zom3079808,252,upi,none,0,2,0,0.019,0,2,2.44,0,0,0
pay_Zom9191626,252,upi,none,1,26,0,0.196,0,1,4.99,0,0,0
pay_Zom1664254,252,upi,none,1,0,0,0.036,0,1,0.29,0,0,0
pay_Zom7098050,252,upi,none,1,23,3,0.068,0,1,1.83,0,0,0
pay_Zom5808770,252,upi,none,0,77,4,0.126,0,3,2.69,0,0,0
pay_Zom7726643,2059,card,mastercard,1,59,1,0.034,1,2,0.41,0,0,0
pay_Zom7862438,2059,upi,none,0,55,6,0.01,0,1,3.74,0,0,0
pay_Zom3163996,252,upi,none,1,213,16,0.169,0,1,4.7,0,0,0
pay_Zom8395861,252,upi,none,0,134,10,0.103,0,1,3.57,0,0,0
pay_Zom7152746,252,upi,none,0,330,37,0.015,0,1,0.27,0,0,0
pay_Zom9597975,252,upi,none,0,70,8,0.348,0,1,0.02,0,1,1
pay_Zom6262096,252,upi,none,1,38,3,0.039,0,1,5.61,0,0,0
pay_Zom7269362,252,upi,none,0,15,1,0.264,1,2,2.36,0,1,1
pay_Zom2400738,252,upi,none,0,133,23,0.416,1,6,2.91,0,1,1
pay_Zom7932248,2059,upi,none,1,221,38,0.009,0,1,8.31,0,0,0
pay_Zom9488305,252,card,visa,0,24,3,0.023,0,1,2.87,0,0,0
pay_Zom8551295,3360,card,mastercard,0,253,11,0.015,0,1,1.02,0,0,0
pay_Zom5409512,252,upi,none,1,89,6,0.192,1,1,2.08,0,1,1
pay_Zom1715977,3360,netbanking,none,0,18,2,0.025,0,1,2.32,0,0,0
pay_Zom1957285,252,upi,none,1,123,10,0.323,0,1,4.01,0,1,1
pay_Zom5107344,252,upi,none,0,88,15,0.129,0,1,1.52,0,0,0
pay_Zom1133260,252,card,visa,1,3,0,0.093,1,1,6.41,0,0,0
pay_Zom3593123,252,upi,none,1,61,9,0.025,0,2,2.69,0,0,0
pay_Zom2766607,252,netbanking,none,0,184,4,0.009,0,1,2.76,0,0,0
pay_Zom5876475,252,netbanking,none,1,97,8,0.084,0,1,4.99,0,0,0
pay_Zom7305241,2059,upi,none,0,39,5,0.031,1,1,0.3,0,0,0
pay_Zom3654252,252,netbanking,none,1,316,49,0.365,0,1,7.67,0,1,1
pay_Zom7698813,2059,netbanking,none,1,32,3,0.01,0,1,0.76,0,0,0
pay_Zom2224379,252,upi,none,0,34,1,0.012,0,1,1.42,0,0,0
pay_Zom4742179,3360,netbanking,none,0,52,8,0.171,0,1,0.34,0,0,0
pay_Zom7513301,252,upi,none,1,269,30,0.018,0,1,2.23,0,0,0
pay_Zom8755747,252,card,visa,0,85,3,0.047,0,1,1.44,0,0,0
pay_Zom2568722,252,upi,none,0,137,12,0.066,0,1,0.85,0,0,0
pay_Zom6854207,252,upi,none,0,448,59,0.179,0,1,0.68,0,0,0
pay_Zom8816129,252,upi,none,0,183,16,0.014,0,1,0.53,0,0,0
pay_Zom8859936,252,upi,none,1,22,3,0.183,0,3,0.23,0,1,1
pay_Zom9977752,2059,card,rupay,0,186,16,0.051,1,1,0.85,0,0,0
pay_Zom8798939,3360,upi,none,0,165,18,0.333,0,1,0.01,0,1,1
pay_Zom2830713,252,upi,none,1,31,1,0.437,0,2,0.3,0,1,1
pay_Zom2439863,3360,upi,none,0,47,4,0.083,0,1,11.91,0,1,1
pay_Zom4024485,3360,upi,none,0,148,8,0.019,0,1,1.8,0,0,0
pay_Zom2817783,2059,card,visa,1,32,1,0.029,0,1,8.77,0,0,0
pay_Zom7659629,252,upi,none,1,28,1,0.045,0,1,1.79,0,0,0
pay_Zom8266453,252,upi,none,1,145,3,0.093,1,1,5.28,0,0,0
pay_Zom4346568,252,upi,none,0,255,11,0.013,0,1,4.21,0,0,0
pay_Zom7736395,2059,upi,none,0,9,0,0.005,0,1,0.62,0,1,1
pay_Zom6515017,252,upi,none,0,70,2,0.045,0,1,2.21,0,0,0
pay_Zom2081652,252,netbanking,none,0,112,4,0.079,0,1,0.45,0,0,0
pay_Zom6323156,252,card,rupay,0,135,23,0.066,1,1,1.82,0,0,0
pay_Zom6744913,252,upi,none,0,668,59,0.081,0,2,1.16,0,0,0
pay_Zom9158676,2059,upi,none,0,137,11,0.089,0,1,3.36,0,0,0
pay_Zom4567426,252,upi,none,0,116,7,0.006,0,1,4.78,0,0,0
pay_Zom8989636,2059,card,rupay,0,549,55,0.091,0,1,8.58,0,0,0
pay_Zom2918079,2059,upi,none,0,7,0,0.06,0,3,0.17,0,0,0
pay_Zom5670358,252,card,visa,0,9,0,0.071,0,1,4.76,0,0,0
pay_Zom8626564,252,upi,none,0,98,8,0.02,0,1,0.48,0,0,0
pay_Zom1642271,2059,upi,none,0,53,6,0.013,0,1,7.1,0,0,0
pay_Zom3612902,252,card,rupay,1,12,2,0.22,0,1,3.67,0,0,0
pay_Zom8884747,252,upi,none,1,43,6,0.059,0,1,8.14,0,0,0
pay_Zom3441316,252,netbanking,none,1,134,5,0.237,0,1,0.49,0,0,0
pay_Zom4581434,252,upi,none,0,255,31,0.022,0,1,2.32,0,0,0
pay_Zom6371840,252,upi,none,0,11,0,0.048,1,1,2.38,0,0,0
pay_Zom1525516,252,upi,none,0,93,11,0.036,1,1,4.73,0,0,0
pay_Zom7380120,252,card,visa,1,42,3,0.118,0,2,12.26,0,0,0
pay_Zom2046902,252,card,amex,0,132,13,0.22,0,1,0.05,0,0,0
pay_Zom7064842,2059,upi,none,0,95,10,0.232,0,1,3.68,0,0,0
pay_Zom8216043,252,upi,none,0,313,43,0.301,0,1,0.15,0,1,1
pay_Zom8942495,2059,upi,none,0,4,0,0.161,0,1,1.92,0,0,0
pay_Zom4580607,252,upi,none,1,76,2,0.19,2,1,6.62,0,0,0
pay_Zom1907270,2059,upi,none,0,25,3,0.007,0,6,2.89,0,0,0
pay_Zom4548261,252,upi,none,0,92,14,0.098,0,1,6.63,0,0,0
pay_Zom1384915,2059,upi,none,0,230,7,0.029,0,2,3.6,0,0,0
pay_Zom8095426,252,upi,none,0,290,20,0.057,0,1,8.26,0,0,0
pay_Zom5527300,2059,upi,none,1,60,8,0.375,0,1,5.5,0,1,1
pay_Zom5229054,252,upi,none,0,200,19,0.106,0,1,4.51,0,0,0
pay_Zom3954562,252,upi,none,1,39,5,0.011,0,2,4.77,0,1,1
pay_Zom2402429,252,upi,none,0,0,0,0.117,0,1,2.92,0,0,0
pay_Zom3377967,2059,card,rupay,0,231,40,0.204,1,2,6.62,0,0,0
pay_Zom2161974,2059,upi,none,1,15,2,0.07,1,1,2.19,0,0,0
pay_Zom5595368,252,upi,none,1,2,0,0.164,1,1,0.24,0,1,1
pay_Zom7795921,2059,upi,none,0,52,4,0.01,0,1,4.84,0,0,0
pay_Zom2370851,2059,card,amex,0,57,5,0.178,0,1,4.69,0,0,0
pay_Zom6005260,3360,upi,none,0,9,0,0.034,0,1,0.51,0,0,0
pay_Zom8573586,2059,netbanking,none,0,201,17,0.038,0,1,1.01,0,0,0
pay_Zom8041764,2059,upi,none,0,62,8,0.149,0,1,0.98,0,0,0
pay_Zom9804312,252,upi,none,0,80,12,0.394,0,1,3.14,0,1,1
pay_Zom4592084,2059,upi,none,0,36,5,0.034,0,3,2.86,0,0,0
pay_Zom5352802,252,upi,none,1,85,1,0.033,0,2,0.44,0,0,0
pay_Zom4088321,3360,upi,none,0,174,25,0.015,0,1,2.02,0,0,0
pay_Zom1901645,252,upi,none,1,283,28,0.132,1,1,0.09,0,1,1
pay_Zom2550906,252,upi,none,1,422,22,0.022,0,3,0.6,0,0,0
pay_Zom8189612,252,upi,none,1,66,6,0.075,0,1,0.25,0,0,0
pay_Zom6738129,2059,upi,none,1,553,85,0.1,1,1,2.38,0,1,1
pay_Zom5981239,3360,upi,none,1,41,3,0.066,0,1,0.23,0,0,0
pay_Zom3760410,252,upi,none,1,0,0,0.059,0,1,10.58,0,0,0
pay_Zom4332044,2059,card,amex,0,175,20,0.296,0,1,3.44,0,1,1
pay_Zom6859883,2059,upi,none,0,23,2,0.011,0,1,5.17,0,0,0
pay_Zom8031349,2059,upi,none,1,6,0,0.169,0,1,1.86,0,1,1
pay_Zom9080330,252,upi,none,0,309,6,0.197,0,1,10.44,0,0,0
pay_Zom8977556,2059,upi,none,0,188,22,0.029,0,1,5.22,0,0,0
pay_Zom9984304,252,upi,none,1,12,1,0.039,0,2,1.31,0,1,1
pay_Zom3695916,2059,upi,none,0,180,18,0.088,0,1,0.45,0,1,1
pay_Zom8328019,252,upi,none,1,222,23,0.192,0,1,2.16,0,0,0
pay_Zom6950750,252,netbanking,none,0,282,43,0.116,0,3,2.8,0,0,0
pay_Zom7528651,2059,upi,none,0,94,6,0.384,1,1,2.65,0,0,0
pay_Zom1166623,252,upi,none,0,145,15,0.274,1,1,9.87,0,1,1
pay_Zom4331283,252,card,rupay,1,172,22,0.012,1,2,4.15,0,0,0
pay_Zom2305413,2059,upi,none,0,140,7,0.008,0,2,2.19,0,0,0
pay_Zom3426274,252,card,mastercard,1,124,20,0.14,0,1,4.36,0,0,0
pay_Zom6431331,252,upi,none,0,95,13,0.054,0,1,1.5,0,0,0
pay_Zom6310245,252,upi,none,0,78,2,0.39,2,1,5.62,0,1,1
pay_Zom1238014,252,card,mastercard,0,666,105,0.314,0,1,7.48,0,0,0
pay_Zom3525076,252,netbanking,none,0,49,8,0.03,0,1,10.29,0,0,0
pay_Zom8695022,252,upi,none,0,11,1,0.168,2,1,0.12,0,1,1
pay_Zom3474414,3360,upi,none,0,173,15,0.079,0,1,1.2,0,0,0
pay_Zom9379307,252,upi,none,0,28,5,0.048,1,1,0.63,0,0,0
pay_Zom6308442,252,upi,none,0,91,3,0.051,1,1,3.85,0,0,0
pay_Zom2906007,252,card,amex,1,12,1,0.152,0,2,1.03,0,1,1
pay_Zom7818036,252,upi,none,0,115,5,0.416,0,1,2.17,0,1,1
pay_Zom5409097,2059,upi,none,0,345,31,0.015,0,1,5.39,0,0,0
pay_Zom9735757,2059,upi,none,0,153,25,0.108,0,1,6.66,0,0,0
pay_Zom1061687,252,card,amex,1,28,4,0.099,0,2,3.25,0,1,1
pay_Zom8559125,252,upi,none,1,425,61,0.486,0,6,2.1,0,1,1
pay_Zom3109184,252,card,visa,1,44,3,0.063,0,6,0.23,0,0,0
pay_Zom8538483,2059,upi,none,0,68,11,0.01,1,1,4.68,0,0,0
pay_Zom2634873,252,upi,none,1,82,6,0.043,0,1,4.34,0,0,0
pay_Zom1612133,252,upi,none,1,561,14,0.164,0,1,0.94,0,0,0
pay_Zom4667881,252,upi,none,1,8,0,0.042,0,1,4.57,0,0,0
pay_Zom4148361,2059,upi,none,0,143,11,0.001,1,1,0.92,0,0,0
pay_Zom8049385,2059,card,amex,1,53,2,0.04,0,1,3.93,0,0,0
pay_Zom3786712,3360,upi,none,0,9,1,0.046,0,1,0.56,0,0,0
pay_Zom7334348,252,upi,none,0,328,40,0.016,0,1,8.52,0,0,0
pay_Zom4626181,252,upi,none,0,106,18,0.046,0,1,1.78,0,0,0
pay_Zom6839906,252,upi,none,0,168,19,0.049,0,1,3.23,0,0,0
pay_Zom4519240,2059,upi,none,0,32,0,0.001,1,1,0.81,0,0,0
pay_Zom4207115,3360,card,rupay,0,172,4,0.006,0,1,6.69,0,0,0
pay_Zom1241105,252,upi,none,1,211,34,0.084,0,1,12.07,0,0,0
pay_Zom7211871,252,upi,none,0,67,1,0.202,0,1,1.27,0,0,0
pay_Zom7103458,252,upi,none,0,101,11,0.098,0,2,0.8,0,0,0
pay_Zom1271644,252,upi,none,0,428,28,0.074,0,1,2.69,0,0,0
pay_Zom6065787,252,card,mastercard,1,225,29,0.366,0,1,11.09,0,1,1
pay_Zom6150025,252,upi,none,0,70,4,0.045,1,1,5.04,0,0,0
pay_Zom9423591,252,upi,none,0,131,3,0.039,0,1,14.42,0,1,1
pay_Zom3092879,252,netbanking,none,1,184,25,0.017,0,1,7.29,0,0,0
pay_Zom9374022,2059,upi,none,0,2,0,0.1,0,1,4.06,0,0,0
pay_Zom8650368,252,card,mastercard,0,106,11,0.155,0,1,0.71,0,0,0
pay_Zom7946668,252,upi,none,0,500,71,0.062,0,1,7.44,0,0,0
pay_Zom7885148,252,upi,none,0,352,46,0.077,0,1,3.26,0,0,0
pay_Zom6901033,2059,card,mastercard,0,214,16,0.045,1,1,2.1,0,0,0
pay_Zom6909123,2059,upi,none,0,13,1,0.004,0,1,2.43,0,0,0
pay_Zom8144563,252,card,rupay,1,614,103,0.049,1,1,11.63,0,1,1
pay_Zom9777333,252,upi,none,0,112,13,0.094,0,1,0.04,0,0,0
pay_Zom6634235,252,upi,none,0,30,3,0.021,0,1,4.85,0,0,0
pay_Zom2902200,2059,upi,none,1,134,21,0.174,0,1,5.03,0,0,0
pay_Zom3949666,2059,upi,none,0,232,35,0.056,1,1,0.35,0,0,0
pay_Zom8697782,2059,upi,none,0,14,1,0.146,0,1,11.86,0,0,0
pay_Zom8187084,252,card,visa,0,297,53,0.103,0,1,2.39,0,0,0
pay_Zom7259939,3360,card,rupay,0,303,7,0.003,0,1,4.4,0,1,1
pay_Zom3967808,3360,upi,none,0,1,0,0.117,0,1,1.95,1,0,1
pay_Zom3728933,2059,card,rupay,1,276,16,0.064,0,1,1.33,0,0,0
pay_Zom8312788,252,netbanking,none,0,352,31,0.048,0,1,2.95,0,0,0
pay_Zom7401570,252,upi,none,0,4,0,0.239,0,1,7.79,0,0,0
pay_Zom5781975,252,upi,none,1,41,2,0.103,0,1,3.58,0,0,0
pay_Zom8339925,252,upi,none,1,56,3,0.306,0,1,3.7,0,1,1
pay_Zom5752118,252,card,mastercard,0,51,6,0.078,0,1,1.33,0,0,0
pay_Zom2664720,2059,card,rupay,1,170,22,0.09,0,1,0.93,0,0,0
pay_Zom2470022,2059,card,amex,0,53,1,0.161,0,1,3.46,0,0,0
pay_Zom2741677,3360,netbanking,none,0,376,34,0.083,0,1,0.55,0,0,0
pay_Zom2503875,252,upi,none,0,635,62,0.185,0,1,2.07,0,0,0
pay_Zom1275590,252,upi,none,0,45,2,0.059,1,1,1.01,0,0,0
pay_Zom7900127,2059,upi,none,0,85,9,0.296,1,1,4.28,0,1,1
pay_Zom2739382,252,upi,none,0,97,4,0.207,0,1,2.68,0,0,0
pay_Zom9328292,252,upi,none,0,103,7,0.044,0,1,0.37,0,0,0
pay_Zom2672723,3360,card,rupay,0,56,7,0.091,0,1,2.87,0,0,0
pay_Zom8450817,2059,upi,none,0,21,3,0.037,0,2,3.22,0,1,1
pay_Zom9445004,252,upi,none,1,6,0,0.234,0,2,1.2,0,0,0
pay_Zom1547533,2059,card,mastercard,1,13,0,0.142,0,1,1.41,0,0,0
pay_Zom5863789,2059,upi,none,0,277,35,0.095,0,1,7.27,0,0,0
pay_Zom8057182,2059,upi,none,1,39,6,0.223,0,1,0.42,0,0,0
pay_Zom4554607,2059,upi,none,0,9,0,0.414,0,1,12.05,0,1,1
pay_Zom4739295,252,upi,none,0,117,11,0.089,0,1,0.84,0,0,0
pay_Zom8627423,2059,netbanking,none,0,9,1,0.061,0,1,0.97,0,0,0
pay_Zom7393458,252,upi,none,0,8,0,0.026,0,1,1.74,0,0,0
pay_Zom2921009,252,card,mastercard,1,116,17,0.113,0,1,10.35,0,0,0
pay_Zom4280956,3360,upi,none,1,107,13,0.069,0,1,7.92,0,1,1
pay_Zom8878148,252,upi,none,0,5,0,0.025,1,1,4.8,0,0,0
pay_Zom3087766,2059,upi,none,0,74,4,0.226,0,1,5.54,0,0,0
pay_Zom6882321,2059,upi,none,0,68,8,0.059,0,1,2.58,0,0,0
pay_Zom8783741,3360,upi,none,0,94,8,0.053,0,1,8.24,0,0,0
pay_Zom7927895,2059,upi,none,1,160,13,0.145,0,1,0.48,0,0,0
pay_Zom7640565,252,upi,none,0,39,0,0.05,1,1,2.73,0,0,0
pay_Zom1127592,252,upi,none,0,68,10,0.094,1,1,6.03,0,0,0
pay_Zom7285479,252,upi,none,1,188,30,0.074,0,1,2.95,0,1,1
pay_Zom4757032,252,upi,none,0,306,28,0.288,0,1,5.9,0,1,1
pay_Zom9515457,252,upi,none,1,266,35,0.176,0,1,0.64,0,1,1
pay_Zom5758092,252,upi,none,0,77,3,0.016,0,1,0.14,0,0,0
pay_Zom5489736,2059,netbanking,none,0,88,8,0.01,0,2,2.86,0,0,0
pay_Zom5437558,3360,netbanking,none,0,90,8,0.217,1,1,4.18,0,0,0
pay_Zom6157260,2059,card,rupay,0,243,30,0.162,0,1,2.84,0,0,0
pay_Zom7957788,2059,card,amex,1,219,20,0.048,0,1,1.58,0,0,0
pay_Zom5052611,252,upi,none,0,44,4,0.081,0,1,4.49,0,0,0
pay_Zom1069752,252,upi,none,1,21,1,0.151,0,1,9.32,0,0,0
pay_Zom7955106,252,card,amex,0,57,1,0.26,0,1,2.95,0,0,0
pay_Zom1548189,2059,upi,none,1,40,6,0.156,0,1,0.65,0,0,0
pay_Zom1260551,252,upi,none,1,361,7,0.168,0,1,2.58,0,0,0
pay_Zom1440348,2059,card,mastercard,0,37,2,0.086,0,1,4.86,0,0,0
pay_Zom3573211,252,upi,none,0,23,2,0.137,0,1,0.77,0,0,0
pay_Zom7281485,252,upi,none,1,275,19,0.028,0,2,2.05,0,1,1
pay_Zom9706758,252,upi,none,0,10,1,0.03,0,1,3.86,0,0,0
pay_Zom6326278,252,upi,none,1,36,3,0.012,1,1,0.29,0,0,0
pay_Zom6621876,252,card,amex,0,69,4,0.124,0,1,0.8,0,0,0
pay_Zom3859017,2059,upi,none,1,108,3,0.119,0,1,4.47,0,0,0
pay_Zom8214533,2059,netbanking,none,0,47,1,0.086,1,1,1.31,0,0,0
pay_Zom5057252,252,card,amex,1,82,8,0.352,1,2,0.34,0,1,1
pay_Zom7565971,2059,upi,none,0,26,4,0.038,0,2,4.78,0,0,0
pay_Zom4232305,252,upi,none,1,102,3,0.131,0,1,0.82,0,0,0
pay_Zom7598776,3360,upi,none,0,62,7,0.089,0,1,0.38,0,0,0
pay_Zom1865385,252,netbanking,none,0,227,33,0.165,0,1,3.43,0,0,0
pay_Zom8199144,2059,upi,none,1,64,4,0.102,0,1,8.44,0,0,0
pay_Zom3162087,252,card,visa,1,70,8,0.002,1,1,2.27,0,0,0
pay_Zom7550021,252,upi,none,1,107,13,0.153,0,1,0.89,0,0,0
pay_Zom3914492,252,upi,none,0,15,1,0.266,0,1,3.05,0,1,1
pay_Zom7763214,252,netbanking,none,0,20,3,0.024,0,2,3.53,0,0,0
pay_Zom6337250,252,upi,none,0,187,15,0.072,0,1,9.73,0,0,0
pay_Zom9678469,252,card,visa,0,38,2,0.304,0,1,12.08,0,1,1
pay_Zom3658243,3360,upi,none,0,138,14,0.044,0,3,1.47,0,1,1
pay_Zom8338380,2059,card,amex,0,12,0,0.15,1,1,4.66,0,1,1
pay_Zom4875025,2059,card,amex,1,207,15,0.03,0,1,6.91,0,0,0
pay_Zom2670640,2059,card,visa,0,533,85,0.165,0,1,3.55,0,0,0
pay_Zom3119470,3360,upi,none,1,56,5,0.008,0,2,6.67,0,1,1
pay_Zom9460029,252,upi,none,0,84,7,0.267,0,1,2.58,0,1,1
pay_Zom2985964,252,upi,none,1,70,4,0.017,1,1,3.2,0,0,0
pay_Zom7576872,2059,upi,none,0,269,16,0.191,0,1,0.37,0,0,0
pay_Zom5365936,2059,upi,none,1,1,0,0.054,0,1,1.68,0,0,0
pay_Zom3668469,252,upi,none,0,127,19,0.119,1,1,0.05,0,0,0
pay_Zom6409052,252,upi,none,1,126,22,0.275,0,2,4.8,0,1,1
pay_Zom4418568,252,card,visa,0,57,6,0.087,0,1,1.79,0,0,0
pay_Zom2564549,3360,card,visa,0,29,0,0.105,0,1,8.02,0,0,0
pay_Zom2564733,252,netbanking,none,0,32,4,0.054,0,1,0.38,0,0,0
pay_Zom1430171,3360,upi,none,0,193,30,0.146,0,1,0.08,0,0,0
pay_Zom8338707,3360,upi,none,1,8,1,0.015,0,1,1.65,0,0,0
pay_Zom1193577,2059,upi,none,0,99,11,0.24,0,1,12.71,0,0,0
pay_Zom3567729,252,upi,none,1,43,4,0.008,0,1,12.31,0,0,0
pay_Zom1466714,252,upi,none,0,36,4,0.197,2,1,3.98,0,0,0
pay_Zom2321583,252,netbanking,none,1,84,1,0.238,0,1,1.02,0,0,0
pay_Zom7415688,252,upi,none,1,273,34,0.167,0,1,2.29,0,0,0
pay_Zom1424293,2059,upi,none,0,115,15,0.034,0,1,13.02,0,0,0
pay_Zom3190232,252,upi,none,0,186,25,0.076,0,1,5.61,0,0,0
pay_Zom8611927,252,upi,none,0,110,12,0.059,0,1,3.86,0,0,0
pay_Zom7008279,252,upi,none,0,143,18,0.069,0,1,9.25,0,0,0
pay_Zom4129876,3360,upi,none,0,67,8,0.106,0,1,4.15,0,0,0
pay_Zom5021865,252,upi,none,0,312,12,0.005,0,1,1.23,0,0,0
pay_Zom4720435,3360,upi,none,0,83,13,0.058,1,1,2.9,0,0,0
pay_Zom5981533,252,upi,none,0,96,11,0.055,0,1,1.09,0,0,0
pay_Zom4251909,252,upi,none,0,89,12,0.317,0,1,2.93,0,0,0
pay_Zom9982810,252,upi,none,0,45,3,0.02,0,2,11.43,0,1,1
pay_Zom5114686,252,upi,none,0,31,5,0.339,0,2,2.47,0,1,1
pay_Zom7343582,2059,netbanking,none,0,9,0,0.029,0,1,2.47,0,0,0
pay_Zom5370124,252,upi,none,0,151,19,0.193,0,3,1.16,0,0,0
pay_Zom1868201,252,upi,none,0,40,6,0.023,0,1,0.89,0,0,0
pay_Zom5613144,2059,card,mastercard,1,59,9,0.076,0,1,0.41,0,0,0
pay_Zom2391894,2059,upi,none,0,302,37,0.089,1,2,3.79,0,0,0
pay_Zom3412052,2059,card,mastercard,1,100,4,0.041,0,1,2.92,0,0,0
pay_Zom1388238,252,netbanking,none,0,12,2,0.202,0,1,2.53,0,0,0
pay_Zom2735086,252,upi,none,0,192,34,0.105,1,1,9.65,0,0,0
pay_Zom2861122,3360,card,visa,0,35,1,0.225,0,1,3.59,1,0,1
pay_Zom8702884,2059,upi,none,0,96,8,0.066,1,1,1.56,0,0,0
pay_Zom3058301,3360,upi,none,1,85,9,0.018,0,1,1.04,0,1,1
pay_Zom2796448,252,card,visa,0,32,1,0.362,0,1,2.27,0,1,1
pay_Zom3379602,2059,netbanking,none,1,14,0,0.081,0,1,1.37,0,1,1
pay_Zom5738943,2059,card,visa,0,28,2,0.094,0,1,1.45,0,0,0
pay_Zom5395541,252,upi,none,0,12,2,0.033,0,1,4.11,0,1,1
pay_Zom4030429,2059,upi,none,0,38,0,0.115,0,1,1.2,0,0,0
pay_Zom2556542,2059,upi,none,0,709,117,0.174,1,1,0.05,0,0,0
pay_Zom2298244,252,upi,none,0,61,9,0.004,0,1,1.51,0,0,0
pay_Zom9292055,252,netbanking,none,0,239,37,0.146,0,1,9.41,0,0,0
pay_Zom7063240,2059,upi,none,1,95,7,0.097,0,1,3.76,0,0,0
pay_Zom4489198,252,upi,none,1,131,12,0.007,0,1,2.54,0,0,0
pay_Zom7556539,252,upi,none,0,20,1,0.008,0,1,2.04,0,0,0
pay_Zom2688991,252,upi,none,0,38,6,0.152,0,1,6.55,0,0,0
pay_Zom9238233,252,card,mastercard,0,85,8,0.001,0,1,0.46,0,0,0
pay_Zom1368376,3360,upi,none,0,255,8,0.066,0,1,1.29,0,0,0
pay_Zom7941491,252,card,mastercard,1,5,0,0.07,0,1,2.93,0,0,0
pay_Zom2234399,252,upi,none,0,84,7,0.087,0,1,3.83,0,0,0
pay_Zom9162405,3360,upi,none,1,6,1,0.007,0,2,1.34,1,0,1
pay_Zom2280314,252,card,amex,1,73,8,0.346,0,2,5.73,0,1,1
pay_Zom4528180,252,upi,none,0,118,15,0.199,1,1,1.35,0,0,0
pay_Zom8044872,2059,upi,none,0,163,5,0.31,0,1,0.11,0,1,1
pay_Zom7295723,252,card,rupay,0,17,2,0.148,0,3,2.49,0,0,0
pay_Zom6261082,252,upi,none,0,21,2,0.02,2,1,18.64,0,0,0
pay_Zom8564486,2059,upi,none,0,76,12,0.22,0,1,1.41,0,0,0
pay_Zom3702870,2059,card,amex,1,747,68,0.183,0,1,1.33,0,0,0
pay_Zom4016651,2059,netbanking,none,0,52,6,0.241,0,1,2.34,0,0,0
pay_Zom6012276,3360,upi,none,1,66,6,0.324,0,1,0.69,0,1,1
pay_Zom1170125,2059,card,rupay,1,67,2,0.077,0,1,3.22,0,0,0
pay_Zom3997703,2059,upi,none,1,10,0,0.045,1,1,1.91,0,1,1
pay_Zom1527651,2059,upi,none,0,178,5,0.183,0,2,1.8,0,0,0
pay_Zom2966409,252,upi,none,1,35,3,0.17,1,6,4.24,0,1,1
pay_Zom6751404,252,netbanking,none,0,145,17,0.074,0,1,0.72,0,0,0
pay_Zom6818065,2059,upi,none,0,77,4,0.019,0,1,23.15,0,0,0
pay_Zom9118679,252,upi,none,1,113,11,0.049,0,1,2.77,0,0,0
pay_Zom1084130,252,upi,none,1,6,0,0.063,0,2,0.69,0,1,1
pay_Zom3657314,252,netbanking,none,0,264,27,0.149,0,1,0.3,0,0,0
pay_Zom9753488,252,upi,none,1,33,1,0.07,1,1,4.9,0,0,0
pay_Zom5269818,252,upi,none,0,133,14,0.094,0,1,0.92,0,0,0
pay_Zom3040002,2059,card,rupay,0,191,14,0.19,0,1,4.71,0,0,0
pay_Zom4235406,3360,upi,none,0,93,6,0.071,0,2,4.46,0,0,0
pay_Zom1495854,2059,upi,none,0,49,5,0.017,0,1,20.09,0,0,0
pay_Zom9991819,2059,upi,none,0,457,19,0.023,0,1,0.33,0,0,0
pay_Zom1386516,252,netbanking,none,0,39,6,0.087,1,1,2.8,0,0,0
pay_Zom9690512,252,netbanking,none,0,356,60,0.104,0,1,4.18,0,0,0
pay_Zom9585651,252,upi,none,0,20,2,0.1,0,1,0.75,0,0,0
pay_Zom3555942,2059,upi,none,0,59,4,0.374,0,1,5.27,0,1,1
pay_Zom4629021,252,upi,none,0,17,2,0.057,0,1,2.55,0,0,0
pay_Zom7121849,252,upi,none,0,0,0,0.112,0,1,1.64,0,0,0
pay_Zom2925830,2059,card,rupay,0,36,2,0.141,0,1,1.58,0,0,0
pay_Zom4639947,252,upi,none,0,10,0,0.106,1,1,1.59,0,0,0
pay_Zom1494887,3360,card,amex,0,515,24,0.123,0,1,5.22,0,0,0
pay_Zom6495204,2059,card,mastercard,0,172,9,0.024,0,1,11.33,0,0,0
pay_Zom3324735,252,card,mastercard,0,0,0,0.274,0,1,3.73,0,1,1
pay_Zom4686979,252,netbanking,none,1,30,4,0.148,0,1,0.87,0,0,0
pay_Zom2399937,2059,upi,none,0,133,10,0.052,0,1,0.45,0,0,0
pay_Zom3123664,252,upi,none,0,61,2,0.244,0,1,0.31,0,0,0
pay_Zom5489424,252,card,mastercard,0,213,4,0.003,0,1,2.91,0,0,0
pay_Zom5591361,252,card,mastercard,0,84,7,0.012,0,1,7.66,0,0,0
pay_Zom9079485,3360,upi,none,0,127,7,0.151,1,2,1.85,0,0,0
pay_Zom4342651,252,card,amex,1,109,7,0.038,0,1,0.57,0,0,0
pay_Zom2542997,3360,upi,none,0,121,7,0.063,0,1,2.06,0,0,0
pay_Zom6847755,2059,upi,none,0,31,3,0.056,1,1,5.52,0,0,0
pay_Zom5937884,252,upi,none,0,56,6,0.312,0,1,5.28,0,1,1
pay_Zom8835693,2059,netbanking,none,0,6,0,0.328,1,1,1.77,0,1,1
pay_Zom9318172,252,upi,none,1,106,13,0.044,0,1,2.3,0,0,0
pay_Zom8315906,252,upi,none,0,73,3,0.013,0,1,3.49,0,0,0
pay_Zom9600949,2059,netbanking,none,0,171,23,0.098,0,1,2.51,0,0,0
pay_Zom7709915,2059,card,visa,0,27,1,0.053,0,1,0.98,0,0,0
